regione,fascicolo,annata,stato,anno_copertina,tipo_copertina,tipo_edizione,colore_esadecimale
Abruzzo,Chieti - L'Aquila - Pescara - Teramo,81/82,pubblicato,81,Copertina 81 verde,ordinaria,#92D050
Abruzzo,Chieti - L'Aquila - Pescara - Teramo,82/83,pubblicato,82,Copertina 82 rossa,ordinaria,#FF0000
Abruzzo,Chieti - L'Aquila - Pescara - Teramo,83/84,pubblicato,83,Copertina 83 azzurra,ordinaria,#00B0F0
Abruzzo,Chieti - L'Aquila - Pescara - Teramo,84/85,pubblicato,84,Copertina 84 verde,ordinaria,#92D050
Abruzzo,Chieti - L'Aquila - Pescara - Teramo,85/86,pubblicato,85,Copertina 85 rossa,ordinaria,#FF0000
Abruzzo,Chieti - L'Aquila - Pescara - Teramo,86/87,pubblicato,86,Copertina 86 azzurra,ordinaria,#00B0F0
Abruzzo,Chieti - L'Aquila - Pescara - Teramo,87/88,pubblicato,87,Copertina 87 verde,ordinaria,#92D050
Abruzzo,Chieti - L'Aquila - Pescara - Teramo,88/89,non_pubblicato,,,ordinaria,
Abruzzo,Chieti - L'Aquila - Pescara - Teramo,89/90,non_pubblicato,,,ordinaria,
Abruzzo,Chieti - L'Aquila - Pescara - Teramo,90/91,non_pubblicato,,,ordinaria,
Abruzzo,Chieti - L'Aquila - Pescara - Teramo,91/92,non_pubblicato,,,ordinaria,
Abruzzo,Chieti - L'Aquila - Pescara - Teramo,92/93,non_pubblicato,,,ordinaria,
Abruzzo,Chieti - L'Aquila - Pescara - Teramo,93/94,non_pubblicato,,,ordinaria,
Abruzzo,Chieti - L'Aquila - Pescara - Teramo,94/95,non_pubblicato,,,ordinaria,
Abruzzo,Chieti - L'Aquila - Pescara - Teramo,95/96,non_pubblicato,,,ordinaria,
Abruzzo,Chieti - L'Aquila - Pescara - Teramo,96/97,non_pubblicato,,,ordinaria,
Abruzzo,Chieti - L'Aquila - Pescara - Teramo,97/98,non_pubblicato,,,ordinaria,
Abruzzo,Chieti - L'Aquila - Pescara - Teramo,98/99,non_pubblicato,,,ordinaria,
Abruzzo,Chieti - L'Aquila - Pescara - Teramo,99/00,non_pubblicato,,,ordinaria,
Abruzzo,Chieti - L'Aquila - Pescara - Teramo,00/01,non_pubblicato,,,ordinaria,
Abruzzo,Chieti - L'Aquila - Pescara - Teramo,01/02,non_pubblicato,,,ordinaria,
Abruzzo,Chieti - L'Aquila - Pescara - Teramo,02/03,non_pubblicato,,,ordinaria,
Abruzzo,Chieti - L'Aquila - Pescara - Teramo,03/04,non_pubblicato,,,ordinaria,
Abruzzo,Chieti - L'Aquila - Pescara - Teramo,04/05,non_pubblicato,,,ordinaria,
Abruzzo,Chieti - L'Aquila - Pescara - Teramo,05/06,non_pubblicato,,,ordinaria,
Abruzzo,Chieti - L'Aquila - Pescara - Teramo,06/07,non_pubblicato,,,ordinaria,
Abruzzo,Chieti - L'Aquila - Pescara - Teramo,07/08,non_pubblicato,,,ordinaria,
Abruzzo,Chieti - L'Aquila - Pescara - Teramo,08/09,non_pubblicato,,,ordinaria,
Abruzzo,Chieti - L'Aquila - Pescara - Teramo,09/10,non_pubblicato,,,ordinaria,
Abruzzo,Chieti - L'Aquila - Pescara - Teramo,10/11,non_pubblicato,,,ordinaria,
Abruzzo,Chieti - L'Aquila - Pescara - Teramo,11/12,non_pubblicato,,,ordinaria,
Abruzzo,Chieti - L'Aquila - Pescara - Teramo,12/13,non_pubblicato,,,ordinaria,
Abruzzo,Chieti - L'Aquila - Pescara - Teramo,13/14,non_pubblicato,,,ordinaria,
Abruzzo,Chieti - L'Aquila - Pescara - Teramo,14/15,non_pubblicato,,,ordinaria,
Abruzzo,Chieti - Pescara,81/82,non_pubblicato,,,ordinaria,
Abruzzo,Chieti - Pescara,82/83,non_pubblicato,,,ordinaria,
Abruzzo,Chieti - Pescara,83/84,non_pubblicato,,,ordinaria,
Abruzzo,Chieti - Pescara,84/85,non_pubblicato,,,ordinaria,
Abruzzo,Chieti - Pescara,85/86,non_pubblicato,,,ordinaria,
Abruzzo,Chieti - Pescara,86/87,non_pubblicato,,,ordinaria,
Abruzzo,Chieti - Pescara,87/88,non_pubblicato,,,ordinaria,
Abruzzo,Chieti - Pescara,88/89,pubblicato,88,Copertina 88 rossa,ordinaria,#FF0000
Abruzzo,Chieti - Pescara,89/90,pubblicato,89,Copertina 89 azzurra,ordinaria,#00B0F0
Abruzzo,Chieti - Pescara,90/91,pubblicato,90/91,Copertina 90/91 blu,ordinaria,#002060
Abruzzo,Chieti - Pescara,91/92,pubblicato,91,Copertina 91 blu,ordinaria,#002671
Abruzzo,Chieti - Pescara,92/93,pubblicato,92,Copertina 92 beige,ordinaria,#DDD9C3
Abruzzo,Chieti - Pescara,93/94,pubblicato,93,Copertina 93 beige,ordinaria,#C4BC96
Abruzzo,Chieti - Pescara,94/95,pubblicato,94,Copertina 94 beige,ordinaria,#C4BC96
Abruzzo,Chieti - Pescara,95/96,pubblicato,95,Copertina 95 beige,ordinaria,#C4BC96
Abruzzo,Chieti - Pescara,96/97,pubblicato,96,Copertina 96 beige,ordinaria,#C4BC96
Abruzzo,Chieti - Pescara,97/98,pubblicato,97,Copertina 97 beige,ordinaria,#C4BC96
Abruzzo,Chieti - Pescara,98/99,non_pubblicato,,,ordinaria,
Abruzzo,Chieti - Pescara,99/00,non_pubblicato,,,ordinaria,
Abruzzo,Chieti - Pescara,00/01,non_pubblicato,,,ordinaria,
Abruzzo,Chieti - Pescara,01/02,non_pubblicato,,,ordinaria,
Abruzzo,Chieti - Pescara,02/03,non_pubblicato,,,ordinaria,
Abruzzo,Chieti - Pescara,03/04,non_pubblicato,,,ordinaria,
Abruzzo,Chieti - Pescara,04/05,non_pubblicato,,,ordinaria,
Abruzzo,Chieti - Pescara,05/06,non_pubblicato,,,ordinaria,
Abruzzo,Chieti - Pescara,06/07,non_pubblicato,,,ordinaria,
Abruzzo,Chieti - Pescara,07/08,non_pubblicato,,,ordinaria,
Abruzzo,Chieti - Pescara,08/09,non_pubblicato,,,ordinaria,
Abruzzo,Chieti - Pescara,09/10,non_pubblicato,,,ordinaria,
Abruzzo,Chieti - Pescara,10/11,non_pubblicato,,,ordinaria,
Abruzzo,Chieti - Pescara,11/12,non_pubblicato,,,ordinaria,
Abruzzo,Chieti - Pescara,12/13,non_pubblicato,,,ordinaria,
Abruzzo,Chieti - Pescara,13/14,non_pubblicato,,,ordinaria,
Abruzzo,Chieti - Pescara,14/15,non_pubblicato,,,ordinaria,
Abruzzo,L'Aquila - Teramo,81/82,non_pubblicato,,,ordinaria,
Abruzzo,L'Aquila - Teramo,82/83,non_pubblicato,,,ordinaria,
Abruzzo,L'Aquila - Teramo,83/84,non_pubblicato,,,ordinaria,
Abruzzo,L'Aquila - Teramo,84/85,non_pubblicato,,,ordinaria,
Abruzzo,L'Aquila - Teramo,85/86,non_pubblicato,,,ordinaria,
Abruzzo,L'Aquila - Teramo,86/87,non_pubblicato,,,ordinaria,
Abruzzo,L'Aquila - Teramo,87/88,non_pubblicato,,,ordinaria,
Abruzzo,L'Aquila - Teramo,88/89,pubblicato,88,Copertina 88 rossa,ordinaria,#FF0000
Abruzzo,L'Aquila - Teramo,89/90,pubblicato,89,Copertina 89 azzurra,ordinaria,#00B0F0
Abruzzo,L'Aquila - Teramo,90/91,pubblicato,90/91,Copertina 90/91 blu,ordinaria,#002060
Abruzzo,L'Aquila - Teramo,91/92,pubblicato,91,Copertina 91 blu,ordinaria,#002671
Abruzzo,L'Aquila - Teramo,92/93,pubblicato,92,Copertina 92 beige,ordinaria,#DDD9C3
Abruzzo,L'Aquila - Teramo,93/94,pubblicato,93,Copertina 93 beige,ordinaria,#C4BC96
Abruzzo,L'Aquila - Teramo,94/95,pubblicato,94,Copertina 94 beige,ordinaria,#C4BC96
Abruzzo,L'Aquila - Teramo,95/96,pubblicato,95,Copertina 95 beige,ordinaria,#C4BC96
Abruzzo,L'Aquila - Teramo,96/97,pubblicato,96,Copertina 96 beige,ordinaria,#C4BC96
Abruzzo,L'Aquila - Teramo,97/98,pubblicato,97,Copertina 97 beige,ordinaria,#C4BC96
Abruzzo,L'Aquila - Teramo,98/99,non_pubblicato,,,ordinaria,
Abruzzo,L'Aquila - Teramo,99/00,non_pubblicato,,,ordinaria,
Abruzzo,L'Aquila - Teramo,00/01,non_pubblicato,,,ordinaria,
Abruzzo,L'Aquila - Teramo,01/02,non_pubblicato,,,ordinaria,
Abruzzo,L'Aquila - Teramo,02/03,non_pubblicato,,,ordinaria,
Abruzzo,L'Aquila - Teramo,03/04,non_pubblicato,,,ordinaria,
Abruzzo,L'Aquila - Teramo,04/05,non_pubblicato,,,ordinaria,
Abruzzo,L'Aquila - Teramo,05/06,non_pubblicato,,,ordinaria,
Abruzzo,L'Aquila - Teramo,06/07,non_pubblicato,,,ordinaria,
Abruzzo,L'Aquila - Teramo,07/08,non_pubblicato,,,ordinaria,
Abruzzo,L'Aquila - Teramo,08/09,non_pubblicato,,,ordinaria,
Abruzzo,L'Aquila - Teramo,09/10,non_pubblicato,,,ordinaria,
Abruzzo,L'Aquila - Teramo,10/11,non_pubblicato,,,ordinaria,
Abruzzo,L'Aquila - Teramo,11/12,non_pubblicato,,,ordinaria,
Abruzzo,L'Aquila - Teramo,12/13,non_pubblicato,,,ordinaria,
Abruzzo,L'Aquila - Teramo,13/14,non_pubblicato,,,ordinaria,
Abruzzo,L'Aquila - Teramo,14/15,non_pubblicato,,,ordinaria,
Basilicata,Matera - Potenza,81/82,pubblicato,81,Copertina 81 verde,ordinaria,#92D050
Basilicata,Matera - Potenza,82/83,pubblicato,82,Copertina 82 rossa,ordinaria,#FF0000
Basilicata,Matera - Potenza,83/84,pubblicato,83,Copertina 83 azzurra,ordinaria,#00B0F0
Basilicata,Matera - Potenza,84/85,pubblicato,84,Copertina 84 verde,ordinaria,#92D050
Basilicata,Matera - Potenza,85/86,pubblicato,86,Copertina 86 rossa,ordinaria,#FF0000
Basilicata,Matera - Potenza,86/87,pubblicato,87,Copertina 87 azzurra,ordinaria,#00B0F0
Basilicata,Matera - Potenza,87/88,pubblicato,88,Copertina 88 verde,ordinaria,#92D050
Basilicata,Matera - Potenza,88/89,pubblicato,89,Copertina 89 rossa,ordinaria,#FF0000
Basilicata,Matera - Potenza,89/90,pubblicato,90,Copertina 90 azzurra,ordinaria,#00B0F0
Basilicata,Matera - Potenza,90/91,pubblicato,91,Copertina 1991 blu,ordinaria,#002060
Basilicata,Matera - Potenza,91/92,pubblicato,92,Copertina 92 blu,ordinaria,#002671
Basilicata,Matera - Potenza,92/93,pubblicato,93,Copertina 93 beige,ordinaria,#DDD9C3
Basilicata,Matera - Potenza,93/94,pubblicato,94,Copertina 94 beige,ordinaria,#C4BC96
Basilicata,Matera - Potenza,94/95,pubblicato,95,Copertina 95 beige,ordinaria,#C4BC96
Basilicata,Matera - Potenza,95/96,pubblicato,96,Copertina 96 beige,ordinaria,#C4BC96
Basilicata,Matera - Potenza,96/97,pubblicato,97,Copertina 97 beige,ordinaria,#C4BC96
Basilicata,Matera - Potenza,97/98,pubblicato,98,Copertina 98 beige,ordinaria,#C4BC96
Basilicata,Matera - Potenza,98/99,non_pubblicato,,,ordinaria,
Basilicata,Matera - Potenza,99/00,non_pubblicato,,,ordinaria,
Basilicata,Matera - Potenza,00/01,non_pubblicato,,,ordinaria,
Basilicata,Matera - Potenza,01/02,non_pubblicato,,,ordinaria,
Basilicata,Matera - Potenza,02/03,non_pubblicato,,,ordinaria,
Basilicata,Matera - Potenza,03/04,non_pubblicato,,,ordinaria,
Basilicata,Matera - Potenza,04/05,non_pubblicato,,,ordinaria,
Basilicata,Matera - Potenza,05/06,non_pubblicato,,,ordinaria,
Basilicata,Matera - Potenza,06/07,non_pubblicato,,,ordinaria,
Basilicata,Matera - Potenza,07/08,non_pubblicato,,,ordinaria,
Basilicata,Matera - Potenza,08/09,non_pubblicato,,,ordinaria,
Basilicata,Matera - Potenza,09/10,non_pubblicato,,,ordinaria,
Basilicata,Matera - Potenza,10/11,non_pubblicato,,,ordinaria,
Basilicata,Matera - Potenza,11/12,non_pubblicato,,,ordinaria,
Basilicata,Matera - Potenza,12/13,non_pubblicato,,,ordinaria,
Basilicata,Matera - Potenza,13/14,non_pubblicato,,,ordinaria,
Basilicata,Matera - Potenza,14/15,non_pubblicato,,,ordinaria,
Calabria,Catanzaro - Cosenza - Reggio Calabria,81/82,pubblicato,82,Copertina 82 verde,ordinaria,#92D050
Calabria,Catanzaro - Cosenza - Reggio Calabria,82/83,pubblicato,83,Copertina 83 rossa,ordinaria,#FF0000
Calabria,Catanzaro - Cosenza - Reggio Calabria,83/84,pubblicato,84,Copertina 84 azzurra,ordinaria,#00B0F0
Calabria,Catanzaro - Cosenza - Reggio Calabria,84/85,non_pubblicato,,,ordinaria,
Calabria,Catanzaro - Cosenza - Reggio Calabria,85/86,non_pubblicato,,,ordinaria,
Calabria,Catanzaro - Cosenza - Reggio Calabria,86/87,non_pubblicato,,,ordinaria,
Calabria,Catanzaro - Cosenza - Reggio Calabria,87/88,non_pubblicato,,,ordinaria,
Calabria,Catanzaro - Cosenza - Reggio Calabria,88/89,non_pubblicato,,,ordinaria,
Calabria,Catanzaro - Cosenza - Reggio Calabria,89/90,non_pubblicato,,,ordinaria,
Calabria,Catanzaro - Cosenza - Reggio Calabria,90/91,non_pubblicato,,,ordinaria,
Calabria,Catanzaro - Cosenza - Reggio Calabria,91/92,non_pubblicato,,,ordinaria,
Calabria,Catanzaro - Cosenza - Reggio Calabria,92/93,non_pubblicato,,,ordinaria,
Calabria,Catanzaro - Cosenza - Reggio Calabria,93/94,non_pubblicato,,,ordinaria,
Calabria,Catanzaro - Cosenza - Reggio Calabria,94/95,non_pubblicato,,,ordinaria,
Calabria,Catanzaro - Cosenza - Reggio Calabria,95/96,non_pubblicato,,,ordinaria,
Calabria,Catanzaro - Cosenza - Reggio Calabria,96/97,non_pubblicato,,,ordinaria,
Calabria,Catanzaro - Cosenza - Reggio Calabria,97/98,non_pubblicato,,,ordinaria,
Calabria,Catanzaro - Cosenza - Reggio Calabria,98/99,non_pubblicato,,,ordinaria,
Calabria,Catanzaro - Cosenza - Reggio Calabria,99/00,non_pubblicato,,,ordinaria,
Calabria,Catanzaro - Cosenza - Reggio Calabria,00/01,non_pubblicato,,,ordinaria,
Calabria,Catanzaro - Cosenza - Reggio Calabria,01/02,non_pubblicato,,,ordinaria,
Calabria,Catanzaro - Cosenza - Reggio Calabria,02/03,non_pubblicato,,,ordinaria,
Calabria,Catanzaro - Cosenza - Reggio Calabria,03/04,non_pubblicato,,,ordinaria,
Calabria,Catanzaro - Cosenza - Reggio Calabria,04/05,non_pubblicato,,,ordinaria,
Calabria,Catanzaro - Cosenza - Reggio Calabria,05/06,non_pubblicato,,,ordinaria,
Calabria,Catanzaro - Cosenza - Reggio Calabria,06/07,non_pubblicato,,,ordinaria,
Calabria,Catanzaro - Cosenza - Reggio Calabria,07/08,non_pubblicato,,,ordinaria,
Calabria,Catanzaro - Cosenza - Reggio Calabria,08/09,non_pubblicato,,,ordinaria,
Calabria,Catanzaro - Cosenza - Reggio Calabria,09/10,non_pubblicato,,,ordinaria,
Calabria,Catanzaro - Cosenza - Reggio Calabria,10/11,non_pubblicato,,,ordinaria,
Calabria,Catanzaro - Cosenza - Reggio Calabria,11/12,non_pubblicato,,,ordinaria,
Calabria,Catanzaro - Cosenza - Reggio Calabria,12/13,non_pubblicato,,,ordinaria,
Calabria,Catanzaro - Cosenza - Reggio Calabria,13/14,non_pubblicato,,,ordinaria,
Calabria,Catanzaro - Cosenza - Reggio Calabria,14/15,non_pubblicato,,,ordinaria,
Calabria,Catanzaro (Catanzaro - Crotone - Vibo Valentia dal 1996),81/82,non_pubblicato,,,ordinaria,
Calabria,Catanzaro (Catanzaro - Crotone - Vibo Valentia dal 1996),82/83,non_pubblicato,,,ordinaria,
Calabria,Catanzaro (Catanzaro - Crotone - Vibo Valentia dal 1996),83/84,non_pubblicato,,,ordinaria,
Calabria,Catanzaro (Catanzaro - Crotone - Vibo Valentia dal 1996),84/85,pubblicato,85,Copertina 85 verde,ordinaria,#92D050
Calabria,Catanzaro (Catanzaro - Crotone - Vibo Valentia dal 1996),85/86,pubblicato,86,Copertina 86 rossa,ordinaria,#FF0000
Calabria,Catanzaro (Catanzaro - Crotone - Vibo Valentia dal 1996),86/87,pubblicato,87,Copertina 87 azzurra,ordinaria,#00B0F0
Calabria,Catanzaro (Catanzaro - Crotone - Vibo Valentia dal 1996),87/88,pubblicato,88,Copertina 88 verde,ordinaria,#92D050
Calabria,Catanzaro (Catanzaro - Crotone - Vibo Valentia dal 1996),88/89,pubblicato,89,Copertina 89 rossa,ordinaria,#FF0000
Calabria,Catanzaro (Catanzaro - Crotone - Vibo Valentia dal 1996),89/90,pubblicato,90,Copertina 1990 blu,ordinaria,#002060
Calabria,Catanzaro (Catanzaro - Crotone - Vibo Valentia dal 1996),90/91,pubblicato,91,Copertina 91 blu,ordinaria,#002671
Calabria,Catanzaro (Catanzaro - Crotone - Vibo Valentia dal 1996),91/92,pubblicato,92,Copertina 92 blu,ordinaria,#002671
Calabria,Catanzaro (Catanzaro - Crotone - Vibo Valentia dal 1996),92/93,pubblicato,93,Copertina 93 beige,ordinaria,#DDD9C3
Calabria,Catanzaro (Catanzaro - Crotone - Vibo Valentia dal 1996),93/94,pubblicato,94,Copertina 94 beige,ordinaria,#C4BC96
Calabria,Catanzaro (Catanzaro - Crotone - Vibo Valentia dal 1996),94/95,pubblicato,95,Copertina 95 beige,ordinaria,#C4BC96
Calabria,Catanzaro (Catanzaro - Crotone - Vibo Valentia dal 1996),95/96,pubblicato,96,Copertina 96 beige,ordinaria,#C4BC96
Calabria,Catanzaro (Catanzaro - Crotone - Vibo Valentia dal 1996),96/97,pubblicato,97,Copertina 97 beige,ordinaria,#C4BC96
Calabria,Catanzaro (Catanzaro - Crotone - Vibo Valentia dal 1996),97/98,pubblicato,98,Copertina grigia,ordinaria,#999999
Calabria,Catanzaro (Catanzaro - Crotone - Vibo Valentia dal 1996),98/99,pubblicato,99,Copertina grigia,ordinaria,#999999
Calabria,Catanzaro (Catanzaro - Crotone - Vibo Valentia dal 1996),99/00,non_pubblicato,,,ordinaria,
Calabria,Catanzaro (Catanzaro - Crotone - Vibo Valentia dal 1996),00/01,non_pubblicato,,,ordinaria,
Calabria,Catanzaro (Catanzaro - Crotone - Vibo Valentia dal 1996),01/02,non_pubblicato,,,ordinaria,
Calabria,Catanzaro (Catanzaro - Crotone - Vibo Valentia dal 1996),02/03,non_pubblicato,,,ordinaria,
Calabria,Catanzaro (Catanzaro - Crotone - Vibo Valentia dal 1996),03/04,non_pubblicato,,,ordinaria,
Calabria,Catanzaro (Catanzaro - Crotone - Vibo Valentia dal 1996),04/05,non_pubblicato,,,ordinaria,
Calabria,Catanzaro (Catanzaro - Crotone - Vibo Valentia dal 1996),05/06,non_pubblicato,,,ordinaria,
Calabria,Catanzaro (Catanzaro - Crotone - Vibo Valentia dal 1996),06/07,non_pubblicato,,,ordinaria,
Calabria,Catanzaro (Catanzaro - Crotone - Vibo Valentia dal 1996),07/08,non_pubblicato,,,ordinaria,
Calabria,Catanzaro (Catanzaro - Crotone - Vibo Valentia dal 1996),08/09,non_pubblicato,,,ordinaria,
Calabria,Catanzaro (Catanzaro - Crotone - Vibo Valentia dal 1996),09/10,non_pubblicato,,,ordinaria,
Calabria,Catanzaro (Catanzaro - Crotone - Vibo Valentia dal 1996),10/11,non_pubblicato,,,ordinaria,
Calabria,Catanzaro (Catanzaro - Crotone - Vibo Valentia dal 1996),11/12,non_pubblicato,,,ordinaria,
Calabria,Catanzaro (Catanzaro - Crotone - Vibo Valentia dal 1996),12/13,non_pubblicato,,,ordinaria,
Calabria,Catanzaro (Catanzaro - Crotone - Vibo Valentia dal 1996),13/14,non_pubblicato,,,ordinaria,
Calabria,Catanzaro (Catanzaro - Crotone - Vibo Valentia dal 1996),14/15,non_pubblicato,,,ordinaria,
Calabria,Cosenza,81/82,non_pubblicato,,,ordinaria,
Calabria,Cosenza,82/83,non_pubblicato,,,ordinaria,
Calabria,Cosenza,83/84,non_pubblicato,,,ordinaria,
Calabria,Cosenza,84/85,pubblicato,85,Copertina 85 verde,ordinaria,#92D050
Calabria,Cosenza,85/86,pubblicato,86,Copertina 86 rossa,ordinaria,#FF0000
Calabria,Cosenza,86/87,pubblicato,87,Copertina 87 azzurra,ordinaria,#00B0F0
Calabria,Cosenza,87/88,pubblicato,88,Copertina 88 verde,ordinaria,#92D050
Calabria,Cosenza,88/89,pubblicato,89,Copertina 89 rossa,ordinaria,#FF0000
Calabria,Cosenza,89/90,pubblicato,90,Copertina 1990 blu,ordinaria,#002060
Calabria,Cosenza,90/91,pubblicato,91,Copertina 91 blu,ordinaria,#002671
Calabria,Cosenza,91/92,pubblicato,92,Copertina 92 blu,ordinaria,#002671
Calabria,Cosenza,92/93,pubblicato,93,Copertina 93 beige,ordinaria,#DDD9C3
Calabria,Cosenza,93/94,pubblicato,94,Copertina 94 beige,ordinaria,#C4BC96
Calabria,Cosenza,94/95,pubblicato,95,Copertina 95 beige,ordinaria,#C4BC96
Calabria,Cosenza,95/96,pubblicato,96,Copertina 96 beige,ordinaria,#C4BC96
Calabria,Cosenza,96/97,pubblicato,97,Copertina 97 beige,ordinaria,#C4BC96
Calabria,Cosenza,97/98,pubblicato,98,Copertina grigia,ordinaria,#999999
Calabria,Cosenza,98/99,probabile_non_confermato,,,ordinaria,
Calabria,Cosenza,99/00,non_pubblicato,,,ordinaria,
Calabria,Cosenza,00/01,non_pubblicato,,,ordinaria,
Calabria,Cosenza,01/02,non_pubblicato,,,ordinaria,
Calabria,Cosenza,02/03,non_pubblicato,,,ordinaria,
Calabria,Cosenza,03/04,non_pubblicato,,,ordinaria,
Calabria,Cosenza,04/05,non_pubblicato,,,ordinaria,
Calabria,Cosenza,05/06,non_pubblicato,,,ordinaria,
Calabria,Cosenza,06/07,non_pubblicato,,,ordinaria,
Calabria,Cosenza,07/08,non_pubblicato,,,ordinaria,
Calabria,Cosenza,08/09,non_pubblicato,,,ordinaria,
Calabria,Cosenza,09/10,non_pubblicato,,,ordinaria,
Calabria,Cosenza,10/11,non_pubblicato,,,ordinaria,
Calabria,Cosenza,11/12,non_pubblicato,,,ordinaria,
Calabria,Cosenza,12/13,non_pubblicato,,,ordinaria,
Calabria,Cosenza,13/14,non_pubblicato,,,ordinaria,
Calabria,Cosenza,14/15,non_pubblicato,,,ordinaria,
Calabria,Reggio Calabria,81/82,non_pubblicato,,,ordinaria,
Calabria,Reggio Calabria,82/83,non_pubblicato,,,ordinaria,
Calabria,Reggio Calabria,83/84,non_pubblicato,,,ordinaria,
Calabria,Reggio Calabria,84/85,pubblicato,85,Copertina 85 verde,ordinaria,#92D050
Calabria,Reggio Calabria,85/86,pubblicato,86,Copertina 86 rossa,ordinaria,#FF0000
Calabria,Reggio Calabria,86/87,pubblicato,87,Copertina 87 azzurra,ordinaria,#00B0F0
Calabria,Reggio Calabria,87/88,pubblicato,88,Copertina 88 verde,ordinaria,#92D050
Calabria,Reggio Calabria,88/89,pubblicato,89,Copertina 89 rossa,ordinaria,#FF0000
Calabria,Reggio Calabria,89/90,pubblicato,90,Copertina 1990 blu,ordinaria,#002060
Calabria,Reggio Calabria,90/91,pubblicato,91,Copertina 91 blu,ordinaria,#002671
Calabria,Reggio Calabria,91/92,pubblicato,92,Copertina 92 blu,ordinaria,#002671
Calabria,Reggio Calabria,92/93,pubblicato,93,Copertina 93 beige,ordinaria,#DDD9C3
Calabria,Reggio Calabria,93/94,pubblicato,94,Copertina 94 beige,ordinaria,#C4BC96
Calabria,Reggio Calabria,94/95,pubblicato,95,Copertina 95 beige,ordinaria,#C4BC96
Calabria,Reggio Calabria,95/96,pubblicato,96,Copertina 96 beige,ordinaria,#C4BC96
Calabria,Reggio Calabria,96/97,pubblicato,97,Copertina 97 beige,ordinaria,#C4BC96
Calabria,Reggio Calabria,97/98,pubblicato,98,Copertina grigia,ordinaria,#999999
Calabria,Reggio Calabria,98/99,probabile_non_confermato,,,ordinaria,
Calabria,Reggio Calabria,99/00,non_pubblicato,,,ordinaria,
Calabria,Reggio Calabria,00/01,non_pubblicato,,,ordinaria,
Calabria,Reggio Calabria,01/02,non_pubblicato,,,ordinaria,
Calabria,Reggio Calabria,02/03,non_pubblicato,,,ordinaria,
Calabria,Reggio Calabria,03/04,non_pubblicato,,,ordinaria,
Calabria,Reggio Calabria,04/05,non_pubblicato,,,ordinaria,
Calabria,Reggio Calabria,05/06,non_pubblicato,,,ordinaria,
Calabria,Reggio Calabria,06/07,non_pubblicato,,,ordinaria,
Calabria,Reggio Calabria,07/08,non_pubblicato,,,ordinaria,
Calabria,Reggio Calabria,08/09,non_pubblicato,,,ordinaria,
Calabria,Reggio Calabria,09/10,non_pubblicato,,,ordinaria,
Calabria,Reggio Calabria,10/11,non_pubblicato,,,ordinaria,
Calabria,Reggio Calabria,11/12,non_pubblicato,,,ordinaria,
Calabria,Reggio Calabria,12/13,non_pubblicato,,,ordinaria,
Calabria,Reggio Calabria,13/14,non_pubblicato,,,ordinaria,
Calabria,Reggio Calabria,14/15,non_pubblicato,,,ordinaria,
Campania,Avellino - Salerno,81/82,pubblicato,81,Copertina 81 verde,ordinaria,#92D050
Campania,Avellino - Salerno,82/83,pubblicato,82,Copertina 82 rossa,ordinaria,#FF0000
Campania,Avellino - Salerno,83/84,pubblicato,83,Copertina 83 azzurra,ordinaria,#00B0F0
Campania,Avellino - Salerno,84/85,pubblicato,84,Copertina 84 verde,ordinaria,#92D050
Campania,Avellino - Salerno,85/86,pubblicato,86,Copertina 86 rossa,ordinaria,#FF0000
Campania,Avellino - Salerno,86/87,pubblicato,87,Copertina 87 azzurra,ordinaria,#00B0F0
Campania,Avellino - Salerno,87/88,pubblicato,88,Copertina 88 verde,ordinaria,#92D050
Campania,Avellino - Salerno,88/89,pubblicato,89,Copertina 89 rossa,ordinaria,#FF0000
Campania,Avellino - Salerno,89/90,pubblicato,90,Copertina 90 azzurra,ordinaria,#00B0F0
Campania,Avellino - Salerno,90/91,pubblicato,91,Copertina 1991 blu,ordinaria,#002060
Campania,Avellino - Salerno,91/92,pubblicato,92,Copertina 92 blu,ordinaria,#002671
Campania,Avellino - Salerno,92/93,pubblicato,93,Copertina 93 beige,ordinaria,#DDD9C3
Campania,Avellino - Salerno,93/94,pubblicato,94,Copertina 94 beige,ordinaria,#C4BC96
Campania,Avellino - Salerno,94/95,pubblicato,95,Copertina 95 beige,ordinaria,#C4BC96
Campania,Avellino - Salerno,95/96,pubblicato,96,Copertina 96 beige,ordinaria,#C4BC96
Campania,Avellino - Salerno,96/97,pubblicato,97,Copertina 97 beige,ordinaria,#C4BC96
Campania,Avellino - Salerno,97/98,pubblicato,98,Copertina 98 beige,ordinaria,#C4BC96
Campania,Avellino - Salerno,98/99,non_pubblicato,,,ordinaria,
Campania,Avellino - Salerno,99/00,non_pubblicato,,,ordinaria,
Campania,Avellino - Salerno,00/01,non_pubblicato,,,ordinaria,
Campania,Avellino - Salerno,01/02,non_pubblicato,,,ordinaria,
Campania,Avellino - Salerno,02/03,non_pubblicato,,,ordinaria,
Campania,Avellino - Salerno,03/04,non_pubblicato,,,ordinaria,
Campania,Avellino - Salerno,04/05,non_pubblicato,,,ordinaria,
Campania,Avellino - Salerno,05/06,non_pubblicato,,,ordinaria,
Campania,Avellino - Salerno,06/07,non_pubblicato,,,ordinaria,
Campania,Avellino - Salerno,07/08,non_pubblicato,,,ordinaria,
Campania,Avellino - Salerno,08/09,non_pubblicato,,,ordinaria,
Campania,Avellino - Salerno,09/10,non_pubblicato,,,ordinaria,
Campania,Avellino - Salerno,10/11,non_pubblicato,,,ordinaria,
Campania,Avellino - Salerno,11/12,non_pubblicato,,,ordinaria,
Campania,Avellino - Salerno,12/13,non_pubblicato,,,ordinaria,
Campania,Avellino - Salerno,13/14,non_pubblicato,,,ordinaria,
Campania,Avellino - Salerno,14/15,non_pubblicato,,,ordinaria,
Campania,Benevento - Caserta,81/82,pubblicato,81,Copertina 81 verde,ordinaria,#92D050
Campania,Benevento - Caserta,82/83,pubblicato,82,Copertina 82 rossa,ordinaria,#FF0000
Campania,Benevento - Caserta,83/84,pubblicato,83,Copertina 83 azzurra,ordinaria,#00B0F0
Campania,Benevento - Caserta,84/85,pubblicato,84,Copertina 84 verde,ordinaria,#92D050
Campania,Benevento - Caserta,85/86,pubblicato,86,Copertina 86 rossa,ordinaria,#FF0000
Campania,Benevento - Caserta,86/87,pubblicato,87,Copertina 87 azzurra,ordinaria,#00B0F0
Campania,Benevento - Caserta,87/88,pubblicato,88,Copertina 88 verde,ordinaria,#92D050
Campania,Benevento - Caserta,88/89,pubblicato,89,Copertina 89 rossa,ordinaria,#FF0000
Campania,Benevento - Caserta,89/90,pubblicato,90,Copertina 90 azzurra,ordinaria,#00B0F0
Campania,Benevento - Caserta,90/91,pubblicato,91,Copertina 1991 blu,ordinaria,#002060
Campania,Benevento - Caserta,91/92,pubblicato,92,Copertina 92 blu,ordinaria,#002671
Campania,Benevento - Caserta,92/93,pubblicato,93,Copertina 93 beige,ordinaria,#DDD9C3
Campania,Benevento - Caserta,93/94,pubblicato,94,Copertina 94 beige,ordinaria,#C4BC96
Campania,Benevento - Caserta,94/95,pubblicato,95,Copertina 95 beige,ordinaria,#C4BC96
Campania,Benevento - Caserta,95/96,pubblicato,96,Copertina 96 beige,ordinaria,#C4BC96
Campania,Benevento - Caserta,96/97,pubblicato,97,Copertina 97 beige,ordinaria,#C4BC96
Campania,Benevento - Caserta,97/98,pubblicato,98,Copertina 98 beige,ordinaria,#C4BC96
Campania,Benevento - Caserta,98/99,non_pubblicato,,,ordinaria,
Campania,Benevento - Caserta,99/00,non_pubblicato,,,ordinaria,
Campania,Benevento - Caserta,00/01,non_pubblicato,,,ordinaria,
Campania,Benevento - Caserta,01/02,non_pubblicato,,,ordinaria,
Campania,Benevento - Caserta,02/03,non_pubblicato,,,ordinaria,
Campania,Benevento - Caserta,03/04,non_pubblicato,,,ordinaria,
Campania,Benevento - Caserta,04/05,non_pubblicato,,,ordinaria,
Campania,Benevento - Caserta,05/06,non_pubblicato,,,ordinaria,
Campania,Benevento - Caserta,06/07,non_pubblicato,,,ordinaria,
Campania,Benevento - Caserta,07/08,non_pubblicato,,,ordinaria,
Campania,Benevento - Caserta,08/09,non_pubblicato,,,ordinaria,
Campania,Benevento - Caserta,09/10,non_pubblicato,,,ordinaria,
Campania,Benevento - Caserta,10/11,non_pubblicato,,,ordinaria,
Campania,Benevento - Caserta,11/12,non_pubblicato,,,ordinaria,
Campania,Benevento - Caserta,12/13,non_pubblicato,,,ordinaria,
Campania,Benevento - Caserta,13/14,non_pubblicato,,,ordinaria,
Campania,Benevento - Caserta,14/15,non_pubblicato,,,ordinaria,
Campania,Napoli e dintorni,81/82,pubblicato,81,Copertina 81 verde,ordinaria,#92D050
Campania,Napoli e dintorni,82/83,pubblicato,82,Copertina 82 rossa,ordinaria,#FF0000
Campania,Napoli e dintorni,83/84,pubblicato,83,Copertina 83 azzurra,ordinaria,#00B0F0
Campania,Napoli e dintorni,84/85,pubblicato,84,Copertina 84 verde,ordinaria,#92D050
Campania,Napoli e dintorni,85/86,pubblicato,86,Copertina 86 edifici,ordinaria,#CCCCCC
Campania,Napoli e dintorni,86/87,pubblicato,87,Copertina 87 edifici,ordinaria,#B8D8F4
Campania,Napoli e dintorni,87/88,pubblicato,88,Copertina 88 edifici,ordinaria,#FFD472
Campania,Napoli e dintorni,88/89,pubblicato,89,Copertina 89 edifici,ordinaria,#D6E3BC
Campania,Napoli e dintorni,89/90,pubblicato,90,Copertina 90 edifici,ordinaria,#8AEBFF
Campania,Napoli e dintorni,90/91,pubblicato,91,Copertina 1991 blu,ordinaria,#002060
Campania,Napoli e dintorni,91/92,pubblicato,92,Copertina 92 blu,ordinaria,#002671
Campania,Napoli e dintorni,92/93,pubblicato,93,Copertina 93 beige,ordinaria,#DDD9C3
Campania,Napoli e dintorni,93/94,pubblicato,94,Copertina 94 beige,ordinaria,#C4BC96
Campania,Napoli e dintorni,94/95,pubblicato,95,Copertina 95 beige,ordinaria,#C4BC96
Campania,Napoli e dintorni,95/96,pubblicato,96,Copertina 96 beige,ordinaria,#C4BC96
Campania,Napoli e dintorni,96/97,pubblicato,97,Copertina 97 beige,ordinaria,#C4BC96
Campania,Napoli e dintorni,97/98,pubblicato,98,Copertina 98 beige,ordinaria,#C4BC96
Campania,Napoli e dintorni,98/99,pubblicato,99,Copertina grigia,ordinaria,#999999
Campania,Napoli e dintorni,99/00,pubblicato,00/01,Copertina 2000/2001 gialla,ordinaria,#FFD966
Campania,Napoli e dintorni,00/01,pubblicato,01,Copertina 2001 gialla,ordinaria,#FFD966
Campania,Napoli e dintorni,01/02,pubblicato,02,Copertina 2002 gialla,ordinaria,#FFD966
Campania,Napoli e dintorni,02/03,pubblicato,03,Copertina 2003 gialla,ordinaria,#FFD966
Campania,Napoli e dintorni,03/04,pubblicato,04,Copertina 2004 gialla,ordinaria,#FFD966
Campania,Napoli e dintorni,04/05,pubblicato,04,Copertina 2004 arancione,ordinaria,#E69138
Campania,Napoli e dintorni,05/06,pubblicato,05,Copertina 2005 arancione,ordinaria,#E69138
Campania,Napoli e dintorni,06/07,pubblicato,06,Copertina 2006 arancione/bianca,ordinaria,#F6B26B
Campania,Napoli e dintorni,07/08,pubblicato,07,Copertina 2007 arancione/bianca,ordinaria,#F6B26B
Campania,Napoli e dintorni,08/09,pubblicato,08/09,Copertina 2008/2009 arancione/bianca,ordinaria,#F6B26B
Campania,Napoli e dintorni,09/10,pubblicato,09/10,Copertina 2009/2010 arancione/bianca formato ridotto,ordinaria,#F9CB9C
Campania,Napoli e dintorni,10/11,pubblicato,10/11,Copertina 2010/2011 arancione/bianca formato ridotto,ordinaria,#F9CB9C
Campania,Napoli e dintorni,11/12,pubblicato,11/12,Copertina 2011/2012 arancione/bianca formato ridotto,ordinaria,#F9CB9C
Campania,Napoli e dintorni,12/13,pubblicato,12/13,Copertina 2012/2013 arancione/bianca formato ridotto,ordinaria,#F9CB9C
Campania,Napoli e dintorni,13/14,pubblicato,13/14,Copertina 2013/2014 arancione/bianca formato ridotto,ordinaria,#F9CB9C
Campania,Napoli e dintorni,14/15,pubblicato,14/15,Copertina 2014/2015 arancione/bianca formato ridotto,ordinaria,#F9CB9C
Campania,Provincia di Napoli,81/82,pubblicato,81,Copertina 81 verde,ordinaria,#92D050
Campania,Provincia di Napoli,82/83,pubblicato,82,Copertina 82 rossa,ordinaria,#FF0000
Campania,Provincia di Napoli,83/84,pubblicato,83,Copertina 83 azzurra,ordinaria,#00B0F0
Campania,Provincia di Napoli,84/85,pubblicato,84,Copertina 84 verde,ordinaria,#92D050
Campania,Provincia di Napoli,85/86,pubblicato,86,Copertina 86 rossa,ordinaria,#FF0000
Campania,Provincia di Napoli,86/87,pubblicato,87,Copertina 87 azzurra,ordinaria,#00B0F0
Campania,Provincia di Napoli,87/88,pubblicato,88,Copertina 88 verde,ordinaria,#92D050
Campania,Provincia di Napoli,88/89,pubblicato,89,Copertina 89 rossa,ordinaria,#FF0000
Campania,Provincia di Napoli,89/90,pubblicato,90,Copertina 90 azzurra,ordinaria,#00B0F0
Campania,Provincia di Napoli,90/91,pubblicato,91,Copertina 1991 blu,ordinaria,#002060
Campania,Provincia di Napoli,91/92,pubblicato,92,Copertina 92 blu,ordinaria,#002671
Campania,Provincia di Napoli,92/93,pubblicato,93,Copertina 93 beige,ordinaria,#DDD9C3
Campania,Provincia di Napoli,93/94,pubblicato,94,Copertina 94 beige,ordinaria,#C4BC96
Campania,Provincia di Napoli,94/95,pubblicato,95,Copertina 95 beige,ordinaria,#C4BC96
Campania,Provincia di Napoli,95/96,pubblicato,96,Copertina 96 beige,ordinaria,#C4BC96
Campania,Provincia di Napoli,96/97,pubblicato,97,Copertina 97 beige,ordinaria,#C4BC96
Campania,Provincia di Napoli,97/98,pubblicato,98,Copertina 98 beige,ordinaria,#C4BC96
Campania,Provincia di Napoli,98/99,probabile_non_confermato,,,ordinaria,
Campania,Provincia di Napoli,99/00,probabile_non_confermato,,,ordinaria,
Campania,Provincia di Napoli,00/01,non_pubblicato,,,ordinaria,
Campania,Provincia di Napoli,01/02,non_pubblicato,,,ordinaria,
Campania,Provincia di Napoli,02/03,non_pubblicato,,,ordinaria,
Campania,Provincia di Napoli,03/04,non_pubblicato,,,ordinaria,
Campania,Provincia di Napoli,04/05,non_pubblicato,,,ordinaria,
Campania,Provincia di Napoli,05/06,non_pubblicato,,,ordinaria,
Campania,Provincia di Napoli,06/07,non_pubblicato,,,ordinaria,
Campania,Provincia di Napoli,07/08,non_pubblicato,,,ordinaria,
Campania,Provincia di Napoli,08/09,non_pubblicato,,,ordinaria,
Campania,Provincia di Napoli,09/10,non_pubblicato,,,ordinaria,
Campania,Provincia di Napoli,10/11,non_pubblicato,,,ordinaria,
Campania,Provincia di Napoli,11/12,non_pubblicato,,,ordinaria,
Campania,Provincia di Napoli,12/13,non_pubblicato,,,ordinaria,
Campania,Provincia di Napoli,13/14,non_pubblicato,,,ordinaria,
Campania,Provincia di Napoli,14/15,non_pubblicato,,,ordinaria,
Emilia - Romagna,Bologna,81/82,pubblicato,81,Copertina 81 verde,ordinaria,#92D050
Emilia - Romagna,Bologna,82/83,pubblicato,82,Copertina 82 rossa,ordinaria,#FF0000
Emilia - Romagna,Bologna,83/84,pubblicato,83,Copertina 83 azzurra,ordinaria,#00B0F0
Emilia - Romagna,Bologna,84/85,pubblicato,84,Copertina 84 verde,ordinaria,#92D050
Emilia - Romagna,Bologna,85/86,non_pubblicato,,,ordinaria,
Emilia - Romagna,Bologna,86/87,non_pubblicato,,,ordinaria,
Emilia - Romagna,Bologna,87/88,non_pubblicato,,,ordinaria,
Emilia - Romagna,Bologna,88/89,non_pubblicato,,,ordinaria,
Emilia - Romagna,Bologna,89/90,non_pubblicato,,,ordinaria,
Emilia - Romagna,Bologna,90/91,non_pubblicato,,,ordinaria,
Emilia - Romagna,Bologna,91/92,non_pubblicato,,,ordinaria,
Emilia - Romagna,Bologna,92/93,non_pubblicato,,,ordinaria,
Emilia - Romagna,Bologna,93/94,non_pubblicato,,,ordinaria,
Emilia - Romagna,Bologna,94/95,non_pubblicato,,,ordinaria,
Emilia - Romagna,Bologna,95/96,non_pubblicato,,,ordinaria,
Emilia - Romagna,Bologna,96/97,non_pubblicato,,,ordinaria,
Emilia - Romagna,Bologna,97/98,non_pubblicato,,,ordinaria,
Emilia - Romagna,Bologna,98/99,non_pubblicato,,,ordinaria,
Emilia - Romagna,Bologna,99/00,non_pubblicato,,,ordinaria,
Emilia - Romagna,Bologna,00/01,non_pubblicato,,,ordinaria,
Emilia - Romagna,Bologna,01/02,non_pubblicato,,,ordinaria,
Emilia - Romagna,Bologna,02/03,non_pubblicato,,,ordinaria,
Emilia - Romagna,Bologna,03/04,non_pubblicato,,,ordinaria,
Emilia - Romagna,Bologna,04/05,non_pubblicato,,,ordinaria,
Emilia - Romagna,Bologna,05/06,non_pubblicato,,,ordinaria,
Emilia - Romagna,Bologna,06/07,non_pubblicato,,,ordinaria,
Emilia - Romagna,Bologna,07/08,non_pubblicato,,,ordinaria,
Emilia - Romagna,Bologna,08/09,non_pubblicato,,,ordinaria,
Emilia - Romagna,Bologna,09/10,non_pubblicato,,,ordinaria,
Emilia - Romagna,Bologna,10/11,non_pubblicato,,,ordinaria,
Emilia - Romagna,Bologna,11/12,non_pubblicato,,,ordinaria,
Emilia - Romagna,Bologna,12/13,non_pubblicato,,,ordinaria,
Emilia - Romagna,Bologna,13/14,non_pubblicato,,,ordinaria,
Emilia - Romagna,Bologna,14/15,non_pubblicato,,,ordinaria,
Emilia - Romagna,Bologna e dintorni,81/82,non_pubblicato,,,ordinaria,
Emilia - Romagna,Bologna e dintorni,82/83,non_pubblicato,,,ordinaria,
Emilia - Romagna,Bologna e dintorni,83/84,non_pubblicato,,,ordinaria,
Emilia - Romagna,Bologna e dintorni,84/85,non_pubblicato,,,ordinaria,
Emilia - Romagna,Bologna e dintorni,85/86,pubblicato,86,Copertina 86 edifici,ordinaria,#CCCCCC
Emilia - Romagna,Bologna e dintorni,86/87,pubblicato,87,Copertina 87 edifici,ordinaria,#B8D8F4
Emilia - Romagna,Bologna e dintorni,87/88,pubblicato,88,Copertina 88 edifici,ordinaria,#FFD472
Emilia - Romagna,Bologna e dintorni,88/89,pubblicato,89,Copertina 89 edifici,ordinaria,#D6E3BC
Emilia - Romagna,Bologna e dintorni,89/90,pubblicato,90,Copertina 90 edifici,ordinaria,#8AEBFF
Emilia - Romagna,Bologna e dintorni,90/91,pubblicato,91,Copertina 1991 blu,ordinaria,#002060
Emilia - Romagna,Bologna e dintorni,91/92,pubblicato,92,Copertina 92 blu,ordinaria,#002671
Emilia - Romagna,Bologna e dintorni,92/93,pubblicato,93,Copertina 93 beige,ordinaria,#DDD9C3
Emilia - Romagna,Bologna e dintorni,93/94,pubblicato,94,Copertina 94 beige,ordinaria,#C4BC96
Emilia - Romagna,Bologna e dintorni,94/95,pubblicato,95,Copertina 95 beige,ordinaria,#C4BC96
Emilia - Romagna,Bologna e dintorni,95/96,pubblicato,96,Copertina 96 beige,ordinaria,#C4BC96
Emilia - Romagna,Bologna e dintorni,96/97,pubblicato,97,Copertina 97 beige,ordinaria,#C4BC96
Emilia - Romagna,Bologna e dintorni,97/98,pubblicato,98,Copertina grigia,ordinaria,#999999
Emilia - Romagna,Bologna e dintorni,98/99,pubblicato,99,Copertina grigia,ordinaria,#999999
Emilia - Romagna,Bologna e dintorni,99/00,pubblicato,99/00,Copertina 1999/2000 gialla,ordinaria,#FFD966
Emilia - Romagna,Bologna e dintorni,00/01,pubblicato,01,Copertina 2001 gialla,ordinaria,#FFD966
Emilia - Romagna,Bologna e dintorni,01/02,pubblicato,01/02,Copertina 2001/2002 gialla,ordinaria,#FFD966
Emilia - Romagna,Bologna e dintorni,02/03,pubblicato,02/03,Copertina 2002/2003 gialla,ordinaria,#FFD966
Emilia - Romagna,Bologna e dintorni,03/04,pubblicato,03/04,Copertina 2003/2004 gialla,ordinaria,#FFD966
Emilia - Romagna,Bologna e dintorni,04/05,pubblicato,04,Copertina 2004 arancione,ordinaria,#E69138
Emilia - Romagna,Bologna e dintorni,05/06,pubblicato,05,Copertina 2005 arancione,ordinaria,#E69138
Emilia - Romagna,Bologna e dintorni,06/07,pubblicato,06,Copertina 2006 arancione/bianca,ordinaria,#F6B26B
Emilia - Romagna,Bologna e dintorni,07/08,pubblicato,07,Copertina 2007 arancione/bianca,ordinaria,#F6B26B
Emilia - Romagna,Bologna e dintorni,08/09,pubblicato,08/09,Copertina 2008/2009 arancione/bianca,ordinaria,#F6B26B
Emilia - Romagna,Bologna e dintorni,09/10,pubblicato,09/10,Copertina 2009/2010 arancione/bianca formato ridotto,ordinaria,#F9CB9C
Emilia - Romagna,Bologna e dintorni,10/11,pubblicato,10/11,Copertina 2010/2011 arancione/bianca formato ridotto,ordinaria,#F9CB9C
Emilia - Romagna,Bologna e dintorni,11/12,pubblicato,11/12,Copertina 2011/2012 arancione/bianca formato ridotto,ordinaria,#F9CB9C
Emilia - Romagna,Bologna e dintorni,12/13,pubblicato,12/13,Copertina 2012/2013 arancione/bianca formato ridotto,ordinaria,#F9CB9C
Emilia - Romagna,Bologna e dintorni,13/14,pubblicato,13/14,Copertina 2013/2014 arancione/bianca formato ridotto,ordinaria,#F9CB9C
Emilia - Romagna,Bologna e dintorni,14/15,pubblicato,14/15,Copertina 2014/2015 arancione/bianca formato ridotto,ordinaria,#F9CB9C
Emilia - Romagna,Provincia di Bologna,81/82,non_pubblicato,,,ordinaria,
Emilia - Romagna,Provincia di Bologna,82/83,non_pubblicato,,,ordinaria,
Emilia - Romagna,Provincia di Bologna,83/84,non_pubblicato,,,ordinaria,
Emilia - Romagna,Provincia di Bologna,84/85,non_pubblicato,,,ordinaria,
Emilia - Romagna,Provincia di Bologna,85/86,pubblicato,86,Copertina 86 rossa,ordinaria,#FF0000
Emilia - Romagna,Provincia di Bologna,86/87,pubblicato,87,Copertina 87 azzurra,ordinaria,#00B0F0
Emilia - Romagna,Provincia di Bologna,87/88,pubblicato,88,Copertina 88 verde,ordinaria,#92D050
Emilia - Romagna,Provincia di Bologna,88/89,pubblicato,89,Copertina 89 rossa,ordinaria,#FF0000
Emilia - Romagna,Provincia di Bologna,89/90,pubblicato,90,Copertina 90 azzurra,ordinaria,#00B0F0
Emilia - Romagna,Provincia di Bologna,90/91,pubblicato,91,Copertina 1991 blu,ordinaria,#002060
Emilia - Romagna,Provincia di Bologna,91/92,pubblicato,92,Copertina 92 blu,ordinaria,#002671
Emilia - Romagna,Provincia di Bologna,92/93,pubblicato,93,Copertina 93 beige,ordinaria,#DDD9C3
Emilia - Romagna,Provincia di Bologna,93/94,pubblicato,94,Copertina 94 beige,ordinaria,#C4BC96
Emilia - Romagna,Provincia di Bologna,94/95,pubblicato,95,Copertina 95 beige,ordinaria,#C4BC96
Emilia - Romagna,Provincia di Bologna,95/96,pubblicato,96,Copertina 96 beige,ordinaria,#C4BC96
Emilia - Romagna,Provincia di Bologna,96/97,pubblicato,97,Copertina 97 beige,ordinaria,#C4BC96
Emilia - Romagna,Provincia di Bologna,97/98,pubblicato,98,Copertina grigia,ordinaria,#999999
Emilia - Romagna,Provincia di Bologna,98/99,pubblicato,99,Copertina grigia,ordinaria,#999999
Emilia - Romagna,Provincia di Bologna,99/00,probabile_non_confermato,,,ordinaria,
Emilia - Romagna,Provincia di Bologna,00/01,non_pubblicato,,,ordinaria,
Emilia - Romagna,Provincia di Bologna,01/02,non_pubblicato,,,ordinaria,
Emilia - Romagna,Provincia di Bologna,02/03,non_pubblicato,,,ordinaria,
Emilia - Romagna,Provincia di Bologna,03/04,non_pubblicato,,,ordinaria,
Emilia - Romagna,Provincia di Bologna,04/05,non_pubblicato,,,ordinaria,
Emilia - Romagna,Provincia di Bologna,05/06,non_pubblicato,,,ordinaria,
Emilia - Romagna,Provincia di Bologna,06/07,non_pubblicato,,,ordinaria,
Emilia - Romagna,Provincia di Bologna,07/08,non_pubblicato,,,ordinaria,
Emilia - Romagna,Provincia di Bologna,08/09,non_pubblicato,,,ordinaria,
Emilia - Romagna,Provincia di Bologna,09/10,non_pubblicato,,,ordinaria,
Emilia - Romagna,Provincia di Bologna,10/11,non_pubblicato,,,ordinaria,
Emilia - Romagna,Provincia di Bologna,11/12,non_pubblicato,,,ordinaria,
Emilia - Romagna,Provincia di Bologna,12/13,non_pubblicato,,,ordinaria,
Emilia - Romagna,Provincia di Bologna,13/14,non_pubblicato,,,ordinaria,
Emilia - Romagna,Provincia di Bologna,14/15,non_pubblicato,,,ordinaria,
Emilia - Romagna,Ferrara,81/82,pubblicato,81,Copertina 81 verde,ordinaria,#92D050
Emilia - Romagna,Ferrara,82/83,pubblicato,82,Copertina 82 rossa,ordinaria,#FF0000
Emilia - Romagna,Ferrara,83/84,pubblicato,83,Copertina 83 azzurra,ordinaria,#00B0F0
Emilia - Romagna,Ferrara,84/85,pubblicato,84,Copertina 84 verde,ordinaria,#92D050
Emilia - Romagna,Ferrara,85/86,pubblicato,85,Copertina 85 rossa,ordinaria,#FF0000
Emilia - Romagna,Ferrara,86/87,pubblicato,86,Copertina 86 azzurra,ordinaria,#00B0F0
Emilia - Romagna,Ferrara,87/88,pubblicato,87,Copertina 87 verde,ordinaria,#92D050
Emilia - Romagna,Ferrara,88/89,pubblicato,88,Copertina 88 rossa,ordinaria,#FF0000
Emilia - Romagna,Ferrara,89/90,pubblicato,89,Copertina 89 azzurra,ordinaria,#00B0F0
Emilia - Romagna,Ferrara,90/91,pubblicato,90/91,Copertina 90/91 blu,ordinaria,#002060
Emilia - Romagna,Ferrara,91/92,pubblicato,91,Copertina 91 blu,ordinaria,#002671
Emilia - Romagna,Ferrara,92/93,pubblicato,92,Copertina 92 beige,ordinaria,#DDD9C3
Emilia - Romagna,Ferrara,93/94,pubblicato,93,Copertina 93 beige,ordinaria,#DDD9C3
Emilia - Romagna,Ferrara,94/95,pubblicato,94,Copertina 94 beige,ordinaria,#C4BC96
Emilia - Romagna,Ferrara,95/96,pubblicato,95,Copertina 95 beige,ordinaria,#C4BC96
Emilia - Romagna,Ferrara,96/97,pubblicato,96,Copertina 96 beige,ordinaria,#C4BC96
Emilia - Romagna,Ferrara,97/98,pubblicato,97,Copertina 97 beige,ordinaria,#C4BC96
Emilia - Romagna,Ferrara,98/99,pubblicato,98,Copertina grigia,ordinaria,#999999
Emilia - Romagna,Ferrara,99/00,pubblicato,99/00,Copertina 1999/2000 gialla,ordinaria,#FFD966
Emilia - Romagna,Ferrara,00/01,pubblicato,00/01,Copertina 2000/2001 gialla,ordinaria,#FFD966
Emilia - Romagna,Ferrara,01/02,pubblicato,01/02,Copertina 2001/2002 gialla,ordinaria,#FFD966
Emilia - Romagna,Ferrara,02/03,pubblicato,02/03,Copertina 2002/2003 gialla,ordinaria,#FFD966
Emilia - Romagna,Ferrara,03/04,pubblicato,03/04,Copertina 2003/2004 gialla,ordinaria,#FFD966
Emilia - Romagna,Ferrara,04/05,pubblicato,04/05,Copertina 2004/2005 gialla,ordinaria,#FFD966
Emilia - Romagna,Ferrara,05/06,pubblicato,05,Copertina 2005 arancione,ordinaria,#E69138
Emilia - Romagna,Ferrara,06/07,pubblicato,06,Copertina 2006 arancione/bianca,ordinaria,#F6B26B
Emilia - Romagna,Ferrara,07/08,pubblicato,07,Copertina 2007 arancione/bianca,ordinaria,#F6B26B
Emilia - Romagna,Ferrara,08/09,pubblicato,08/09,Copertina 2008/2009 arancione/bianca,ordinaria,#F6B26B
Emilia - Romagna,Ferrara,09/10,pubblicato,09/10,Copertina 2009/2010 arancione/bianca,ordinaria,#F6B26B
Emilia - Romagna,Ferrara,10/11,pubblicato,10/11,Copertina 2010/2011 arancione/bianca formato ridotto,ordinaria,#F9CB9C
Emilia - Romagna,Ferrara,11/12,pubblicato,11/12,Copertina 2011/2012 arancione/bianca formato ridotto,ordinaria,#F9CB9C
Emilia - Romagna,Ferrara,12/13,pubblicato,12/13,Copertina 2012/2013 arancione/bianca formato ridotto,ordinaria,#F9CB9C
Emilia - Romagna,Ferrara,13/14,pubblicato,13/14,Copertina 2013/2014 arancione/bianca formato ridotto,ordinaria,#F9CB9C
Emilia - Romagna,Ferrara,14/15,pubblicato,14/15,Copertina 2014/2015 arancione/bianca formato ridotto,ordinaria,#F9CB9C
Emilia - Romagna,Forlì - Ravenna - San Marino,81/82,pubblicato,81,Copertina 81 verde,ordinaria,#92D050
Emilia - Romagna,Forlì - Ravenna - San Marino,82/83,pubblicato,82,Copertina 82 rossa,ordinaria,#FF0000
Emilia - Romagna,Forlì - Ravenna - San Marino,83/84,pubblicato,83,Copertina 83 azzurra,ordinaria,#00B0F0
Emilia - Romagna,Forlì - Ravenna - San Marino,84/85,non_pubblicato,,,ordinaria,
Emilia - Romagna,Forlì - Ravenna - San Marino,85/86,non_pubblicato,,,ordinaria,
Emilia - Romagna,Forlì - Ravenna - San Marino,86/87,non_pubblicato,,,ordinaria,
Emilia - Romagna,Forlì - Ravenna - San Marino,87/88,non_pubblicato,,,ordinaria,
Emilia - Romagna,Forlì - Ravenna - San Marino,88/89,non_pubblicato,,,ordinaria,
Emilia - Romagna,Forlì - Ravenna - San Marino,89/90,non_pubblicato,,,ordinaria,
Emilia - Romagna,Forlì - Ravenna - San Marino,90/91,non_pubblicato,,,ordinaria,
Emilia - Romagna,Forlì - Ravenna - San Marino,91/92,non_pubblicato,,,ordinaria,
Emilia - Romagna,Forlì - Ravenna - San Marino,92/93,non_pubblicato,,,ordinaria,
Emilia - Romagna,Forlì - Ravenna - San Marino,93/94,non_pubblicato,,,ordinaria,
Emilia - Romagna,Forlì - Ravenna - San Marino,94/95,non_pubblicato,,,ordinaria,
Emilia - Romagna,Forlì - Ravenna - San Marino,95/96,non_pubblicato,,,ordinaria,
Emilia - Romagna,Forlì - Ravenna - San Marino,96/97,non_pubblicato,,,ordinaria,
Emilia - Romagna,Forlì - Ravenna - San Marino,97/98,non_pubblicato,,,ordinaria,
Emilia - Romagna,Forlì - Ravenna - San Marino,98/99,non_pubblicato,,,ordinaria,
Emilia - Romagna,Forlì - Ravenna - San Marino,99/00,non_pubblicato,,,ordinaria,
Emilia - Romagna,Forlì - Ravenna - San Marino,00/01,non_pubblicato,,,ordinaria,
Emilia - Romagna,Forlì - Ravenna - San Marino,01/02,non_pubblicato,,,ordinaria,
Emilia - Romagna,Forlì - Ravenna - San Marino,02/03,non_pubblicato,,,ordinaria,
Emilia - Romagna,Forlì - Ravenna - San Marino,03/04,non_pubblicato,,,ordinaria,
Emilia - Romagna,Forlì - Ravenna - San Marino,04/05,non_pubblicato,,,ordinaria,
Emilia - Romagna,Forlì - Ravenna - San Marino,05/06,non_pubblicato,,,ordinaria,
Emilia - Romagna,Forlì - Ravenna - San Marino,06/07,non_pubblicato,,,ordinaria,
Emilia - Romagna,Forlì - Ravenna - San Marino,07/08,non_pubblicato,,,ordinaria,
Emilia - Romagna,Forlì - Ravenna - San Marino,08/09,non_pubblicato,,,ordinaria,
Emilia - Romagna,Forlì - Ravenna - San Marino,09/10,non_pubblicato,,,ordinaria,
Emilia - Romagna,Forlì - Ravenna - San Marino,10/11,non_pubblicato,,,ordinaria,
Emilia - Romagna,Forlì - Ravenna - San Marino,11/12,non_pubblicato,,,ordinaria,
Emilia - Romagna,Forlì - Ravenna - San Marino,12/13,non_pubblicato,,,ordinaria,
Emilia - Romagna,Forlì - Ravenna - San Marino,13/14,non_pubblicato,,,ordinaria,
Emilia - Romagna,Forlì - Ravenna - San Marino,14/15,non_pubblicato,,,ordinaria,
Emilia - Romagna,Forlì - San Marino (Forlì-Cesena-Rimini-San Marino dal 1995),81/82,non_pubblicato,,,ordinaria,
Emilia - Romagna,Forlì - San Marino (Forlì-Cesena-Rimini-San Marino dal 1995),82/83,non_pubblicato,,,ordinaria,
Emilia - Romagna,Forlì - San Marino (Forlì-Cesena-Rimini-San Marino dal 1995),83/84,non_pubblicato,,,ordinaria,
Emilia - Romagna,Forlì - San Marino (Forlì-Cesena-Rimini-San Marino dal 1995),84/85,pubblicato,84,Copertina 84 verde,ordinaria,#92D050
Emilia - Romagna,Forlì - San Marino (Forlì-Cesena-Rimini-San Marino dal 1995),85/86,pubblicato,85,Copertina 85 rossa,ordinaria,#FF0000
Emilia - Romagna,Forlì - San Marino (Forlì-Cesena-Rimini-San Marino dal 1995),86/87,pubblicato,86,Copertina 86 azzurra,ordinaria,#00B0F0
Emilia - Romagna,Forlì - San Marino (Forlì-Cesena-Rimini-San Marino dal 1995),87/88,pubblicato,87,Copertina 87 verde,ordinaria,#92D050
Emilia - Romagna,Forlì - San Marino (Forlì-Cesena-Rimini-San Marino dal 1995),88/89,pubblicato,88,Copertina 88 rossa,ordinaria,#FF0000
Emilia - Romagna,Forlì - San Marino (Forlì-Cesena-Rimini-San Marino dal 1995),89/90,pubblicato,89,Copertina 89 azzurra,ordinaria,#00B0F0
Emilia - Romagna,Forlì - San Marino (Forlì-Cesena-Rimini-San Marino dal 1995),90/91,pubblicato,90/91,Copertina 90/91 blu,ordinaria,#002060
Emilia - Romagna,Forlì - San Marino (Forlì-Cesena-Rimini-San Marino dal 1995),91/92,pubblicato,91,Copertina 91 blu,ordinaria,#002671
Emilia - Romagna,Forlì - San Marino (Forlì-Cesena-Rimini-San Marino dal 1995),92/93,pubblicato,92,Copertina 92 beige,ordinaria,#DDD9C3
Emilia - Romagna,Forlì - San Marino (Forlì-Cesena-Rimini-San Marino dal 1995),93/94,pubblicato,93,Copertina 93 beige,ordinaria,#DDD9C3
Emilia - Romagna,Forlì - San Marino (Forlì-Cesena-Rimini-San Marino dal 1995),94/95,pubblicato,94,Copertina 94 beige,ordinaria,#C4BC96
Emilia - Romagna,Forlì - San Marino (Forlì-Cesena-Rimini-San Marino dal 1995),95/96,pubblicato,95,Copertina 95 beige,ordinaria,#C4BC96
Emilia - Romagna,Forlì - San Marino (Forlì-Cesena-Rimini-San Marino dal 1995),96/97,pubblicato,96,Copertina 96 beige,ordinaria,#C4BC96
Emilia - Romagna,Forlì - San Marino (Forlì-Cesena-Rimini-San Marino dal 1995),97/98,pubblicato,97,Copertina 97 beige,ordinaria,#C4BC96
Emilia - Romagna,Forlì - San Marino (Forlì-Cesena-Rimini-San Marino dal 1995),98/99,non_pubblicato,,,ordinaria,
Emilia - Romagna,Forlì - San Marino (Forlì-Cesena-Rimini-San Marino dal 1995),99/00,non_pubblicato,,,ordinaria,
Emilia - Romagna,Forlì - San Marino (Forlì-Cesena-Rimini-San Marino dal 1995),00/01,non_pubblicato,,,ordinaria,
Emilia - Romagna,Forlì - San Marino (Forlì-Cesena-Rimini-San Marino dal 1995),01/02,non_pubblicato,,,ordinaria,
Emilia - Romagna,Forlì - San Marino (Forlì-Cesena-Rimini-San Marino dal 1995),02/03,non_pubblicato,,,ordinaria,
Emilia - Romagna,Forlì - San Marino (Forlì-Cesena-Rimini-San Marino dal 1995),03/04,non_pubblicato,,,ordinaria,
Emilia - Romagna,Forlì - San Marino (Forlì-Cesena-Rimini-San Marino dal 1995),04/05,non_pubblicato,,,ordinaria,
Emilia - Romagna,Forlì - San Marino (Forlì-Cesena-Rimini-San Marino dal 1995),05/06,non_pubblicato,,,ordinaria,
Emilia - Romagna,Forlì - San Marino (Forlì-Cesena-Rimini-San Marino dal 1995),06/07,non_pubblicato,,,ordinaria,
Emilia - Romagna,Forlì - San Marino (Forlì-Cesena-Rimini-San Marino dal 1995),07/08,non_pubblicato,,,ordinaria,
Emilia - Romagna,Forlì - San Marino (Forlì-Cesena-Rimini-San Marino dal 1995),08/09,non_pubblicato,,,ordinaria,
Emilia - Romagna,Forlì - San Marino (Forlì-Cesena-Rimini-San Marino dal 1995),09/10,non_pubblicato,,,ordinaria,
Emilia - Romagna,Forlì - San Marino (Forlì-Cesena-Rimini-San Marino dal 1995),10/11,non_pubblicato,,,ordinaria,
Emilia - Romagna,Forlì - San Marino (Forlì-Cesena-Rimini-San Marino dal 1995),11/12,non_pubblicato,,,ordinaria,
Emilia - Romagna,Forlì - San Marino (Forlì-Cesena-Rimini-San Marino dal 1995),12/13,non_pubblicato,,,ordinaria,
Emilia - Romagna,Forlì - San Marino (Forlì-Cesena-Rimini-San Marino dal 1995),13/14,non_pubblicato,,,ordinaria,
Emilia - Romagna,Forlì - San Marino (Forlì-Cesena-Rimini-San Marino dal 1995),14/15,non_pubblicato,,,ordinaria,
Emilia - Romagna,Modena,81/82,pubblicato,82,Copertina 82 verde,ordinaria,#92D050
Emilia - Romagna,Modena,82/83,pubblicato,83,Copertina 83 rossa,ordinaria,#FF0000
Emilia - Romagna,Modena,83/84,pubblicato,84,Copertina 84 azzurra,ordinaria,#00B0F0
Emilia - Romagna,Modena,84/85,pubblicato,85,Copertina 85 verde,ordinaria,#92D050
Emilia - Romagna,Modena,85/86,pubblicato,86,Copertina 86 rossa,ordinaria,#FF0000
Emilia - Romagna,Modena,86/87,pubblicato,87,Copertina 87 azzurra,ordinaria,#00B0F0
Emilia - Romagna,Modena,87/88,pubblicato,88,Copertina 88 verde,ordinaria,#92D050
Emilia - Romagna,Modena,88/89,pubblicato,89,Copertina 89 rossa,ordinaria,#FF0000
Emilia - Romagna,Modena,89/90,pubblicato,90,Copertina 90 azzurra,ordinaria,#00B0F0
Emilia - Romagna,Modena,90/91,pubblicato,91,Copertina 1991 blu,ordinaria,#002060
Emilia - Romagna,Modena,91/92,pubblicato,92,Copertina 92 blu,ordinaria,#002671
Emilia - Romagna,Modena,92/93,pubblicato,93,Copertina 93 beige,ordinaria,#DDD9C3
Emilia - Romagna,Modena,93/94,pubblicato,94,Copertina 94 beige,ordinaria,#C4BC96
Emilia - Romagna,Modena,94/95,pubblicato,95,Copertina 95 beige,ordinaria,#C4BC96
Emilia - Romagna,Modena,95/96,pubblicato,96,Copertina 96 beige,ordinaria,#C4BC96
Emilia - Romagna,Modena,96/97,pubblicato,97,Copertina 97 beige,ordinaria,#C4BC96
Emilia - Romagna,Modena,97/98,pubblicato,98,Copertina grigia,ordinaria,#999999
Emilia - Romagna,Modena,98/99,pubblicato,99,Copertina grigia,ordinaria,#999999
Emilia - Romagna,Modena,99/00,pubblicato,99/00,Copertina 1999/2000 gialla,ordinaria,#FFD966
Emilia - Romagna,Modena,00/01,pubblicato,00/01,Copertina 2000/2001 gialla,ordinaria,#FFD966
Emilia - Romagna,Modena,01/02,pubblicato,02,Copertina 2002 gialla,ordinaria,#FFD966
Emilia - Romagna,Modena,02/03,pubblicato,03,Copertina 2003 gialla,ordinaria,#FFD966
Emilia - Romagna,Modena,03/04,pubblicato,04,Copertina 2004 gialla,ordinaria,#FFD966
Emilia - Romagna,Modena,04/05,pubblicato,05,Copertina 2005 arancione,ordinaria,#E69138
Emilia - Romagna,Modena,05/06,pubblicato,06,Copertina 2006 arancione,ordinaria,#E69138
Emilia - Romagna,Modena,06/07,pubblicato,07,Copertina 2007 arancione/bianca,ordinaria,#F6B26B
Emilia - Romagna,Modena,07/08,pubblicato,08,Copertina 2008 arancione/bianca,ordinaria,#F6B26B
Emilia - Romagna,Modena,08/09,pubblicato,09,Copertina 2009 arancione/bianca,ordinaria,#F6B26B
Emilia - Romagna,Modena,09/10,pubblicato,10,Copertina 2010 arancione/bianca formato ridotto,ordinaria,#F9CB9C
Emilia - Romagna,Modena,10/11,pubblicato,,,ordinaria,#F9CB9C
Emilia - Romagna,Modena,11/12,pubblicato,,,ordinaria,#F9CB9C
Emilia - Romagna,Modena,12/13,pubblicato,,,ordinaria,#F9CB9C
Emilia - Romagna,Modena,13/14,pubblicato,,,ordinaria,#F9CB9C
Emilia - Romagna,Modena,14/15,pubblicato,,,ordinaria,#F9CB9C
Emilia - Romagna,Parma,81/82,pubblicato,82,Copertina 82 verde,ordinaria,#92D050
Emilia - Romagna,Parma,82/83,pubblicato,83,Copertina 83 rossa,ordinaria,#FF0000
Emilia - Romagna,Parma,83/84,pubblicato,84,Copertina 84 azzurra,ordinaria,#00B0F0
Emilia - Romagna,Parma,84/85,pubblicato,85,Copertina 85 verde,ordinaria,#92D050
Emilia - Romagna,Parma,85/86,pubblicato,86,Copertina 86 rossa,ordinaria,#FF0000
Emilia - Romagna,Parma,86/87,pubblicato,87,Copertina 87 azzurra,ordinaria,#00B0F0
Emilia - Romagna,Parma,87/88,pubblicato,88,Copertina 88 verde,ordinaria,#92D050
Emilia - Romagna,Parma,88/89,pubblicato,89,Copertina 89 rossa,ordinaria,#FF0000
Emilia - Romagna,Parma,89/90,pubblicato,90,Copertina 90 azzurra,ordinaria,#00B0F0
Emilia - Romagna,Parma,90/91,pubblicato,91,Copertina 1991 blu,ordinaria,#002060
Emilia - Romagna,Parma,91/92,pubblicato,92,Copertina 92 blu,ordinaria,#002671
Emilia - Romagna,Parma,92/93,pubblicato,93,Copertina 93 beige,ordinaria,#DDD9C3
Emilia - Romagna,Parma,93/94,pubblicato,94,Copertina 94 beige,ordinaria,#C4BC96
Emilia - Romagna,Parma,94/95,pubblicato,95,Copertina 95 beige,ordinaria,#C4BC96
Emilia - Romagna,Parma,95/96,pubblicato,96,Copertina 96 beige,ordinaria,#C4BC96
Emilia - Romagna,Parma,96/97,pubblicato,97,Copertina 97 beige,ordinaria,#C4BC96
Emilia - Romagna,Parma,97/98,pubblicato,98,Copertina grigia,ordinaria,#999999
Emilia - Romagna,Parma,98/99,pubblicato,99,Copertina grigia,ordinaria,#999999
Emilia - Romagna,Parma,99/00,pubblicato,99/00,Copertina 1999/2000 gialla,ordinaria,#FFD966
Emilia - Romagna,Parma,00/01,pubblicato,,,ordinaria,#FFD966
Emilia - Romagna,Parma,01/02,pubblicato,,,ordinaria,#FFD966
Emilia - Romagna,Parma,02/03,pubblicato,,,ordinaria,#FFD966
Emilia - Romagna,Parma,03/04,pubblicato,,,ordinaria,#FFD966
Emilia - Romagna,Parma,04/05,pubblicato,05,Copertina 2005 arancione,ordinaria,#E69138
Emilia - Romagna,Parma,05/06,pubblicato,06,Copertina 2006 arancione,ordinaria,#E69138
Emilia - Romagna,Parma,06/07,pubblicato,07,Copertina 2007 arancione/bianca,ordinaria,#F6B26B
Emilia - Romagna,Parma,07/08,pubblicato,08,Copertina 2008 arancione/bianca,ordinaria,#F6B26B
Emilia - Romagna,Parma,08/09,pubblicato,09,Copertina 2009 arancione/bianca,ordinaria,#F6B26B
Emilia - Romagna,Parma,09/10,pubblicato,10,Copertina 2010 arancione/bianca formato ridotto,ordinaria,#F9CB9C
Emilia - Romagna,Parma,10/11,pubblicato,,,ordinaria,#F9CB9C
Emilia - Romagna,Parma,11/12,pubblicato,,,ordinaria,#F9CB9C
Emilia - Romagna,Parma,12/13,pubblicato,,,ordinaria,#F9CB9C
Emilia - Romagna,Parma,13/14,pubblicato,,,ordinaria,#F9CB9C
Emilia - Romagna,Parma,14/15,pubblicato,,,ordinaria,#F9CB9C
Emilia - Romagna,Piacenza,81/82,pubblicato,82,Copertina 82 verde,ordinaria,#92D050
Emilia - Romagna,Piacenza,82/83,pubblicato,83,Copertina 83 rossa,ordinaria,#FF0000
Emilia - Romagna,Piacenza,83/84,pubblicato,84,Copertina 84 azzurra,ordinaria,#00B0F0
Emilia - Romagna,Piacenza,84/85,pubblicato,85,Copertina 85 verde,ordinaria,#92D050
Emilia - Romagna,Piacenza,85/86,pubblicato,86,Copertina 86 rossa,ordinaria,#FF0000
Emilia - Romagna,Piacenza,86/87,pubblicato,87,Copertina 87 azzurra,ordinaria,#00B0F0
Emilia - Romagna,Piacenza,87/88,pubblicato,88,Copertina 88 verde,ordinaria,#92D050
Emilia - Romagna,Piacenza,88/89,pubblicato,89,Copertina 89 rossa,ordinaria,#FF0000
Emilia - Romagna,Piacenza,89/90,pubblicato,90,Copertina 90 azzurra,ordinaria,#00B0F0
Emilia - Romagna,Piacenza,90/91,pubblicato,91,Copertina 1991 blu,ordinaria,#002060
Emilia - Romagna,Piacenza,91/92,pubblicato,92,Copertina 92 blu,ordinaria,#002671
Emilia - Romagna,Piacenza,92/93,pubblicato,93,Copertina 93 beige,ordinaria,#DDD9C3
Emilia - Romagna,Piacenza,93/94,pubblicato,94,Copertina 94 beige,ordinaria,#C4BC96
Emilia - Romagna,Piacenza,94/95,pubblicato,95,Copertina 95 beige,ordinaria,#C4BC96
Emilia - Romagna,Piacenza,95/96,pubblicato,96,Copertina 96 beige,ordinaria,#C4BC96
Emilia - Romagna,Piacenza,96/97,pubblicato,97,Copertina 97 beige,ordinaria,#C4BC96
Emilia - Romagna,Piacenza,97/98,pubblicato,98,Copertina grigia,ordinaria,#999999
Emilia - Romagna,Piacenza,98/99,pubblicato,99,Copertina grigia,ordinaria,#999999
Emilia - Romagna,Piacenza,99/00,pubblicato,99/00,Copertina 1999/2000 gialla,ordinaria,#FFD966
Emilia - Romagna,Piacenza,00/01,pubblicato,,,ordinaria,#FFD966
Emilia - Romagna,Piacenza,01/02,pubblicato,,,ordinaria,#FFD966
Emilia - Romagna,Piacenza,02/03,pubblicato,,,ordinaria,#FFD966
Emilia - Romagna,Piacenza,03/04,pubblicato,,,ordinaria,#FFD966
Emilia - Romagna,Piacenza,04/05,pubblicato,05,Copertina 2005 arancione,ordinaria,#E69138
Emilia - Romagna,Piacenza,05/06,pubblicato,06,Copertina 2006 arancione,ordinaria,#E69138
Emilia - Romagna,Piacenza,06/07,pubblicato,07,Copertina 2007 arancione/bianca,ordinaria,#F6B26B
Emilia - Romagna,Piacenza,07/08,pubblicato,08,Copertina 2008 arancione/bianca,ordinaria,#F6B26B
Emilia - Romagna,Piacenza,08/09,pubblicato,09,Copertina 2009 arancione/bianca,ordinaria,#F6B26B
Emilia - Romagna,Piacenza,09/10,pubblicato,10,Copertina 2010 arancione/bianca formato ridotto,ordinaria,#F9CB9C
Emilia - Romagna,Piacenza,10/11,pubblicato,,,ordinaria,#F9CB9C
Emilia - Romagna,Piacenza,11/12,pubblicato,,,ordinaria,#F9CB9C
Emilia - Romagna,Piacenza,12/13,pubblicato,,,ordinaria,#F9CB9C
Emilia - Romagna,Piacenza,13/14,pubblicato,,,ordinaria,#F9CB9C
Emilia - Romagna,Piacenza,14/15,pubblicato,,,ordinaria,#F9CB9C
Emilia - Romagna,Ravenna,81/82,non_pubblicato,,,ordinaria,
Emilia - Romagna,Ravenna,82/83,non_pubblicato,,,ordinaria,
Emilia - Romagna,Ravenna,83/84,non_pubblicato,,,ordinaria,
Emilia - Romagna,Ravenna,84/85,pubblicato,84,Copertina 84 verde,ordinaria,#92D050
Emilia - Romagna,Ravenna,85/86,pubblicato,85,Copertina 85 rossa,ordinaria,#FF0000
Emilia - Romagna,Ravenna,86/87,pubblicato,86,Copertina 86 azzurra,ordinaria,#00B0F0
Emilia - Romagna,Ravenna,87/88,pubblicato,87,Copertina 87 verde,ordinaria,#92D050
Emilia - Romagna,Ravenna,88/89,pubblicato,88,Copertina 88 rossa,ordinaria,#FF0000
Emilia - Romagna,Ravenna,89/90,pubblicato,89,Copertina 89 azzurra,ordinaria,#00B0F0
Emilia - Romagna,Ravenna,90/91,pubblicato,90/91,Copertina 90/91 blu,ordinaria,#002060
Emilia - Romagna,Ravenna,91/92,pubblicato,91,Copertina 91 blu,ordinaria,#002671
Emilia - Romagna,Ravenna,92/93,pubblicato,92,Copertina 92 beige,ordinaria,#DDD9C3
Emilia - Romagna,Ravenna,93/94,pubblicato,93,Copertina 93 beige,ordinaria,#DDD9C3
Emilia - Romagna,Ravenna,94/95,pubblicato,94,Copertina 94 beige,ordinaria,#C4BC96
Emilia - Romagna,Ravenna,95/96,pubblicato,95,Copertina 95 beige,ordinaria,#C4BC96
Emilia - Romagna,Ravenna,96/97,pubblicato,96,Copertina 96 beige,ordinaria,#C4BC96
Emilia - Romagna,Ravenna,97/98,pubblicato,97,Copertina 97 beige,ordinaria,#C4BC96
Emilia - Romagna,Ravenna,98/99,non_pubblicato,,,ordinaria,
Emilia - Romagna,Ravenna,99/00,non_pubblicato,,,ordinaria,
Emilia - Romagna,Ravenna,00/01,non_pubblicato,,,ordinaria,
Emilia - Romagna,Ravenna,01/02,non_pubblicato,,,ordinaria,
Emilia - Romagna,Ravenna,02/03,non_pubblicato,,,ordinaria,
Emilia - Romagna,Ravenna,03/04,non_pubblicato,,,ordinaria,
Emilia - Romagna,Ravenna,04/05,non_pubblicato,,,ordinaria,
Emilia - Romagna,Ravenna,05/06,non_pubblicato,,,ordinaria,
Emilia - Romagna,Ravenna,06/07,non_pubblicato,,,ordinaria,
Emilia - Romagna,Ravenna,07/08,non_pubblicato,,,ordinaria,
Emilia - Romagna,Ravenna,08/09,non_pubblicato,,,ordinaria,
Emilia - Romagna,Ravenna,09/10,non_pubblicato,,,ordinaria,
Emilia - Romagna,Ravenna,10/11,non_pubblicato,,,ordinaria,
Emilia - Romagna,Ravenna,11/12,non_pubblicato,,,ordinaria,
Emilia - Romagna,Ravenna,12/13,non_pubblicato,,,ordinaria,
Emilia - Romagna,Ravenna,13/14,non_pubblicato,,,ordinaria,
Emilia - Romagna,Ravenna,14/15,non_pubblicato,,,ordinaria,
Emilia - Romagna,Reggio Emilia,81/82,pubblicato,82,Copertina 82 verde,ordinaria,#92D050
Emilia - Romagna,Reggio Emilia,82/83,pubblicato,83,Copertina 83 rossa,ordinaria,#FF0000
Emilia - Romagna,Reggio Emilia,83/84,pubblicato,84,Copertina 84 azzurra,ordinaria,#00B0F0
Emilia - Romagna,Reggio Emilia,84/85,pubblicato,85,Copertina 85 verde,ordinaria,#92D050
Emilia - Romagna,Reggio Emilia,85/86,pubblicato,86,Copertina 86 rossa,ordinaria,#FF0000
Emilia - Romagna,Reggio Emilia,86/87,pubblicato,87,Copertina 87 azzurra,ordinaria,#00B0F0
Emilia - Romagna,Reggio Emilia,87/88,pubblicato,88,Copertina 88 verde,ordinaria,#92D050
Emilia - Romagna,Reggio Emilia,88/89,pubblicato,89,Copertina 89 rossa,ordinaria,#FF0000
Emilia - Romagna,Reggio Emilia,89/90,pubblicato,90,Copertina 90 azzurra,ordinaria,#00B0F0
Emilia - Romagna,Reggio Emilia,90/91,pubblicato,91,Copertina 1991 blu,ordinaria,#002060
Emilia - Romagna,Reggio Emilia,91/92,pubblicato,92,Copertina 92 blu,ordinaria,#002671
Emilia - Romagna,Reggio Emilia,92/93,pubblicato,93,Copertina 93 beige,ordinaria,#DDD9C3
Emilia - Romagna,Reggio Emilia,93/94,pubblicato,94,Copertina 94 beige,ordinaria,#C4BC96
Emilia - Romagna,Reggio Emilia,94/95,pubblicato,95,Copertina 95 beige,ordinaria,#C4BC96
Emilia - Romagna,Reggio Emilia,95/96,pubblicato,96,Copertina 96 beige,ordinaria,#C4BC96
Emilia - Romagna,Reggio Emilia,96/97,pubblicato,97,Copertina 97 beige,ordinaria,#C4BC96
Emilia - Romagna,Reggio Emilia,97/98,pubblicato,98,Copertina grigia,ordinaria,#999999
Emilia - Romagna,Reggio Emilia,98/99,pubblicato,99,Copertina grigia,ordinaria,#999999
Emilia - Romagna,Reggio Emilia,99/00,pubblicato,99/00,Copertina 1999/2000 gialla,ordinaria,#FFD966
Emilia - Romagna,Reggio Emilia,00/01,pubblicato,,,ordinaria,#FFD966
Emilia - Romagna,Reggio Emilia,01/02,pubblicato,02,Copertina 2002 gialla,ordinaria,#FFD966
Emilia - Romagna,Reggio Emilia,02/03,pubblicato,,,ordinaria,#FFD966
Emilia - Romagna,Reggio Emilia,03/04,pubblicato,04,Copertina 2004 gialla,ordinaria,#FFD966
Emilia - Romagna,Reggio Emilia,04/05,pubblicato,05,Copertina 2005 arancione,ordinaria,#E69138
Emilia - Romagna,Reggio Emilia,05/06,pubblicato,06,Copertina 2006 arancione,ordinaria,#E69138
Emilia - Romagna,Reggio Emilia,06/07,pubblicato,07,Copertina 2007 arancione/bianca,ordinaria,#F6B26B
Emilia - Romagna,Reggio Emilia,07/08,pubblicato,08,Copertina 2008 arancione/bianca,ordinaria,#F6B26B
Emilia - Romagna,Reggio Emilia,08/09,pubblicato,09,Copertina 2009 arancione/bianca,ordinaria,#F6B26B
Emilia - Romagna,Reggio Emilia,09/10,pubblicato,10,Copertina 2010 arancione/bianca formato ridotto,ordinaria,#F9CB9C
Emilia - Romagna,Reggio Emilia,10/11,pubblicato,,,ordinaria,#F9CB9C
Emilia - Romagna,Reggio Emilia,11/12,pubblicato,,,ordinaria,#F9CB9C
Emilia - Romagna,Reggio Emilia,12/13,pubblicato,,,ordinaria,#F9CB9C
Emilia - Romagna,Reggio Emilia,13/14,pubblicato,,,ordinaria,#F9CB9C
Emilia - Romagna,Reggio Emilia,14/15,pubblicato,15,Copertina 2015 arancione/bianca formato ridotto,ordinaria,#F9CB9C
Friuli - Venezia Giulia,Gorizia - Pordenone - Udine,81/82,pubblicato,81,Copertina 81 verde,ordinaria,#92D050
Friuli - Venezia Giulia,Gorizia - Pordenone - Udine,82/83,pubblicato,82,Copertina 82 rossa,ordinaria,#FF0000
Friuli - Venezia Giulia,Gorizia - Pordenone - Udine,83/84,pubblicato,83,Copertina 83 azzurra,ordinaria,#00B0F0
Friuli - Venezia Giulia,Gorizia - Pordenone - Udine,84/85,non_pubblicato,,,ordinaria,
Friuli - Venezia Giulia,Gorizia - Pordenone - Udine,85/86,non_pubblicato,,,ordinaria,
Friuli - Venezia Giulia,Gorizia - Pordenone - Udine,86/87,non_pubblicato,,,ordinaria,
Friuli - Venezia Giulia,Gorizia - Pordenone - Udine,87/88,non_pubblicato,,,ordinaria,
Friuli - Venezia Giulia,Gorizia - Pordenone - Udine,88/89,non_pubblicato,,,ordinaria,
Friuli - Venezia Giulia,Gorizia - Pordenone - Udine,89/90,non_pubblicato,,,ordinaria,
Friuli - Venezia Giulia,Gorizia - Pordenone - Udine,90/91,non_pubblicato,,,ordinaria,
Friuli - Venezia Giulia,Gorizia - Pordenone - Udine,91/92,non_pubblicato,,,ordinaria,
Friuli - Venezia Giulia,Gorizia - Pordenone - Udine,92/93,non_pubblicato,,,ordinaria,
Friuli - Venezia Giulia,Gorizia - Pordenone - Udine,93/94,non_pubblicato,,,ordinaria,
Friuli - Venezia Giulia,Gorizia - Pordenone - Udine,94/95,non_pubblicato,,,ordinaria,
Friuli - Venezia Giulia,Gorizia - Pordenone - Udine,95/96,non_pubblicato,,,ordinaria,
Friuli - Venezia Giulia,Gorizia - Pordenone - Udine,96/97,non_pubblicato,,,ordinaria,
Friuli - Venezia Giulia,Gorizia - Pordenone - Udine,97/98,non_pubblicato,,,ordinaria,
Friuli - Venezia Giulia,Gorizia - Pordenone - Udine,98/99,non_pubblicato,,,ordinaria,
Friuli - Venezia Giulia,Gorizia - Pordenone - Udine,99/00,non_pubblicato,,,ordinaria,
Friuli - Venezia Giulia,Gorizia - Pordenone - Udine,00/01,non_pubblicato,,,ordinaria,
Friuli - Venezia Giulia,Gorizia - Pordenone - Udine,01/02,non_pubblicato,,,ordinaria,
Friuli - Venezia Giulia,Gorizia - Pordenone - Udine,02/03,non_pubblicato,,,ordinaria,
Friuli - Venezia Giulia,Gorizia - Pordenone - Udine,03/04,non_pubblicato,,,ordinaria,
Friuli - Venezia Giulia,Gorizia - Pordenone - Udine,04/05,non_pubblicato,,,ordinaria,
Friuli - Venezia Giulia,Gorizia - Pordenone - Udine,05/06,non_pubblicato,,,ordinaria,
Friuli - Venezia Giulia,Gorizia - Pordenone - Udine,06/07,non_pubblicato,,,ordinaria,
Friuli - Venezia Giulia,Gorizia - Pordenone - Udine,07/08,non_pubblicato,,,ordinaria,
Friuli - Venezia Giulia,Gorizia - Pordenone - Udine,08/09,non_pubblicato,,,ordinaria,
Friuli - Venezia Giulia,Gorizia - Pordenone - Udine,09/10,non_pubblicato,,,ordinaria,
Friuli - Venezia Giulia,Gorizia - Pordenone - Udine,10/11,non_pubblicato,,,ordinaria,
Friuli - Venezia Giulia,Gorizia - Pordenone - Udine,11/12,non_pubblicato,,,ordinaria,
Friuli - Venezia Giulia,Gorizia - Pordenone - Udine,12/13,non_pubblicato,,,ordinaria,
Friuli - Venezia Giulia,Gorizia - Pordenone - Udine,13/14,non_pubblicato,,,ordinaria,
Friuli - Venezia Giulia,Gorizia - Pordenone - Udine,14/15,non_pubblicato,,,ordinaria,
Friuli - Venezia Giulia,Gorizia - Trieste,81/82,non_pubblicato,,,ordinaria,
Friuli - Venezia Giulia,Gorizia - Trieste,82/83,non_pubblicato,,,ordinaria,
Friuli - Venezia Giulia,Gorizia - Trieste,83/84,non_pubblicato,,,ordinaria,
Friuli - Venezia Giulia,Gorizia - Trieste,84/85,pubblicato,84,Copertina 84 verde,ordinaria,#92D050
Friuli - Venezia Giulia,Gorizia - Trieste,85/86,pubblicato,85,Copertina 85 rossa,ordinaria,#FF0000
Friuli - Venezia Giulia,Gorizia - Trieste,86/87,pubblicato,86,Copertina 86 azzurra,ordinaria,#00B0F0
Friuli - Venezia Giulia,Gorizia - Trieste,87/88,pubblicato,87,Copertina 87 verde,ordinaria,#92D050
Friuli - Venezia Giulia,Gorizia - Trieste,88/89,pubblicato,88,Copertina 88 rossa,ordinaria,#FF0000
Friuli - Venezia Giulia,Gorizia - Trieste,89/90,pubblicato,89,Copertina 89 azzurra,ordinaria,#00B0F0
Friuli - Venezia Giulia,Gorizia - Trieste,90/91,pubblicato,90/91,Copertina 90/91 blu,ordinaria,#002060
Friuli - Venezia Giulia,Gorizia - Trieste,91/92,pubblicato,91,Copertina 91 blu,ordinaria,#002671
Friuli - Venezia Giulia,Gorizia - Trieste,92/93,pubblicato,92,Copertina 92 beige,ordinaria,#DDD9C3
Friuli - Venezia Giulia,Gorizia - Trieste,93/94,pubblicato,93,Copertina 93 beige,ordinaria,#DDD9C3
Friuli - Venezia Giulia,Gorizia - Trieste,94/95,pubblicato,94,Copertina 94 beige,ordinaria,#C4BC96
Friuli - Venezia Giulia,Gorizia - Trieste,95/96,pubblicato,95,Copertina 95 beige,ordinaria,#C4BC96
Friuli - Venezia Giulia,Gorizia - Trieste,96/97,pubblicato,96,Copertina 96 beige,ordinaria,#C4BC96
Friuli - Venezia Giulia,Gorizia - Trieste,97/98,pubblicato,97,Copertina 97 beige,ordinaria,#C4BC96
Friuli - Venezia Giulia,Gorizia - Trieste,98/99,pubblicato,98,Copertina grigia,ordinaria,#999999
Friuli - Venezia Giulia,Gorizia - Trieste,99/00,pubblicato,99/00,Copertina 1999/2000 gialla,ordinaria,#FFD966
Friuli - Venezia Giulia,Gorizia - Trieste,00/01,pubblicato,00/01,Copertina 2000/2001 gialla,ordinaria,#FFD966
Friuli - Venezia Giulia,Gorizia - Trieste,01/02,pubblicato,01/02,Copertina 2001/2002 gialla,ordinaria,#FFD966
Friuli - Venezia Giulia,Gorizia - Trieste,02/03,pubblicato,02/03,Copertina 2002/2003 gialla,ordinaria,#FFD966
Friuli - Venezia Giulia,Gorizia - Trieste,03/04,pubblicato,03/04,Copertina 2003/2004 gialla,ordinaria,#FFD966
Friuli - Venezia Giulia,Gorizia - Trieste,04/05,pubblicato,04/05,Copertina 2004/2005 gialla,ordinaria,#FFD966
Friuli - Venezia Giulia,Gorizia - Trieste,05/06,pubblicato,05,Copertina 2005 arancione,ordinaria,#E69138
Friuli - Venezia Giulia,Gorizia - Trieste,06/07,pubblicato,06,Copertina 2006 arancione/bianca,ordinaria,#F6B26B
Friuli - Venezia Giulia,Gorizia - Trieste,07/08,pubblicato,07,Copertina 2007 arancione/bianca,ordinaria,#F6B26B
Friuli - Venezia Giulia,Gorizia - Trieste,08/09,pubblicato,08/09,Copertina 2008/2009 arancione/bianca,ordinaria,#F6B26B
Friuli - Venezia Giulia,Gorizia - Trieste,09/10,pubblicato,09/10,Copertina 2009/2010 arancione/bianca,ordinaria,#F6B26B
Friuli - Venezia Giulia,Gorizia - Trieste,10/11,pubblicato,10/11,Copertina 2010/2011 arancione/bianca formato ridotto,ordinaria,#F9CB9C
Friuli - Venezia Giulia,Gorizia - Trieste,11/12,pubblicato,11/12,Copertina 2011/2012 arancione/bianca formato ridotto,ordinaria,#F9CB9C
Friuli - Venezia Giulia,Gorizia - Trieste,12/13,pubblicato,12/13,Copertina 2012/2013 arancione/bianca formato ridotto,ordinaria,#F9CB9C
Friuli - Venezia Giulia,Gorizia - Trieste,13/14,pubblicato,13/14,Copertina 2013/2014 arancione/bianca formato ridotto,ordinaria,#F9CB9C
Friuli - Venezia Giulia,Gorizia - Trieste,14/15,pubblicato,14/15,Copertina 2014/2015 arancione/bianca formato ridotto,ordinaria,#F9CB9C
Friuli - Venezia Giulia,Pordenone - Udine,81/82,non_pubblicato,,,ordinaria,
Friuli - Venezia Giulia,Pordenone - Udine,82/83,non_pubblicato,,,ordinaria,
Friuli - Venezia Giulia,Pordenone - Udine,83/84,non_pubblicato,,,ordinaria,
Friuli - Venezia Giulia,Pordenone - Udine,84/85,pubblicato,84,Copertina 84 verde,ordinaria,#92D050
Friuli - Venezia Giulia,Pordenone - Udine,85/86,pubblicato,85,Copertina 85 rossa,ordinaria,#FF0000
Friuli - Venezia Giulia,Pordenone - Udine,86/87,pubblicato,86,Copertina 86 azzurra,ordinaria,#00B0F0
Friuli - Venezia Giulia,Pordenone - Udine,87/88,pubblicato,87,Copertina 87 verde,ordinaria,#92D050
Friuli - Venezia Giulia,Pordenone - Udine,88/89,non_pubblicato,,,ordinaria,
Friuli - Venezia Giulia,Pordenone - Udine,89/90,non_pubblicato,,,ordinaria,
Friuli - Venezia Giulia,Pordenone - Udine,90/91,non_pubblicato,,,ordinaria,
Friuli - Venezia Giulia,Pordenone - Udine,91/92,non_pubblicato,,,ordinaria,
Friuli - Venezia Giulia,Pordenone - Udine,92/93,non_pubblicato,,,ordinaria,
Friuli - Venezia Giulia,Pordenone - Udine,93/94,non_pubblicato,,,ordinaria,
Friuli - Venezia Giulia,Pordenone - Udine,94/95,non_pubblicato,,,ordinaria,
Friuli - Venezia Giulia,Pordenone - Udine,95/96,non_pubblicato,,,ordinaria,
Friuli - Venezia Giulia,Pordenone - Udine,96/97,non_pubblicato,,,ordinaria,
Friuli - Venezia Giulia,Pordenone - Udine,97/98,non_pubblicato,,,ordinaria,
Friuli - Venezia Giulia,Pordenone - Udine,98/99,non_pubblicato,,,ordinaria,
Friuli - Venezia Giulia,Pordenone - Udine,99/00,non_pubblicato,,,ordinaria,
Friuli - Venezia Giulia,Pordenone - Udine,00/01,non_pubblicato,,,ordinaria,
Friuli - Venezia Giulia,Pordenone - Udine,01/02,non_pubblicato,,,ordinaria,
Friuli - Venezia Giulia,Pordenone - Udine,02/03,non_pubblicato,,,ordinaria,
Friuli - Venezia Giulia,Pordenone - Udine,03/04,non_pubblicato,,,ordinaria,
Friuli - Venezia Giulia,Pordenone - Udine,04/05,non_pubblicato,,,ordinaria,
Friuli - Venezia Giulia,Pordenone - Udine,05/06,non_pubblicato,,,ordinaria,
Friuli - Venezia Giulia,Pordenone - Udine,06/07,non_pubblicato,,,ordinaria,
Friuli - Venezia Giulia,Pordenone - Udine,07/08,non_pubblicato,,,ordinaria,
Friuli - Venezia Giulia,Pordenone - Udine,08/09,non_pubblicato,,,ordinaria,
Friuli - Venezia Giulia,Pordenone - Udine,09/10,non_pubblicato,,,ordinaria,
Friuli - Venezia Giulia,Pordenone - Udine,10/11,non_pubblicato,,,ordinaria,
Friuli - Venezia Giulia,Pordenone - Udine,11/12,non_pubblicato,,,ordinaria,
Friuli - Venezia Giulia,Pordenone - Udine,12/13,non_pubblicato,,,ordinaria,
Friuli - Venezia Giulia,Pordenone - Udine,13/14,non_pubblicato,,,ordinaria,
Friuli - Venezia Giulia,Pordenone - Udine,14/15,non_pubblicato,,,ordinaria,
Friuli - Venezia Giulia,Pordenone,81/82,non_pubblicato,,,ordinaria,
Friuli - Venezia Giulia,Pordenone,82/83,non_pubblicato,,,ordinaria,
Friuli - Venezia Giulia,Pordenone,83/84,non_pubblicato,,,ordinaria,
Friuli - Venezia Giulia,Pordenone,84/85,non_pubblicato,,,ordinaria,
Friuli - Venezia Giulia,Pordenone,85/86,non_pubblicato,,,ordinaria,
Friuli - Venezia Giulia,Pordenone,86/87,non_pubblicato,,,ordinaria,
Friuli - Venezia Giulia,Pordenone,87/88,non_pubblicato,,,ordinaria,
Friuli - Venezia Giulia,Pordenone,88/89,pubblicato,88,Copertina 88 rossa,ordinaria,#FF0000
Friuli - Venezia Giulia,Pordenone,89/90,pubblicato,89,Copertina 89 azzurra,ordinaria,#00B0F0
Friuli - Venezia Giulia,Pordenone,90/91,pubblicato,90/91,Copertina 90/91 blu,ordinaria,#002060
Friuli - Venezia Giulia,Pordenone,91/92,pubblicato,91,Copertina 91 blu,ordinaria,#002671
Friuli - Venezia Giulia,Pordenone,92/93,pubblicato,92,Copertina 92 beige,ordinaria,#DDD9C3
Friuli - Venezia Giulia,Pordenone,93/94,pubblicato,93,Copertina 93 beige,ordinaria,#DDD9C3
Friuli - Venezia Giulia,Pordenone,94/95,pubblicato,94,Copertina 94 beige,ordinaria,#C4BC96
Friuli - Venezia Giulia,Pordenone,95/96,pubblicato,95,Copertina 95 beige,ordinaria,#C4BC96
Friuli - Venezia Giulia,Pordenone,96/97,pubblicato,96,Copertina 96 beige,ordinaria,#C4BC96
Friuli - Venezia Giulia,Pordenone,97/98,pubblicato,97,Copertina 97 beige,ordinaria,#C4BC96
Friuli - Venezia Giulia,Pordenone,98/99,non_pubblicato,,,ordinaria,
Friuli - Venezia Giulia,Pordenone,99/00,non_pubblicato,,,ordinaria,
Friuli - Venezia Giulia,Pordenone,00/01,non_pubblicato,,,ordinaria,
Friuli - Venezia Giulia,Pordenone,01/02,non_pubblicato,,,ordinaria,
Friuli - Venezia Giulia,Pordenone,02/03,non_pubblicato,,,ordinaria,
Friuli - Venezia Giulia,Pordenone,03/04,non_pubblicato,,,ordinaria,
Friuli - Venezia Giulia,Pordenone,04/05,non_pubblicato,,,ordinaria,
Friuli - Venezia Giulia,Pordenone,05/06,non_pubblicato,,,ordinaria,
Friuli - Venezia Giulia,Pordenone,06/07,non_pubblicato,,,ordinaria,
Friuli - Venezia Giulia,Pordenone,07/08,non_pubblicato,,,ordinaria,
Friuli - Venezia Giulia,Pordenone,08/09,non_pubblicato,,,ordinaria,
Friuli - Venezia Giulia,Pordenone,09/10,non_pubblicato,,,ordinaria,
Friuli - Venezia Giulia,Pordenone,10/11,non_pubblicato,,,ordinaria,
Friuli - Venezia Giulia,Pordenone,11/12,non_pubblicato,,,ordinaria,
Friuli - Venezia Giulia,Pordenone,12/13,non_pubblicato,,,ordinaria,
Friuli - Venezia Giulia,Pordenone,13/14,non_pubblicato,,,ordinaria,
Friuli - Venezia Giulia,Pordenone,14/15,non_pubblicato,,,ordinaria,
Friuli - Venezia Giulia,Udine,81/82,non_pubblicato,,,ordinaria,
Friuli - Venezia Giulia,Udine,82/83,non_pubblicato,,,ordinaria,
Friuli - Venezia Giulia,Udine,83/84,non_pubblicato,,,ordinaria,
Friuli - Venezia Giulia,Udine,84/85,non_pubblicato,,,ordinaria,
Friuli - Venezia Giulia,Udine,85/86,non_pubblicato,,,ordinaria,
Friuli - Venezia Giulia,Udine,86/87,non_pubblicato,,,ordinaria,
Friuli - Venezia Giulia,Udine,87/88,non_pubblicato,,,ordinaria,
Friuli - Venezia Giulia,Udine,88/89,pubblicato,88,Copertina 88 rossa,ordinaria,#FF0000
Friuli - Venezia Giulia,Udine,89/90,pubblicato,89,Copertina 89 azzurra,ordinaria,#00B0F0
Friuli - Venezia Giulia,Udine,90/91,pubblicato,90/91,Copertina 90/91 blu,ordinaria,#002060
Friuli - Venezia Giulia,Udine,91/92,pubblicato,91,Copertina 91 blu,ordinaria,#002671
Friuli - Venezia Giulia,Udine,92/93,pubblicato,92,Copertina 92 beige,ordinaria,#DDD9C3
Friuli - Venezia Giulia,Udine,93/94,pubblicato,93,Copertina 93 beige,ordinaria,#DDD9C3
Friuli - Venezia Giulia,Udine,94/95,pubblicato,94,Copertina 94 beige,ordinaria,#C4BC96
Friuli - Venezia Giulia,Udine,95/96,pubblicato,95,Copertina 95 beige,ordinaria,#C4BC96
Friuli - Venezia Giulia,Udine,96/97,pubblicato,96,Copertina 96 beige,ordinaria,#C4BC96
Friuli - Venezia Giulia,Udine,97/98,pubblicato,97,Copertina 97 beige,ordinaria,#C4BC96
Friuli - Venezia Giulia,Udine,98/99,pubblicato,98,Copertina grigia,ordinaria,#999999
Friuli - Venezia Giulia,Udine,99/00,pubblicato,99/00,Copertina 1999/2000 gialla,ordinaria,#FFD966
Friuli - Venezia Giulia,Udine,00/01,pubblicato,00/01,Copertina 2000/2001 gialla,ordinaria,#FFD966
Friuli - Venezia Giulia,Udine,01/02,pubblicato,01/02,Copertina 2001/2002 gialla,ordinaria,#FFD966
Friuli - Venezia Giulia,Udine,02/03,pubblicato,02/03,Copertina 2002/2003 gialla,ordinaria,#FFD966
Friuli - Venezia Giulia,Udine,03/04,pubblicato,03/04,Copertina 2003/2004 gialla,ordinaria,#FFD966
Friuli - Venezia Giulia,Udine,04/05,pubblicato,04/05,Copertina 2004/2005 gialla,ordinaria,#FFD966
Friuli - Venezia Giulia,Udine,05/06,pubblicato,05,Copertina 2005 arancione,ordinaria,#E69138
Friuli - Venezia Giulia,Udine,06/07,pubblicato,06,Copertina 2006 arancione/bianca,ordinaria,#F6B26B
Friuli - Venezia Giulia,Udine,07/08,pubblicato,07,Copertina 2007 arancione/bianca,ordinaria,#F6B26B
Friuli - Venezia Giulia,Udine,08/09,pubblicato,08/09,Copertina 2008/2009 arancione/bianca,ordinaria,#F6B26B
Friuli - Venezia Giulia,Udine,09/10,pubblicato,09/10,Copertina 2009/2010 arancione/bianca,ordinaria,#F6B26B
Friuli - Venezia Giulia,Udine,10/11,pubblicato,10/11,Copertina 2010/2011 arancione/bianca formato ridotto,ordinaria,#F9CB9C
Friuli - Venezia Giulia,Udine,11/12,pubblicato,11/12,Copertina 2011/2012 arancione/bianca formato ridotto,ordinaria,#F9CB9C
Friuli - Venezia Giulia,Udine,12/13,pubblicato,12/13,Copertina 2012/2013 arancione/bianca formato ridotto,ordinaria,#F9CB9C
Friuli - Venezia Giulia,Udine,13/14,pubblicato,13/14,Copertina 2013/2014 arancione/bianca formato ridotto,ordinaria,#F9CB9C
Friuli - Venezia Giulia,Udine,14/15,pubblicato,14/15,Copertina 2014/2015 arancione/bianca formato ridotto,ordinaria,#F9CB9C
Friuli - Venezia Giulia,Trieste,81/82,pubblicato,81,Copertina 81 verde,ordinaria,#92D050
Friuli - Venezia Giulia,Trieste,82/83,pubblicato,82,Copertina 82 rossa,ordinaria,#FF0000
Friuli - Venezia Giulia,Trieste,83/84,pubblicato,83,Copertina 83 azzurra,ordinaria,#00B0F0
Friuli - Venezia Giulia,Trieste,84/85,non_pubblicato,,,ordinaria,
Friuli - Venezia Giulia,Trieste,85/86,non_pubblicato,,,ordinaria,
Friuli - Venezia Giulia,Trieste,86/87,non_pubblicato,,,ordinaria,
Friuli - Venezia Giulia,Trieste,87/88,non_pubblicato,,,ordinaria,
Friuli - Venezia Giulia,Trieste,88/89,non_pubblicato,,,ordinaria,
Friuli - Venezia Giulia,Trieste,89/90,non_pubblicato,,,ordinaria,
Friuli - Venezia Giulia,Trieste,90/91,non_pubblicato,,,ordinaria,
Friuli - Venezia Giulia,Trieste,91/92,non_pubblicato,,,ordinaria,
Friuli - Venezia Giulia,Trieste,92/93,non_pubblicato,,,ordinaria,
Friuli - Venezia Giulia,Trieste,93/94,non_pubblicato,,,ordinaria,
Friuli - Venezia Giulia,Trieste,94/95,non_pubblicato,,,ordinaria,
Friuli - Venezia Giulia,Trieste,95/96,non_pubblicato,,,ordinaria,
Friuli - Venezia Giulia,Trieste,96/97,non_pubblicato,,,ordinaria,
Friuli - Venezia Giulia,Trieste,97/98,non_pubblicato,,,ordinaria,
Friuli - Venezia Giulia,Trieste,98/99,non_pubblicato,,,ordinaria,
Friuli - Venezia Giulia,Trieste,99/00,non_pubblicato,,,ordinaria,
Friuli - Venezia Giulia,Trieste,00/01,non_pubblicato,,,ordinaria,
Friuli - Venezia Giulia,Trieste,01/02,non_pubblicato,,,ordinaria,
Friuli - Venezia Giulia,Trieste,02/03,non_pubblicato,,,ordinaria,
Friuli - Venezia Giulia,Trieste,03/04,non_pubblicato,,,ordinaria,
Friuli - Venezia Giulia,Trieste,04/05,non_pubblicato,,,ordinaria,
Friuli - Venezia Giulia,Trieste,05/06,non_pubblicato,,,ordinaria,
Friuli - Venezia Giulia,Trieste,06/07,non_pubblicato,,,ordinaria,
Friuli - Venezia Giulia,Trieste,07/08,non_pubblicato,,,ordinaria,
Friuli - Venezia Giulia,Trieste,08/09,non_pubblicato,,,ordinaria,
Friuli - Venezia Giulia,Trieste,09/10,non_pubblicato,,,ordinaria,
Friuli - Venezia Giulia,Trieste,10/11,non_pubblicato,,,ordinaria,
Friuli - Venezia Giulia,Trieste,11/12,non_pubblicato,,,ordinaria,
Friuli - Venezia Giulia,Trieste,12/13,non_pubblicato,,,ordinaria,
Friuli - Venezia Giulia,Trieste,13/14,non_pubblicato,,,ordinaria,
Friuli - Venezia Giulia,Trieste,14/15,non_pubblicato,,,ordinaria,
Lazio,Frosinone - Latina,81/82,pubblicato,82,Copertina 82 verde,ordinaria,#92D050
Lazio,Frosinone - Latina,82/83,pubblicato,83,Copertina 83 rossa,ordinaria,#FF0000
Lazio,Frosinone - Latina,83/84,pubblicato,84,Copertina 84 azzurra,ordinaria,#00B0F0
Lazio,Frosinone - Latina,84/85,pubblicato,85,Copertina 85 verde,ordinaria,#92D050
Lazio,Frosinone - Latina,85/86,pubblicato,86,Copertina 86 rossa,ordinaria,#FF0000
Lazio,Frosinone - Latina,86/87,pubblicato,87,Copertina 87 azzurra,ordinaria,#00B0F0
Lazio,Frosinone - Latina,87/88,pubblicato,88,Copertina 88 verde,ordinaria,#92D050
Lazio,Frosinone - Latina,88/89,pubblicato,89,Copertina 89 rossa,ordinaria,#FF0000
Lazio,Frosinone - Latina,89/90,non_pubblicato,,,ordinaria,
Lazio,Frosinone - Latina,90/91,non_pubblicato,,,ordinaria,
Lazio,Frosinone - Latina,91/92,non_pubblicato,,,ordinaria,
Lazio,Frosinone - Latina,92/93,non_pubblicato,,,ordinaria,
Lazio,Frosinone - Latina,93/94,non_pubblicato,,,ordinaria,
Lazio,Frosinone - Latina,94/95,non_pubblicato,,,ordinaria,
Lazio,Frosinone - Latina,95/96,non_pubblicato,,,ordinaria,
Lazio,Frosinone - Latina,96/97,non_pubblicato,,,ordinaria,
Lazio,Frosinone - Latina,97/98,non_pubblicato,,,ordinaria,
Lazio,Frosinone - Latina,98/99,non_pubblicato,,,ordinaria,
Lazio,Frosinone - Latina,99/00,non_pubblicato,,,ordinaria,
Lazio,Frosinone - Latina,00/01,non_pubblicato,,,ordinaria,
Lazio,Frosinone - Latina,01/02,non_pubblicato,,,ordinaria,
Lazio,Frosinone - Latina,02/03,non_pubblicato,,,ordinaria,
Lazio,Frosinone - Latina,03/04,non_pubblicato,,,ordinaria,
Lazio,Frosinone - Latina,04/05,non_pubblicato,,,ordinaria,
Lazio,Frosinone - Latina,05/06,non_pubblicato,,,ordinaria,
Lazio,Frosinone - Latina,06/07,non_pubblicato,,,ordinaria,
Lazio,Frosinone - Latina,07/08,non_pubblicato,,,ordinaria,
Lazio,Frosinone - Latina,08/09,non_pubblicato,,,ordinaria,
Lazio,Frosinone - Latina,09/10,non_pubblicato,,,ordinaria,
Lazio,Frosinone - Latina,10/11,non_pubblicato,,,ordinaria,
Lazio,Frosinone - Latina,11/12,non_pubblicato,,,ordinaria,
Lazio,Frosinone - Latina,12/13,non_pubblicato,,,ordinaria,
Lazio,Frosinone - Latina,13/14,non_pubblicato,,,ordinaria,
Lazio,Frosinone - Latina,14/15,non_pubblicato,,,ordinaria,
Lazio,Frosinone,81/82,non_pubblicato,,,ordinaria,
Lazio,Frosinone,82/83,non_pubblicato,,,ordinaria,
Lazio,Frosinone,83/84,non_pubblicato,,,ordinaria,
Lazio,Frosinone,84/85,non_pubblicato,,,ordinaria,
Lazio,Frosinone,85/86,non_pubblicato,,,ordinaria,
Lazio,Frosinone,86/87,non_pubblicato,,,ordinaria,
Lazio,Frosinone,87/88,non_pubblicato,,,ordinaria,
Lazio,Frosinone,88/89,non_pubblicato,,,ordinaria,
Lazio,Frosinone,89/90,pubblicato,90,Copertina 90 azzurra,ordinaria,#00B0F0
Lazio,Frosinone,90/91,pubblicato,91,Copertina 1991 blu,ordinaria,#002060
Lazio,Frosinone,91/92,pubblicato,92,Copertina 92 blu,ordinaria,#002671
Lazio,Frosinone,92/93,pubblicato,93,Copertina 93 beige,ordinaria,#DDD9C3
Lazio,Frosinone,93/94,pubblicato,94,Copertina 94 beige,ordinaria,#C4BC96
Lazio,Frosinone,94/95,pubblicato,95,Copertina 95 beige,ordinaria,#C4BC96
Lazio,Frosinone,95/96,pubblicato,96,Copertina 96 beige,ordinaria,#C4BC96
Lazio,Frosinone,96/97,pubblicato,97,Copertina 97 beige,ordinaria,#C4BC96
Lazio,Frosinone,97/98,pubblicato,98,Copertina grigia,ordinaria,#999999
Lazio,Frosinone,98/99,non_pubblicato,,,ordinaria,
Lazio,Frosinone,99/00,non_pubblicato,,,ordinaria,
Lazio,Frosinone,00/01,non_pubblicato,,,ordinaria,
Lazio,Frosinone,01/02,non_pubblicato,,,ordinaria,
Lazio,Frosinone,02/03,non_pubblicato,,,ordinaria,
Lazio,Frosinone,03/04,non_pubblicato,,,ordinaria,
Lazio,Frosinone,04/05,non_pubblicato,,,ordinaria,
Lazio,Frosinone,05/06,non_pubblicato,,,ordinaria,
Lazio,Frosinone,06/07,non_pubblicato,,,ordinaria,
Lazio,Frosinone,07/08,non_pubblicato,,,ordinaria,
Lazio,Frosinone,08/09,non_pubblicato,,,ordinaria,
Lazio,Frosinone,09/10,non_pubblicato,,,ordinaria,
Lazio,Frosinone,10/11,non_pubblicato,,,ordinaria,
Lazio,Frosinone,11/12,non_pubblicato,,,ordinaria,
Lazio,Frosinone,12/13,non_pubblicato,,,ordinaria,
Lazio,Frosinone,13/14,non_pubblicato,,,ordinaria,
Lazio,Frosinone,14/15,non_pubblicato,,,ordinaria,
Lazio,Latina,81/82,non_pubblicato,,,ordinaria,
Lazio,Latina,82/83,non_pubblicato,,,ordinaria,
Lazio,Latina,83/84,non_pubblicato,,,ordinaria,
Lazio,Latina,84/85,non_pubblicato,,,ordinaria,
Lazio,Latina,85/86,non_pubblicato,,,ordinaria,
Lazio,Latina,86/87,non_pubblicato,,,ordinaria,
Lazio,Latina,87/88,non_pubblicato,,,ordinaria,
Lazio,Latina,88/89,non_pubblicato,,,ordinaria,
Lazio,Latina,89/90,pubblicato,90,Copertina 90 azzurra,ordinaria,#00B0F0
Lazio,Latina,90/91,pubblicato,91,Copertina 1991 blu,ordinaria,#002060
Lazio,Latina,91/92,pubblicato,92,Copertina 92 blu,ordinaria,#002671
Lazio,Latina,92/93,pubblicato,93,Copertina 93 beige,ordinaria,#DDD9C3
Lazio,Latina,93/94,pubblicato,94,Copertina 94 beige,ordinaria,#C4BC96
Lazio,Latina,94/95,pubblicato,95,Copertina 95 beige,ordinaria,#C4BC96
Lazio,Latina,95/96,pubblicato,96,Copertina 96 beige,ordinaria,#C4BC96
Lazio,Latina,96/97,pubblicato,97,Copertina 97 beige,ordinaria,#C4BC96
Lazio,Latina,97/98,pubblicato,98,Copertina grigia,ordinaria,#999999
Lazio,Latina,98/99,non_pubblicato,,,ordinaria,
Lazio,Latina,99/00,non_pubblicato,,,ordinaria,
Lazio,Latina,00/01,non_pubblicato,,,ordinaria,
Lazio,Latina,01/02,non_pubblicato,,,ordinaria,
Lazio,Latina,02/03,non_pubblicato,,,ordinaria,
Lazio,Latina,03/04,non_pubblicato,,,ordinaria,
Lazio,Latina,04/05,non_pubblicato,,,ordinaria,
Lazio,Latina,05/06,non_pubblicato,,,ordinaria,
Lazio,Latina,06/07,non_pubblicato,,,ordinaria,
Lazio,Latina,07/08,non_pubblicato,,,ordinaria,
Lazio,Latina,08/09,non_pubblicato,,,ordinaria,
Lazio,Latina,09/10,non_pubblicato,,,ordinaria,
Lazio,Latina,10/11,non_pubblicato,,,ordinaria,
Lazio,Latina,11/12,non_pubblicato,,,ordinaria,
Lazio,Latina,12/13,non_pubblicato,,,ordinaria,
Lazio,Latina,13/14,non_pubblicato,,,ordinaria,
Lazio,Latina,14/15,non_pubblicato,,,ordinaria,
Lazio,"Rieti - Viterbo (Rieti - Orvieto - Viterbo 82, 83, forse 84)",81/82,pubblicato,82,Copertina 82 verde,ordinaria,#92D050
Lazio,"Rieti - Viterbo (Rieti - Orvieto - Viterbo 82, 83, forse 84)",82/83,pubblicato,83,Copertina 83 rossa,ordinaria,#FF0000
Lazio,"Rieti - Viterbo (Rieti - Orvieto - Viterbo 82, 83, forse 84)",83/84,pubblicato,84,Copertina 84 azzurra,ordinaria,#00B0F0
Lazio,"Rieti - Viterbo (Rieti - Orvieto - Viterbo 82, 83, forse 84)",84/85,pubblicato,85,Copertina 85 verde,ordinaria,#92D050
Lazio,"Rieti - Viterbo (Rieti - Orvieto - Viterbo 82, 83, forse 84)",85/86,pubblicato,86,Copertina 86 rossa,ordinaria,#FF0000
Lazio,"Rieti - Viterbo (Rieti - Orvieto - Viterbo 82, 83, forse 84)",86/87,pubblicato,87,Copertina 87 azzurra,ordinaria,#00B0F0
Lazio,"Rieti - Viterbo (Rieti - Orvieto - Viterbo 82, 83, forse 84)",87/88,pubblicato,88,Copertina 88 verde,ordinaria,#92D050
Lazio,"Rieti - Viterbo (Rieti - Orvieto - Viterbo 82, 83, forse 84)",88/89,pubblicato,89,Copertina 89 rossa,ordinaria,#FF0000
Lazio,"Rieti - Viterbo (Rieti - Orvieto - Viterbo 82, 83, forse 84)",89/90,pubblicato,90,Copertina 90 azzurra,ordinaria,#00B0F0
Lazio,"Rieti - Viterbo (Rieti - Orvieto - Viterbo 82, 83, forse 84)",90/91,pubblicato,91,Copertina 1991 blu,ordinaria,#002060
Lazio,"Rieti - Viterbo (Rieti - Orvieto - Viterbo 82, 83, forse 84)",91/92,pubblicato,92,Copertina 92 blu,ordinaria,#002671
Lazio,"Rieti - Viterbo (Rieti - Orvieto - Viterbo 82, 83, forse 84)",92/93,pubblicato,93,Copertina 93 beige,ordinaria,#DDD9C3
Lazio,"Rieti - Viterbo (Rieti - Orvieto - Viterbo 82, 83, forse 84)",93/94,pubblicato,94,Copertina 94 beige,ordinaria,#C4BC96
Lazio,"Rieti - Viterbo (Rieti - Orvieto - Viterbo 82, 83, forse 84)",94/95,pubblicato,95,Copertina 95 beige,ordinaria,#C4BC96
Lazio,"Rieti - Viterbo (Rieti - Orvieto - Viterbo 82, 83, forse 84)",95/96,pubblicato,96,Copertina 96 beige,ordinaria,#C4BC96
Lazio,"Rieti - Viterbo (Rieti - Orvieto - Viterbo 82, 83, forse 84)",96/97,pubblicato,97,Copertina 97 beige,ordinaria,#C4BC96
Lazio,"Rieti - Viterbo (Rieti - Orvieto - Viterbo 82, 83, forse 84)",97/98,pubblicato,98,Copertina grigia,ordinaria,#999999
Lazio,"Rieti - Viterbo (Rieti - Orvieto - Viterbo 82, 83, forse 84)",98/99,non_pubblicato,,,ordinaria,
Lazio,"Rieti - Viterbo (Rieti - Orvieto - Viterbo 82, 83, forse 84)",99/00,non_pubblicato,,,ordinaria,
Lazio,"Rieti - Viterbo (Rieti - Orvieto - Viterbo 82, 83, forse 84)",00/01,non_pubblicato,,,ordinaria,
Lazio,"Rieti - Viterbo (Rieti - Orvieto - Viterbo 82, 83, forse 84)",01/02,non_pubblicato,,,ordinaria,
Lazio,"Rieti - Viterbo (Rieti - Orvieto - Viterbo 82, 83, forse 84)",02/03,non_pubblicato,,,ordinaria,
Lazio,"Rieti - Viterbo (Rieti - Orvieto - Viterbo 82, 83, forse 84)",03/04,non_pubblicato,,,ordinaria,
Lazio,"Rieti - Viterbo (Rieti - Orvieto - Viterbo 82, 83, forse 84)",04/05,non_pubblicato,,,ordinaria,
Lazio,"Rieti - Viterbo (Rieti - Orvieto - Viterbo 82, 83, forse 84)",05/06,non_pubblicato,,,ordinaria,
Lazio,"Rieti - Viterbo (Rieti - Orvieto - Viterbo 82, 83, forse 84)",06/07,non_pubblicato,,,ordinaria,
Lazio,"Rieti - Viterbo (Rieti - Orvieto - Viterbo 82, 83, forse 84)",07/08,non_pubblicato,,,ordinaria,
Lazio,"Rieti - Viterbo (Rieti - Orvieto - Viterbo 82, 83, forse 84)",08/09,non_pubblicato,,,ordinaria,
Lazio,"Rieti - Viterbo (Rieti - Orvieto - Viterbo 82, 83, forse 84)",09/10,non_pubblicato,,,ordinaria,
Lazio,"Rieti - Viterbo (Rieti - Orvieto - Viterbo 82, 83, forse 84)",10/11,non_pubblicato,,,ordinaria,
Lazio,"Rieti - Viterbo (Rieti - Orvieto - Viterbo 82, 83, forse 84)",11/12,non_pubblicato,,,ordinaria,
Lazio,"Rieti - Viterbo (Rieti - Orvieto - Viterbo 82, 83, forse 84)",12/13,non_pubblicato,,,ordinaria,
Lazio,"Rieti - Viterbo (Rieti - Orvieto - Viterbo 82, 83, forse 84)",13/14,non_pubblicato,,,ordinaria,
Lazio,"Rieti - Viterbo (Rieti - Orvieto - Viterbo 82, 83, forse 84)",14/15,non_pubblicato,,,ordinaria,
Lazio,Roma,81/82,pubblicato,82,Copertina 82 verde,ordinaria,#92D050
Lazio,Roma,82/83,pubblicato,83,Copertina 83 rossa,ordinaria,#FF0000
Lazio,Roma,83/84,pubblicato,84,Copertina 84 azzurra,ordinaria,#00B0F0
Lazio,Roma,84/85,pubblicato,85,Copertina 85 verde,ordinaria,#92D050
Lazio,Roma,85/86,pubblicato,86,Copertina 86 edifici,ordinaria,#CCCCCC
Lazio,Roma,86/87,pubblicato,87,Copertina 87 edifici,ordinaria,#B8D8F4
Lazio,Roma,87/88,pubblicato,88,Copertina 88 edifici,ordinaria,#FFD472
Lazio,Roma,88/89,pubblicato,89,Copertina 89 edifici,ordinaria,#D6E3BC
Lazio,Roma,89/90,pubblicato,90,Copertina 90 edifici,ordinaria,#8AEBFF
Lazio,Roma,90/91,pubblicato,91,Copertina 1991 blu,ordinaria,#002060
Lazio,Roma,91/92,pubblicato,92,Copertina 92 blu,ordinaria,#002671
Lazio,Roma,92/93,pubblicato,93,Copertina 93 beige,ordinaria,#DDD9C3
Lazio,Roma,93/94,pubblicato,94,Copertina 94 beige,ordinaria,#C4BC96
Lazio,Roma,94/95,pubblicato,95,Copertina 95 beige,ordinaria,#C4BC96
Lazio,Roma,95/96,pubblicato,96,Copertina 96 beige,ordinaria,#C4BC96
Lazio,Roma,96/97,pubblicato,97,Copertina 97 beige,ordinaria,#C4BC96
Lazio,Roma,97/98,pubblicato,98,Copertina grigia,ordinaria,#999999
Lazio,Roma,98/99,pubblicato,99,Copertina grigia,ordinaria,#999999
Lazio,Roma,99/00,pubblicato,99/00,Copertina 1999/2000 gialla,ordinaria,#FFD966
Lazio,Roma,00/01,pubblicato,00/01,Copertina 2000/2001 gialla,ordinaria,#FFD966
Lazio,Roma,01/02,pubblicato,01/02,Copertina 2001/2002 gialla,ordinaria,#FFD966
Lazio,Roma,02/03,pubblicato,02/03,Copertina 2002/2003 gialla,ordinaria,#FFD966
Lazio,Roma,03/04,pubblicato,03/04,Copertina 2003/2004 gialla,ordinaria,#FFD966
Lazio,Roma,04/05,pubblicato,04,Copertina 2004 arancione,ordinaria,#E69138
Lazio,Roma,05/06,pubblicato,05,Copertina 2005 arancione,ordinaria,#E69138
Lazio,Roma,06/07,pubblicato,06,Copertina 2006 arancione/bianca,ordinaria,#F6B26B
Lazio,Roma,07/08,pubblicato,07,Copertina 2007 arancione/bianca,ordinaria,#F6B26B
Lazio,Roma,08/09,pubblicato,08/09,Copertina 2008/2009 arancione/bianca,ordinaria,#F6B26B
Lazio,Roma,09/10,pubblicato,09/10,Copertina 2009/2010 arancione/bianca formato ridotto,ordinaria,#F9CB9C
Lazio,Roma,10/11,pubblicato,10/11,Copertina 2010/2011 arancione/bianca formato ridotto,ordinaria,#F9CB9C
Lazio,Roma,11/12,pubblicato,11/12,Copertina 2011/2012 arancione/bianca formato ridotto,ordinaria,#F9CB9C
Lazio,Roma,12/13,pubblicato,12/13,Copertina 2012/2013 arancione/bianca formato ridotto,ordinaria,#F9CB9C
Lazio,Roma,13/14,pubblicato,13/14,Copertina 2013/2014 arancione/bianca formato ridotto,ordinaria,#F9CB9C
Lazio,Roma,14/15,pubblicato,14/15,Copertina 2014/2015 arancione/bianca formato ridotto,ordinaria,#F9CB9C
Lazio,Provincia di Roma,81/82,pubblicato,82,Copertina 82 verde,ordinaria,#92D050
Lazio,Provincia di Roma,82/83,pubblicato,83,Copertina 83 rossa,ordinaria,#FF0000
Lazio,Provincia di Roma,83/84,pubblicato,84,Copertina 84 azzurra,ordinaria,#00B0F0
Lazio,Provincia di Roma,84/85,pubblicato,85,Copertina 85 verde,ordinaria,#92D050
Lazio,Provincia di Roma,85/86,pubblicato,86,Copertina 86 rossa,ordinaria,#FF0000
Lazio,Provincia di Roma,86/87,pubblicato,87,Copertina 87 azzurra,ordinaria,#00B0F0
Lazio,Provincia di Roma,87/88,pubblicato,88,Copertina 88 verde,ordinaria,#92D050
Lazio,Provincia di Roma,88/89,pubblicato,89,Copertina 89 rossa,ordinaria,#FF0000
Lazio,Provincia di Roma,89/90,pubblicato,90,Copertina 90 azzurra,ordinaria,#00B0F0
Lazio,Provincia di Roma,90/91,pubblicato,91,Copertina 1991 blu,ordinaria,#002060
Lazio,Provincia di Roma,91/92,pubblicato,92,Copertina 92 blu,ordinaria,#002671
Lazio,Provincia di Roma,92/93,pubblicato,93,Copertina 93 beige,ordinaria,#DDD9C3
Lazio,Provincia di Roma,93/94,pubblicato,94,Copertina 94 beige,ordinaria,#C4BC96
Lazio,Provincia di Roma,94/95,pubblicato,95,Copertina 95 beige,ordinaria,#C4BC96
Lazio,Provincia di Roma,95/96,pubblicato,96,Copertina 96 beige,ordinaria,#C4BC96
Lazio,Provincia di Roma,96/97,pubblicato,97,Copertina 97 beige,ordinaria,#C4BC96
Lazio,Provincia di Roma,97/98,pubblicato,98,Copertina grigia,ordinaria,#999999
Lazio,Provincia di Roma,98/99,non_pubblicato,,,ordinaria,
Lazio,Provincia di Roma,99/00,non_pubblicato,,,ordinaria,
Lazio,Provincia di Roma,00/01,non_pubblicato,,,ordinaria,
Lazio,Provincia di Roma,01/02,non_pubblicato,,,ordinaria,
Lazio,Provincia di Roma,02/03,non_pubblicato,,,ordinaria,
Lazio,Provincia di Roma,03/04,non_pubblicato,,,ordinaria,
Lazio,Provincia di Roma,04/05,non_pubblicato,,,ordinaria,
Lazio,Provincia di Roma,05/06,non_pubblicato,,,ordinaria,
Lazio,Provincia di Roma,06/07,non_pubblicato,,,ordinaria,
Lazio,Provincia di Roma,07/08,non_pubblicato,,,ordinaria,
Lazio,Provincia di Roma,08/09,non_pubblicato,,,ordinaria,
Lazio,Provincia di Roma,09/10,non_pubblicato,,,ordinaria,
Lazio,Provincia di Roma,10/11,non_pubblicato,,,ordinaria,
Lazio,Provincia di Roma,11/12,non_pubblicato,,,ordinaria,
Lazio,Provincia di Roma,12/13,non_pubblicato,,,ordinaria,
Lazio,Provincia di Roma,13/14,non_pubblicato,,,ordinaria,
Lazio,Provincia di Roma,14/15,non_pubblicato,,,ordinaria,
Liguria,Genova,81/82,pubblicato,81,Copertina 81 verde,ordinaria,#92D050
Liguria,Genova,82/83,pubblicato,82,Copertina 82 rossa,ordinaria,#FF0000
Liguria,Genova,83/84,pubblicato,83,Copertina 83 azzurra,ordinaria,#00B0F0
Liguria,Genova,84/85,pubblicato,84,Copertina 84 verde,ordinaria,#92D050
Liguria,Genova,85/86,pubblicato,85,Copertina 85 rossa,ordinaria,#FF0000
Liguria,Genova,86/87,pubblicato,86,Copertina 86 edifici,ordinaria,#CCCCCC
Liguria,Genova,87/88,pubblicato,87,Copertina 87 edifici,ordinaria,#B8D8F4
Liguria,Genova,88/89,pubblicato,88,Copertina 88 edifici,ordinaria,#FFD472
Liguria,Genova,89/90,pubblicato,89,Copertina 89 edifici,ordinaria,#D6E3BC
Liguria,Genova,90/91,pubblicato,90/91,Copertina 90/91 blu,ordinaria,#002060
Liguria,Genova,91/92,pubblicato,91,Copertina 91 blu,ordinaria,#002671
Liguria,Genova,92/93,pubblicato,92,Copertina 92 beige,ordinaria,#DDD9C3
Liguria,Genova,93/94,pubblicato,93,Copertina 93 beige,ordinaria,#DDD9C3
Liguria,Genova,94/95,pubblicato,94,Copertina 94 beige,ordinaria,#C4BC96
Liguria,Genova,95/96,pubblicato,95,Copertina 95 beige,ordinaria,#C4BC96
Liguria,Genova,96/97,pubblicato,96,Copertina 96 beige,ordinaria,#C4BC96
Liguria,Genova,97/98,pubblicato,97,Copertina 97 beige,ordinaria,#C4BC96
Liguria,Genova,98/99,pubblicato,98,Copertina grigia,ordinaria,#999999
Liguria,Genova,99/00,pubblicato,,,ordinaria,#FFD966
Liguria,Genova,00/01,pubblicato,00/01,Copertina 2000/2001 gialla,ordinaria,#FFD966
Liguria,Genova,01/02,pubblicato,,,ordinaria,#FFD966
Liguria,Genova,02/03,pubblicato,02/03,Copertina 2002/2003 gialla,ordinaria,#FFD966
Liguria,Genova,03/04,pubblicato,,,ordinaria,#FFD966
Liguria,Genova,04/05,pubblicato,,,ordinaria,#FFD966
Liguria,Genova,05/06,pubblicato,05,Copertina 2005 arancione,ordinaria,#E69138
Liguria,Genova,06/07,pubblicato,06,Copertina 2006 arancione/bianca,ordinaria,#F6B26B
Liguria,Genova,07/08,pubblicato,07,Copertina 2007 arancione/bianca,ordinaria,#F6B26B
Liguria,Genova,08/09,pubblicato,08/09,Copertina 2008/2009 arancione/bianca,ordinaria,#F6B26B
Liguria,Genova,09/10,pubblicato,09/10,Copertina 2009/2010 arancione/bianca formato ridotto,ordinaria,#F9CB9C
Liguria,Genova,10/11,pubblicato,10/11,Copertina 2010/2011 arancione/bianca formato ridotto,ordinaria,#F9CB9C
Liguria,Genova,11/12,pubblicato,11/12,Copertina 2011/2012 arancione/bianca formato ridotto,ordinaria,#F9CB9C
Liguria,Genova,12/13,pubblicato,12/13,Copertina 2012/2013 arancione/bianca formato ridotto,ordinaria,#F9CB9C
Liguria,Genova,13/14,pubblicato,13/14,Copertina 2013/2014 arancione/bianca formato ridotto,ordinaria,#F9CB9C
Liguria,Genova,14/15,pubblicato,14/15,Copertina 2014/2015 arancione/bianca formato ridotto,ordinaria,#F9CB9C
Liguria,Imperia - Savona,81/82,pubblicato,81,Copertina 81 verde,ordinaria,#92D050
Liguria,Imperia - Savona,82/83,pubblicato,82,Copertina 82 rossa,ordinaria,#FF0000
Liguria,Imperia - Savona,83/84,pubblicato,83,Copertina 83 azzurra,ordinaria,#00B0F0
Liguria,Imperia - Savona,84/85,non_pubblicato,,,ordinaria,
Liguria,Imperia - Savona,85/86,non_pubblicato,,,ordinaria,
Liguria,Imperia - Savona,86/87,non_pubblicato,,,ordinaria,
Liguria,Imperia - Savona,87/88,non_pubblicato,,,ordinaria,
Liguria,Imperia - Savona,88/89,non_pubblicato,,,ordinaria,
Liguria,Imperia - Savona,89/90,non_pubblicato,,,ordinaria,
Liguria,Imperia - Savona,90/91,non_pubblicato,,,ordinaria,
Liguria,Imperia - Savona,91/92,non_pubblicato,,,ordinaria,
Liguria,Imperia - Savona,92/93,non_pubblicato,,,ordinaria,
Liguria,Imperia - Savona,93/94,non_pubblicato,,,ordinaria,
Liguria,Imperia - Savona,94/95,non_pubblicato,,,ordinaria,
Liguria,Imperia - Savona,95/96,non_pubblicato,,,ordinaria,
Liguria,Imperia - Savona,96/97,non_pubblicato,,,ordinaria,
Liguria,Imperia - Savona,97/98,non_pubblicato,,,ordinaria,
Liguria,Imperia - Savona,98/99,non_pubblicato,,,ordinaria,
Liguria,Imperia - Savona,99/00,non_pubblicato,,,ordinaria,
Liguria,Imperia - Savona,00/01,non_pubblicato,,,ordinaria,
Liguria,Imperia - Savona,01/02,non_pubblicato,,,ordinaria,
Liguria,Imperia - Savona,02/03,non_pubblicato,,,ordinaria,
Liguria,Imperia - Savona,03/04,non_pubblicato,,,ordinaria,
Liguria,Imperia - Savona,04/05,non_pubblicato,,,ordinaria,
Liguria,Imperia - Savona,05/06,non_pubblicato,,,ordinaria,
Liguria,Imperia - Savona,06/07,non_pubblicato,,,ordinaria,
Liguria,Imperia - Savona,07/08,non_pubblicato,,,ordinaria,
Liguria,Imperia - Savona,08/09,non_pubblicato,,,ordinaria,
Liguria,Imperia - Savona,09/10,non_pubblicato,,,ordinaria,
Liguria,Imperia - Savona,10/11,non_pubblicato,,,ordinaria,
Liguria,Imperia - Savona,11/12,non_pubblicato,,,ordinaria,
Liguria,Imperia - Savona,12/13,non_pubblicato,,,ordinaria,
Liguria,Imperia - Savona,13/14,non_pubblicato,,,ordinaria,
Liguria,Imperia - Savona,14/15,non_pubblicato,,,ordinaria,
Liguria,Imperia,81/82,non_pubblicato,,,ordinaria,
Liguria,Imperia,82/83,non_pubblicato,,,ordinaria,
Liguria,Imperia,83/84,non_pubblicato,,,ordinaria,
Liguria,Imperia,84/85,pubblicato,84,Copertina 84 verde,ordinaria,#92D050
Liguria,Imperia,85/86,pubblicato,85,Copertina 85 rossa,ordinaria,#FF0000
Liguria,Imperia,86/87,pubblicato,86,Copertina 86 azzurra,ordinaria,#00B0F0
Liguria,Imperia,87/88,pubblicato,87,Copertina 87 verde,ordinaria,#92D050
Liguria,Imperia,88/89,pubblicato,88,Copertina 88 rossa,ordinaria,#FF0000
Liguria,Imperia,89/90,pubblicato,89,Copertina 89 azzurra,ordinaria,#00B0F0
Liguria,Imperia,90/91,pubblicato,90/91,Copertina 90/91 blu,ordinaria,#002060
Liguria,Imperia,91/92,pubblicato,91,Copertina 91 blu,ordinaria,#002671
Liguria,Imperia,92/93,pubblicato,92,Copertina 92 beige,ordinaria,#DDD9C3
Liguria,Imperia,93/94,pubblicato,93,Copertina 93 beige,ordinaria,#C4BC96
Liguria,Imperia,94/95,pubblicato,94,Copertina 94 beige,ordinaria,#C4BC96
Liguria,Imperia,95/96,pubblicato,95,Copertina 95 beige,ordinaria,#C4BC96
Liguria,Imperia,96/97,pubblicato,96,Copertina 96 beige,ordinaria,#C4BC96
Liguria,Imperia,97/98,pubblicato,97,Copertina 97 beige,ordinaria,#C4BC96
Liguria,Imperia,98/99,probabile_non_confermato,,,ordinaria,
Liguria,Imperia,99/00,non_pubblicato,,,ordinaria,
Liguria,Imperia,00/01,non_pubblicato,,,ordinaria,
Liguria,Imperia,01/02,non_pubblicato,,,ordinaria,
Liguria,Imperia,02/03,non_pubblicato,,,ordinaria,
Liguria,Imperia,03/04,non_pubblicato,,,ordinaria,
Liguria,Imperia,04/05,non_pubblicato,,,ordinaria,
Liguria,Imperia,05/06,non_pubblicato,,,ordinaria,
Liguria,Imperia,06/07,non_pubblicato,,,ordinaria,
Liguria,Imperia,07/08,non_pubblicato,,,ordinaria,
Liguria,Imperia,08/09,non_pubblicato,,,ordinaria,
Liguria,Imperia,09/10,non_pubblicato,,,ordinaria,
Liguria,Imperia,10/11,non_pubblicato,,,ordinaria,
Liguria,Imperia,11/12,non_pubblicato,,,ordinaria,
Liguria,Imperia,12/13,non_pubblicato,,,ordinaria,
Liguria,Imperia,13/14,non_pubblicato,,,ordinaria,
Liguria,Imperia,14/15,non_pubblicato,,,ordinaria,
Liguria,La Spezia,81/82,pubblicato,81,Copertina 81 verde,ordinaria,#92D050
Liguria,La Spezia,82/83,pubblicato,82,Copertina 82 rossa,ordinaria,#FF0000
Liguria,La Spezia,83/84,pubblicato,83,Copertina 83 azzurra,ordinaria,#00B0F0
Liguria,La Spezia,84/85,pubblicato,84,Copertina 84 verde,ordinaria,#92D050
Liguria,La Spezia,85/86,pubblicato,85,Copertina 85 rossa,ordinaria,#FF0000
Liguria,La Spezia,86/87,pubblicato,86,Copertina 86 azzurra,ordinaria,#00B0F0
Liguria,La Spezia,87/88,pubblicato,87,Copertina 87 verde,ordinaria,#92D050
Liguria,La Spezia,88/89,pubblicato,88,Copertina 88 rossa,ordinaria,#FF0000
Liguria,La Spezia,89/90,pubblicato,89,Copertina 89 azzurra,ordinaria,#00B0F0
Liguria,La Spezia,90/91,pubblicato,90/91,Copertina 90/91 blu,ordinaria,#002060
Liguria,La Spezia,91/92,pubblicato,91,Copertina 91 blu,ordinaria,#002671
Liguria,La Spezia,92/93,pubblicato,92,Copertina 92 beige,ordinaria,#DDD9C3
Liguria,La Spezia,93/94,pubblicato,93,Copertina 93 beige,ordinaria,#C4BC96
Liguria,La Spezia,94/95,pubblicato,94,Copertina 94 beige,ordinaria,#C4BC96
Liguria,La Spezia,95/96,pubblicato,95,Copertina 95 beige,ordinaria,#C4BC96
Liguria,La Spezia,96/97,pubblicato,96,Copertina 96 beige,ordinaria,#C4BC96
Liguria,La Spezia,97/98,pubblicato,97,Copertina 97 beige,ordinaria,#C4BC96
Liguria,La Spezia,98/99,pubblicato,98,Copertina grigia,ordinaria,#999999
Liguria,La Spezia,99/00,non_pubblicato,,,ordinaria,
Liguria,La Spezia,00/01,non_pubblicato,,,ordinaria,
Liguria,La Spezia,01/02,non_pubblicato,,,ordinaria,
Liguria,La Spezia,02/03,non_pubblicato,,,ordinaria,
Liguria,La Spezia,03/04,non_pubblicato,,,ordinaria,
Liguria,La Spezia,04/05,non_pubblicato,,,ordinaria,
Liguria,La Spezia,05/06,non_pubblicato,,,ordinaria,
Liguria,La Spezia,06/07,non_pubblicato,,,ordinaria,
Liguria,La Spezia,07/08,non_pubblicato,,,ordinaria,
Liguria,La Spezia,08/09,non_pubblicato,,,ordinaria,
Liguria,La Spezia,09/10,non_pubblicato,,,ordinaria,
Liguria,La Spezia,10/11,non_pubblicato,,,ordinaria,
Liguria,La Spezia,11/12,non_pubblicato,,,ordinaria,
Liguria,La Spezia,12/13,non_pubblicato,,,ordinaria,
Liguria,La Spezia,13/14,non_pubblicato,,,ordinaria,
Liguria,La Spezia,14/15,non_pubblicato,,,ordinaria,
Liguria,Savona,81/82,non_pubblicato,,,ordinaria,
Liguria,Savona,82/83,non_pubblicato,,,ordinaria,
Liguria,Savona,83/84,non_pubblicato,,,ordinaria,
Liguria,Savona,84/85,pubblicato,84,Copertina 84 verde,ordinaria,#92D050
Liguria,Savona,85/86,pubblicato,85,Copertina 85 rossa,ordinaria,#FF0000
Liguria,Savona,86/87,pubblicato,86,Copertina 86 azzurra,ordinaria,#00B0F0
Liguria,Savona,87/88,pubblicato,87,Copertina 87 verde,ordinaria,#92D050
Liguria,Savona,88/89,pubblicato,88,Copertina 88 rossa,ordinaria,#FF0000
Liguria,Savona,89/90,pubblicato,89,Copertina 89 azzurra,ordinaria,#00B0F0
Liguria,Savona,90/91,pubblicato,90/91,Copertina 90/91 blu,ordinaria,#002060
Liguria,Savona,91/92,pubblicato,91,Copertina 91 blu,ordinaria,#002671
Liguria,Savona,92/93,pubblicato,92,Copertina 92 beige,ordinaria,#DDD9C3
Liguria,Savona,93/94,pubblicato,93,Copertina 93 beige,ordinaria,#C4BC96
Liguria,Savona,94/95,pubblicato,94,Copertina 94 beige,ordinaria,#C4BC96
Liguria,Savona,95/96,pubblicato,95,Copertina 95 beige,ordinaria,#C4BC96
Liguria,Savona,96/97,pubblicato,96,Copertina 96 beige,ordinaria,#C4BC96
Liguria,Savona,97/98,pubblicato,97,Copertina 97 beige,ordinaria,#C4BC96
Liguria,Savona,98/99,non_pubblicato,,,ordinaria,
Liguria,Savona,99/00,non_pubblicato,,,ordinaria,
Liguria,Savona,00/01,non_pubblicato,,,ordinaria,
Liguria,Savona,01/02,non_pubblicato,,,ordinaria,
Liguria,Savona,02/03,non_pubblicato,,,ordinaria,
Liguria,Savona,03/04,non_pubblicato,,,ordinaria,
Liguria,Savona,04/05,non_pubblicato,,,ordinaria,
Liguria,Savona,05/06,non_pubblicato,,,ordinaria,
Liguria,Savona,06/07,non_pubblicato,,,ordinaria,
Liguria,Savona,07/08,non_pubblicato,,,ordinaria,
Liguria,Savona,08/09,non_pubblicato,,,ordinaria,
Liguria,Savona,09/10,non_pubblicato,,,ordinaria,
Liguria,Savona,10/11,non_pubblicato,,,ordinaria,
Liguria,Savona,11/12,non_pubblicato,,,ordinaria,
Liguria,Savona,12/13,non_pubblicato,,,ordinaria,
Liguria,Savona,13/14,non_pubblicato,,,ordinaria,
Liguria,Savona,14/15,non_pubblicato,,,ordinaria,
Lombardia,Bergamo,81/82,pubblicato,81,Copertina 81 verde,ordinaria,#92D050
Lombardia,Bergamo,82/83,pubblicato,82,Copertina 82 rossa,ordinaria,#FF0000
Lombardia,Bergamo,83/84,pubblicato,83,Copertina 83 azzurra,ordinaria,#00B0F0
Lombardia,Bergamo,84/85,pubblicato,84,Copertina 84 verde,ordinaria,#92D050
Lombardia,Bergamo,85/86,pubblicato,85,Copertina 85 rossa,ordinaria,#FF0000
Lombardia,Bergamo,86/87,pubblicato,86,Copertina 86 azzurra,ordinaria,#00B0F0
Lombardia,Bergamo,87/88,pubblicato,87,Copertina 87 verde,ordinaria,#92D050
Lombardia,Bergamo,88/89,pubblicato,88,Copertina 88 rossa,ordinaria,#FF0000
Lombardia,Bergamo,89/90,pubblicato,89,Copertina 89 azzurra,ordinaria,#00B0F0
Lombardia,Bergamo,90/91,pubblicato,90/91,Copertina 90/91 blu,ordinaria,#002060
Lombardia,Bergamo,91/92,pubblicato,91,Copertina 91 blu,ordinaria,#002671
Lombardia,Bergamo,92/93,pubblicato,92,Copertina 92 beige,ordinaria,#DDD9C3
Lombardia,Bergamo,93/94,pubblicato,93,Copertina 93 beige,ordinaria,#C4BC96
Lombardia,Bergamo,94/95,pubblicato,94,Copertina 94 beige,ordinaria,#C4BC96
Lombardia,Bergamo,95/96,pubblicato,95,Copertina 95 beige,ordinaria,#C4BC96
Lombardia,Bergamo,96/97,pubblicato,96,Copertina 96 beige,ordinaria,#C4BC96
Lombardia,Bergamo,97/98,pubblicato,97,Copertina 97 beige,ordinaria,#C4BC96
Lombardia,Bergamo,98/99,pubblicato,98,Copertina grigia,ordinaria,#999999
Lombardia,Bergamo,99/00,pubblicato,,,ordinaria,#FFD966
Lombardia,Bergamo,00/01,pubblicato,,,ordinaria,#FFD966
Lombardia,Bergamo,01/02,pubblicato,,,ordinaria,#FFD966
Lombardia,Bergamo,02/03,pubblicato,,,ordinaria,#FFD966
Lombardia,Bergamo,03/04,pubblicato,,,ordinaria,#FFD966
Lombardia,Bergamo,04/05,pubblicato,04,Copertina 2004 arancione,ordinaria,#E69138
Lombardia,Bergamo,05/06,pubblicato,05,Copertina 2005 arancione,ordinaria,#E69138
Lombardia,Bergamo,06/07,pubblicato,06,Copertina 2006 arancione/bianca,ordinaria,#F6B26B
Lombardia,Bergamo,07/08,pubblicato,07,Copertina 2007 arancione/bianca,ordinaria,#F6B26B
Lombardia,Bergamo,08/09,pubblicato,08/09,Copertina 2008/2009 arancione/bianca,ordinaria,#F6B26B
Lombardia,Bergamo,09/10,pubblicato,09/10,Copertina 2009/2010 arancione/bianca formato ridotto,ordinaria,#F9CB9C
Lombardia,Bergamo,10/11,pubblicato,10/11,Copertina 2010/2011 arancione/bianca formato ridotto,ordinaria,#F9CB9C
Lombardia,Bergamo,11/12,pubblicato,11/12,Copertina 2011/2012 arancione/bianca formato ridotto,ordinaria,#F9CB9C
Lombardia,Bergamo,12/13,pubblicato,12/13,Copertina 2012/2013 arancione/bianca formato ridotto,ordinaria,#F9CB9C
Lombardia,Bergamo,13/14,pubblicato,13/14,Copertina 2013/2014 arancione/bianca formato ridotto,ordinaria,#F9CB9C
Lombardia,Bergamo,14/15,pubblicato,14/15,Copertina 2014/2015 arancione/bianca formato ridotto,ordinaria,#F9CB9C
Lombardia,Brescia,81/82,pubblicato,81,Copertina 81 verde,ordinaria,#92D050
Lombardia,Brescia,82/83,pubblicato,82,Copertina 82 rossa,ordinaria,#FF0000
Lombardia,Brescia,83/84,pubblicato,83,Copertina 83 azzurra,ordinaria,#00B0F0
Lombardia,Brescia,84/85,pubblicato,84,Copertina 84 verde,ordinaria,#92D050
Lombardia,Brescia,85/86,pubblicato,85,Copertina 85 rossa,ordinaria,#FF0000
Lombardia,Brescia,86/87,pubblicato,86,Copertina 86 azzurra,ordinaria,#00B0F0
Lombardia,Brescia,87/88,pubblicato,87,Copertina 87 verde,ordinaria,#92D050
Lombardia,Brescia,88/89,pubblicato,88,Copertina 88 rossa,ordinaria,#FF0000
Lombardia,Brescia,89/90,pubblicato,89,Copertina 89 azzurra,ordinaria,#00B0F0
Lombardia,Brescia,90/91,pubblicato,90/91,Copertina 90/91 blu,ordinaria,#002060
Lombardia,Brescia,91/92,pubblicato,91,Copertina 91 blu,ordinaria,#002671
Lombardia,Brescia,92/93,pubblicato,92,Copertina 92 beige,ordinaria,#DDD9C3
Lombardia,Brescia,93/94,pubblicato,93,Copertina 93 beige,ordinaria,#C4BC96
Lombardia,Brescia,94/95,pubblicato,94,Copertina 94 beige,ordinaria,#C4BC96
Lombardia,Brescia,95/96,pubblicato,95,Copertina 95 beige,ordinaria,#C4BC96
Lombardia,Brescia,96/97,pubblicato,96,Copertina 96 beige,ordinaria,#C4BC96
Lombardia,Brescia,97/98,pubblicato,97,Copertina 97 beige,ordinaria,#C4BC96
Lombardia,Brescia,98/99,pubblicato,98,Copertina grigia,ordinaria,#999999
Lombardia,Brescia,99/00,pubblicato,,,ordinaria,#FFD966
Lombardia,Brescia,00/01,pubblicato,,,ordinaria,#FFD966
Lombardia,Brescia,01/02,pubblicato,,,ordinaria,#FFD966
Lombardia,Brescia,02/03,pubblicato,,,ordinaria,#FFD966
Lombardia,Brescia,03/04,pubblicato,,,ordinaria,#FFD966
Lombardia,Brescia,04/05,pubblicato,04,Copertina 2004 arancione,ordinaria,#E69138
Lombardia,Brescia,05/06,pubblicato,05,Copertina 2005 arancione,ordinaria,#E69138
Lombardia,Brescia,06/07,pubblicato,06,Copertina 2006 arancione/bianca,ordinaria,#F6B26B
Lombardia,Brescia,07/08,pubblicato,07,Copertina 2007 arancione/bianca,ordinaria,#F6B26B
Lombardia,Brescia,08/09,pubblicato,08/09,Copertina 2008/2009 arancione/bianca,ordinaria,#F6B26B
Lombardia,Brescia,09/10,pubblicato,09/10,Copertina 2009/2010 arancione/bianca formato ridotto,ordinaria,#F9CB9C
Lombardia,Brescia,10/11,pubblicato,10/11,Copertina 2010/2011 arancione/bianca formato ridotto,ordinaria,#F9CB9C
Lombardia,Brescia,11/12,pubblicato,11/12,Copertina 2011/2012 arancione/bianca formato ridotto,ordinaria,#F9CB9C
Lombardia,Brescia,12/13,pubblicato,12/13,Copertina 2012/2013 arancione/bianca formato ridotto,ordinaria,#F9CB9C
Lombardia,Brescia,13/14,pubblicato,13/14,Copertina 2013/2014 arancione/bianca formato ridotto,ordinaria,#F9CB9C
Lombardia,Brescia,14/15,pubblicato,14/15,Copertina 2014/2015 arancione/bianca formato ridotto,ordinaria,#F9CB9C
Lombardia,Como - Sondrio,81/82,pubblicato,81,Copertina 81 verde,ordinaria,#92D050
Lombardia,Como - Sondrio,82/83,pubblicato,82,Copertina 82 rossa,ordinaria,#FF0000
Lombardia,Como - Sondrio,83/84,pubblicato,83,Copertina 83 azzurra,ordinaria,#00B0F0
Lombardia,Como - Sondrio,84/85,non_pubblicato,,,ordinaria,
Lombardia,Como - Sondrio,85/86,non_pubblicato,,,ordinaria,
Lombardia,Como - Sondrio,86/87,non_pubblicato,,,ordinaria,
Lombardia,Como - Sondrio,87/88,non_pubblicato,,,ordinaria,
Lombardia,Como - Sondrio,88/89,non_pubblicato,,,ordinaria,
Lombardia,Como - Sondrio,89/90,non_pubblicato,,,ordinaria,
Lombardia,Como - Sondrio,90/91,non_pubblicato,,,ordinaria,
Lombardia,Como - Sondrio,91/92,non_pubblicato,,,ordinaria,
Lombardia,Como - Sondrio,92/93,non_pubblicato,,,ordinaria,
Lombardia,Como - Sondrio,93/94,non_pubblicato,,,ordinaria,
Lombardia,Como - Sondrio,94/95,non_pubblicato,,,ordinaria,
Lombardia,Como - Sondrio,95/96,non_pubblicato,,,ordinaria,
Lombardia,Como - Sondrio,96/97,non_pubblicato,,,ordinaria,
Lombardia,Como - Sondrio,97/98,non_pubblicato,,,ordinaria,
Lombardia,Como - Sondrio,98/99,non_pubblicato,,,ordinaria,
Lombardia,Como - Sondrio,99/00,non_pubblicato,,,ordinaria,
Lombardia,Como - Sondrio,00/01,non_pubblicato,,,ordinaria,
Lombardia,Como - Sondrio,01/02,non_pubblicato,,,ordinaria,
Lombardia,Como - Sondrio,02/03,non_pubblicato,,,ordinaria,
Lombardia,Como - Sondrio,03/04,non_pubblicato,,,ordinaria,
Lombardia,Como - Sondrio,04/05,non_pubblicato,,,ordinaria,
Lombardia,Como - Sondrio,05/06,non_pubblicato,,,ordinaria,
Lombardia,Como - Sondrio,06/07,non_pubblicato,,,ordinaria,
Lombardia,Como - Sondrio,07/08,non_pubblicato,,,ordinaria,
Lombardia,Como - Sondrio,08/09,non_pubblicato,,,ordinaria,
Lombardia,Como - Sondrio,09/10,non_pubblicato,,,ordinaria,
Lombardia,Como - Sondrio,10/11,non_pubblicato,,,ordinaria,
Lombardia,Como - Sondrio,11/12,non_pubblicato,,,ordinaria,
Lombardia,Como - Sondrio,12/13,non_pubblicato,,,ordinaria,
Lombardia,Como - Sondrio,13/14,non_pubblicato,,,ordinaria,
Lombardia,Como - Sondrio,14/15,non_pubblicato,,,ordinaria,
Lombardia,Como (Como - Lecco dal 1995 (?)),81/82,non_pubblicato,,,ordinaria,
Lombardia,Como (Como - Lecco dal 1995 (?)),82/83,non_pubblicato,,,ordinaria,
Lombardia,Como (Como - Lecco dal 1995 (?)),83/84,non_pubblicato,,,ordinaria,
Lombardia,Como (Como - Lecco dal 1995 (?)),84/85,pubblicato,84,Copertina 84 verde,ordinaria,#92D050
Lombardia,Como (Como - Lecco dal 1995 (?)),85/86,pubblicato,85,Copertina 85 rossa,ordinaria,#FF0000
Lombardia,Como (Como - Lecco dal 1995 (?)),86/87,pubblicato,86,Copertina 86 azzurra,ordinaria,#00B0F0
Lombardia,Como (Como - Lecco dal 1995 (?)),87/88,pubblicato,87,Copertina 87 verde,ordinaria,#92D050
Lombardia,Como (Como - Lecco dal 1995 (?)),88/89,pubblicato,88,Copertina 88 rossa,ordinaria,#FF0000
Lombardia,Como (Como - Lecco dal 1995 (?)),89/90,pubblicato,89,Copertina 89 azzurra,ordinaria,#00B0F0
Lombardia,Como (Como - Lecco dal 1995 (?)),90/91,pubblicato,90/91,Copertina 90/91 blu,ordinaria,#002060
Lombardia,Como (Como - Lecco dal 1995 (?)),91/92,pubblicato,91,Copertina 91 blu,ordinaria,#002671
Lombardia,Como (Como - Lecco dal 1995 (?)),92/93,pubblicato,92,Copertina 92 beige,ordinaria,#DDD9C3
Lombardia,Como (Como - Lecco dal 1995 (?)),93/94,pubblicato,93,Copertina 93 beige,ordinaria,#DDD9C3
Lombardia,Como (Como - Lecco dal 1995 (?)),94/95,pubblicato,94,Copertina 94 beige,ordinaria,#C4BC96
Lombardia,Como (Como - Lecco dal 1995 (?)),95/96,pubblicato,95,Copertina 95 beige,ordinaria,#C4BC96
Lombardia,Como (Como - Lecco dal 1995 (?)),96/97,pubblicato,96,Copertina 96 beige,ordinaria,#C4BC96
Lombardia,Como (Como - Lecco dal 1995 (?)),97/98,pubblicato,97,Copertina 97 beige,ordinaria,#C4BC96
Lombardia,Como (Como - Lecco dal 1995 (?)),98/99,pubblicato,98,Copertina grigia,ordinaria,#999999
Lombardia,Como (Como - Lecco dal 1995 (?)),99/00,pubblicato,99/00,Copertina 1999/2000 gialla,ordinaria,#FFD966
Lombardia,Como (Como - Lecco dal 1995 (?)),00/01,pubblicato,,,ordinaria,#FFD966
Lombardia,Como (Como - Lecco dal 1995 (?)),01/02,pubblicato,,,ordinaria,#FFD966
Lombardia,Como (Como - Lecco dal 1995 (?)),02/03,pubblicato,,,ordinaria,#FFD966
Lombardia,Como (Como - Lecco dal 1995 (?)),03/04,pubblicato,03/04,Copertina 2003/2004 gialla,ordinaria,#FFD966
Lombardia,Como (Como - Lecco dal 1995 (?)),04/05,pubblicato,04,Copertina 2004 arancione,ordinaria,#E69138
Lombardia,Como (Como - Lecco dal 1995 (?)),05/06,pubblicato,05,Copertina 2005 arancione,ordinaria,#E69138
Lombardia,Como (Como - Lecco dal 1995 (?)),06/07,pubblicato,06,Copertina 2006 arancione/bianca,ordinaria,#F6B26B
Lombardia,Como (Como - Lecco dal 1995 (?)),07/08,pubblicato,07,Copertina 2007 arancione/bianca,ordinaria,#F6B26B
Lombardia,Como (Como - Lecco dal 1995 (?)),08/09,pubblicato,08/09,Copertina 2008/2009 arancione/bianca,ordinaria,#F6B26B
Lombardia,Como (Como - Lecco dal 1995 (?)),09/10,pubblicato,09/10,Copertina 2009/2010 arancione/bianca formato ridotto,ordinaria,#F9CB9C
Lombardia,Como (Como - Lecco dal 1995 (?)),10/11,pubblicato,10/11,Copertina 2010/2011 arancione/bianca formato ridotto,ordinaria,#F9CB9C
Lombardia,Como (Como - Lecco dal 1995 (?)),11/12,pubblicato,11/12,Copertina 2011/2012 arancione/bianca formato ridotto,ordinaria,#F9CB9C
Lombardia,Como (Como - Lecco dal 1995 (?)),12/13,pubblicato,12/13,Copertina 2012/2013 arancione/bianca formato ridotto,ordinaria,#F9CB9C
Lombardia,Como (Como - Lecco dal 1995 (?)),13/14,pubblicato,13/14,Copertina 2013/2014 arancione/bianca formato ridotto,ordinaria,#F9CB9C
Lombardia,Como (Como - Lecco dal 1995 (?)),14/15,pubblicato,14/15,Copertina 2014/2015 arancione/bianca formato ridotto,ordinaria,#F9CB9C
Lombardia,Cremona,81/82,pubblicato,81,Copertina 81 verde,ordinaria,#92D050
Lombardia,Cremona,82/83,pubblicato,82,Copertina 82 rossa,ordinaria,#FF0000
Lombardia,Cremona,83/84,pubblicato,83,Copertina 83 azzurra,ordinaria,#00B0F0
Lombardia,Cremona,84/85,pubblicato,84,Copertina 84 verde,ordinaria,#92D050
Lombardia,Cremona,85/86,pubblicato,85,Copertina 85 rossa,ordinaria,#FF0000
Lombardia,Cremona,86/87,pubblicato,86,Copertina 86 azzurra,ordinaria,#00B0F0
Lombardia,Cremona,87/88,pubblicato,87,Copertina 87 verde,ordinaria,#92D050
Lombardia,Cremona,88/89,pubblicato,88,Copertina 88 rossa,ordinaria,#FF0000
Lombardia,Cremona,89/90,pubblicato,89,Copertina 89 azzurra,ordinaria,#00B0F0
Lombardia,Cremona,90/91,pubblicato,90/91,Copertina 90/91 blu,ordinaria,#002060
Lombardia,Cremona,91/92,pubblicato,91,Copertina 91 blu,ordinaria,#002671
Lombardia,Cremona,92/93,pubblicato,92,Copertina 92 beige,ordinaria,#DDD9C3
Lombardia,Cremona,93/94,pubblicato,93,Copertina 93 beige,ordinaria,#C4BC96
Lombardia,Cremona,94/95,pubblicato,94,Copertina 94 beige,ordinaria,#C4BC96
Lombardia,Cremona,95/96,pubblicato,95,Copertina 95 beige,ordinaria,#C4BC96
Lombardia,Cremona,96/97,pubblicato,96,Copertina 96 beige,ordinaria,#C4BC96
Lombardia,Cremona,97/98,pubblicato,97,Copertina 97 beige,ordinaria,#C4BC96
Lombardia,Cremona,98/99,pubblicato,98,Copertina grigia,ordinaria,#999999
Lombardia,Cremona,99/00,pubblicato,,,ordinaria,#FFD966
Lombardia,Cremona,00/01,pubblicato,,,ordinaria,#FFD966
Lombardia,Cremona,01/02,pubblicato,,,ordinaria,#FFD966
Lombardia,Cremona,02/03,pubblicato,,,ordinaria,#FFD966
Lombardia,Cremona,03/04,pubblicato,,,ordinaria,#FFD966
Lombardia,Cremona,04/05,pubblicato,04,Copertina 2004 arancione,ordinaria,#E69138
Lombardia,Cremona,05/06,pubblicato,05,Copertina 2005 arancione,ordinaria,#E69138
Lombardia,Cremona,06/07,pubblicato,06,Copertina 2006 arancione/bianca,ordinaria,#F6B26B
Lombardia,Cremona,07/08,pubblicato,07,Copertina 2007 arancione/bianca,ordinaria,#F6B26B
Lombardia,Cremona,08/09,pubblicato,08/09,Copertina 2008/2009 arancione/bianca,ordinaria,#F6B26B
Lombardia,Cremona,09/10,pubblicato,09/10,Copertina 2009/2010 arancione/bianca formato ridotto,ordinaria,#F9CB9C
Lombardia,Cremona,10/11,pubblicato,10/11,Copertina 2010/2011 arancione/bianca formato ridotto,ordinaria,#F9CB9C
Lombardia,Cremona,11/12,pubblicato,11/12,Copertina 2011/2012 arancione/bianca formato ridotto,ordinaria,#F9CB9C
Lombardia,Cremona,12/13,pubblicato,12/13,Copertina 2012/2013 arancione/bianca formato ridotto,ordinaria,#F9CB9C
Lombardia,Cremona,13/14,pubblicato,13/14,Copertina 2013/2014 arancione/bianca formato ridotto,ordinaria,#F9CB9C
Lombardia,Cremona,14/15,pubblicato,14/15,Copertina 2014/2015 arancione/bianca formato ridotto,ordinaria,#F9CB9C
Lombardia,Mantova,81/82,pubblicato,81,Copertina 81 verde,ordinaria,#92D050
Lombardia,Mantova,82/83,pubblicato,82,Copertina 82 rossa,ordinaria,#FF0000
Lombardia,Mantova,83/84,pubblicato,83,Copertina 83 azzurra,ordinaria,#00B0F0
Lombardia,Mantova,84/85,pubblicato,84,Copertina 84 verde,ordinaria,#92D050
Lombardia,Mantova,85/86,pubblicato,85,Copertina 85 rossa,ordinaria,#FF0000
Lombardia,Mantova,86/87,pubblicato,86,Copertina 86 azzurra,ordinaria,#00B0F0
Lombardia,Mantova,87/88,pubblicato,87,Copertina 87 verde,ordinaria,#92D050
Lombardia,Mantova,88/89,pubblicato,88,Copertina 88 rossa,ordinaria,#FF0000
Lombardia,Mantova,89/90,pubblicato,89,Copertina 89 azzurra,ordinaria,#00B0F0
Lombardia,Mantova,90/91,pubblicato,90/91,Copertina 90/91 blu,ordinaria,#002060
Lombardia,Mantova,91/92,pubblicato,91,Copertina 91 blu,ordinaria,#002671
Lombardia,Mantova,92/93,pubblicato,92,Copertina 92 beige,ordinaria,#DDD9C3
Lombardia,Mantova,93/94,pubblicato,93,Copertina 93 beige,ordinaria,#C4BC96
Lombardia,Mantova,94/95,pubblicato,94,Copertina 94 beige,ordinaria,#C4BC96
Lombardia,Mantova,95/96,pubblicato,95,Copertina 95 beige,ordinaria,#C4BC96
Lombardia,Mantova,96/97,pubblicato,96,Copertina 96 beige,ordinaria,#C4BC96
Lombardia,Mantova,97/98,pubblicato,97,Copertina 97 beige,ordinaria,#C4BC96
Lombardia,Mantova,98/99,probabile_non_confermato,,,ordinaria,
Lombardia,Mantova,99/00,probabile_non_confermato,,,ordinaria,
Lombardia,Mantova,00/01,non_pubblicato,,,ordinaria,
Lombardia,Mantova,01/02,non_pubblicato,,,ordinaria,
Lombardia,Mantova,02/03,non_pubblicato,,,ordinaria,
Lombardia,Mantova,03/04,non_pubblicato,,,ordinaria,
Lombardia,Mantova,04/05,non_pubblicato,,,ordinaria,
Lombardia,Mantova,05/06,non_pubblicato,,,ordinaria,
Lombardia,Mantova,06/07,non_pubblicato,,,ordinaria,
Lombardia,Mantova,07/08,non_pubblicato,,,ordinaria,
Lombardia,Mantova,08/09,non_pubblicato,,,ordinaria,
Lombardia,Mantova,09/10,non_pubblicato,,,ordinaria,
Lombardia,Mantova,10/11,pubblicato,10/11,Copertina 2010/2011 arancione/bianca formato ridotto,ordinaria,#F9CB9C
Lombardia,Mantova,11/12,pubblicato,11/12,Copertina 2011/2012 arancione/bianca formato ridotto,ordinaria,#F9CB9C
Lombardia,Mantova,12/13,pubblicato,12/13,Copertina 2012/2013 arancione/bianca formato ridotto,ordinaria,#F9CB9C
Lombardia,Mantova,13/14,pubblicato,13/14,Copertina 2013/2014 arancione/bianca formato ridotto,ordinaria,#F9CB9C
Lombardia,Mantova,14/15,pubblicato,14/15,Copertina 2014/2015 arancione/bianca formato ridotto,ordinaria,#F9CB9C
Lombardia,Milano e dintorni,81/82,pubblicato,81,Copertina 81 verde,ordinaria,#92D050
Lombardia,Milano e dintorni,82/83,pubblicato,82,Copertina 82 rossa,ordinaria,#FF0000
Lombardia,Milano e dintorni,83/84,pubblicato,83,Copertina 83 azzurra,ordinaria,#00B0F0
Lombardia,Milano e dintorni,84/85,pubblicato,84,Copertina 84 verde,ordinaria,#92D050
Lombardia,Milano e dintorni,85/86,pubblicato,85,Copertina 85 rossa,ordinaria,#FF0000
Lombardia,Milano e dintorni,86/87,pubblicato,86,Copertina 86 edifici,ordinaria,#CCCCCC
Lombardia,Milano e dintorni,87/88,pubblicato,87,Copertina 87 edifici,ordinaria,#B8D8F4
Lombardia,Milano e dintorni,88/89,pubblicato,88,Copertina 88 edifici,ordinaria,#FFD472
Lombardia,Milano e dintorni,89/90,pubblicato,89,Copertina 89 edifici,ordinaria,#D6E3BC
Lombardia,Milano e dintorni,90/91,pubblicato,90,Copertina 1990 blu,ordinaria,#002060
Lombardia,Milano e dintorni,91/92,pubblicato,91,Copertina 91 blu,ordinaria,#002671
Lombardia,Milano e dintorni,92/93,pubblicato,92,Copertina 92 beige,ordinaria,#DDD9C3
Lombardia,Milano e dintorni,93/94,pubblicato,93,Copertina 93 beige,ordinaria,#DDD9C3
Lombardia,Milano e dintorni,94/95,pubblicato,94,Copertina 94 beige,ordinaria,#C4BC96
Lombardia,Milano e dintorni,95/96,pubblicato,95,Copertina 95 beige,ordinaria,#C4BC96
Lombardia,Milano e dintorni,96/97,pubblicato,96,Copertina 96 beige,ordinaria,#C4BC96
Lombardia,Milano e dintorni,97/98,pubblicato,97,Copertina 97 beige,ordinaria,#C4BC96
Lombardia,Milano e dintorni,98/99,pubblicato,98,Copertina grigia,ordinaria,#999999
Lombardia,Milano e dintorni,99/00,pubblicato,99/00,Copertina 1999/2000 gialla,ordinaria,#FFD966
Lombardia,Milano e dintorni,00/01,pubblicato,00,Copertina 2000 gialla,ordinaria,#FFD966
Lombardia,Milano e dintorni,01/02,pubblicato,01,Copertina 2001 gialla,ordinaria,#FFD966
Lombardia,Milano e dintorni,02/03,pubblicato,02,Copertina 2002 gialla,ordinaria,#FFD966
Lombardia,Milano e dintorni,03/04,pubblicato,03,Copertina 2003 gialla,ordinaria,#FFD966
Lombardia,Milano e dintorni,04/05,pubblicato,04,Copertina 2004 gialla,ordinaria,#FFD966
Lombardia,Milano e dintorni,05/06,pubblicato,05,Copertina 2005 arancione,ordinaria,#E69138
Lombardia,Milano e dintorni,06/07,pubblicato,06,Copertina 2006 arancione/bianca,ordinaria,#F6B26B
Lombardia,Milano e dintorni,07/08,pubblicato,07,Copertina 2007 arancione/bianca,ordinaria,#F6B26B
Lombardia,Milano e dintorni,08/09,pubblicato,08/09,Copertina 2008/2009 arancione/bianca,ordinaria,#F6B26B
Lombardia,Milano e dintorni,09/10,pubblicato,09/10,Copertina 2009/2010 arancione/bianca,ordinaria,#F6B26B
Lombardia,Milano e dintorni,10/11,pubblicato,10/11,Copertina 2010/2011 arancione/bianca formato ridotto,ordinaria,#F9CB9C
Lombardia,Milano e dintorni,11/12,pubblicato,11/12,Copertina 2011/2012 arancione/bianca formato ridotto,ordinaria,#F9CB9C
Lombardia,Milano e dintorni,12/13,pubblicato,12/13,Copertina 2012/2013 arancione/bianca formato ridotto,ordinaria,#F9CB9C
Lombardia,Milano e dintorni,13/14,pubblicato,13/14,Copertina 2013/2014 arancione/bianca formato ridotto,ordinaria,#F9CB9C
Lombardia,Milano e dintorni,14/15,pubblicato,14/15,Copertina 2014/2015 arancione/bianca formato ridotto,ordinaria,#F9CB9C
Lombardia,Provincia di Milano (Lodi - Provincia di Milano dal 1996),81/82,pubblicato,81,Copertina 81 verde,ordinaria,#92D050
Lombardia,Provincia di Milano (Lodi - Provincia di Milano dal 1996),82/83,pubblicato,82,Copertina 82 rossa,ordinaria,#FF0000
Lombardia,Provincia di Milano (Lodi - Provincia di Milano dal 1996),83/84,pubblicato,83,Copertina 83 azzurra,ordinaria,#00B0F0
Lombardia,Provincia di Milano (Lodi - Provincia di Milano dal 1996),84/85,pubblicato,84,Copertina 84 verde,ordinaria,#92D050
Lombardia,Provincia di Milano (Lodi - Provincia di Milano dal 1996),85/86,pubblicato,85,Copertina 85 rossa,ordinaria,#FF0000
Lombardia,Provincia di Milano (Lodi - Provincia di Milano dal 1996),86/87,pubblicato,86,Copertina 86 azzurra,ordinaria,#00B0F0
Lombardia,Provincia di Milano (Lodi - Provincia di Milano dal 1996),87/88,pubblicato,87,Copertina 87 verde,ordinaria,#92D050
Lombardia,Provincia di Milano (Lodi - Provincia di Milano dal 1996),88/89,pubblicato,88,Copertina 88 rossa,ordinaria,#FF0000
Lombardia,Provincia di Milano (Lodi - Provincia di Milano dal 1996),89/90,pubblicato,89,Copertina 89 azzurra,ordinaria,#00B0F0
Lombardia,Provincia di Milano (Lodi - Provincia di Milano dal 1996),90/91,pubblicato,90,Copertina 1990 blu,ordinaria,#002060
Lombardia,Provincia di Milano (Lodi - Provincia di Milano dal 1996),91/92,pubblicato,91,Copertina 91 blu,ordinaria,#002671
Lombardia,Provincia di Milano (Lodi - Provincia di Milano dal 1996),92/93,pubblicato,92,Copertina 92 beige,ordinaria,#DDD9C3
Lombardia,Provincia di Milano (Lodi - Provincia di Milano dal 1996),93/94,pubblicato,93,Copertina 93 beige,ordinaria,#DDD9C3
Lombardia,Provincia di Milano (Lodi - Provincia di Milano dal 1996),94/95,pubblicato,94,Copertina 94 beige,ordinaria,#C4BC96
Lombardia,Provincia di Milano (Lodi - Provincia di Milano dal 1996),95/96,pubblicato,95,Copertina 95 beige,ordinaria,#C4BC96
Lombardia,Provincia di Milano (Lodi - Provincia di Milano dal 1996),96/97,pubblicato,96,Copertina 96 beige,ordinaria,#C4BC96
Lombardia,Provincia di Milano (Lodi - Provincia di Milano dal 1996),97/98,pubblicato,97,Copertina 97 beige,ordinaria,#C4BC96
Lombardia,Provincia di Milano (Lodi - Provincia di Milano dal 1996),98/99,pubblicato,98,Copertina grigia,ordinaria,#999999
Lombardia,Provincia di Milano (Lodi - Provincia di Milano dal 1996),99/00,non_pubblicato,,,ordinaria,
Lombardia,Provincia di Milano (Lodi - Provincia di Milano dal 1996),00/01,non_pubblicato,,,ordinaria,
Lombardia,Provincia di Milano (Lodi - Provincia di Milano dal 1996),01/02,non_pubblicato,,,ordinaria,
Lombardia,Provincia di Milano (Lodi - Provincia di Milano dal 1996),02/03,non_pubblicato,,,ordinaria,
Lombardia,Provincia di Milano (Lodi - Provincia di Milano dal 1996),03/04,non_pubblicato,,,ordinaria,
Lombardia,Provincia di Milano (Lodi - Provincia di Milano dal 1996),04/05,non_pubblicato,,,ordinaria,
Lombardia,Provincia di Milano (Lodi - Provincia di Milano dal 1996),05/06,non_pubblicato,,,ordinaria,
Lombardia,Provincia di Milano (Lodi - Provincia di Milano dal 1996),06/07,non_pubblicato,,,ordinaria,
Lombardia,Provincia di Milano (Lodi - Provincia di Milano dal 1996),07/08,non_pubblicato,,,ordinaria,
Lombardia,Provincia di Milano (Lodi - Provincia di Milano dal 1996),08/09,non_pubblicato,,,ordinaria,
Lombardia,Provincia di Milano (Lodi - Provincia di Milano dal 1996),09/10,non_pubblicato,,,ordinaria,
Lombardia,Provincia di Milano (Lodi - Provincia di Milano dal 1996),10/11,non_pubblicato,,,ordinaria,
Lombardia,Provincia di Milano (Lodi - Provincia di Milano dal 1996),11/12,non_pubblicato,,,ordinaria,
Lombardia,Provincia di Milano (Lodi - Provincia di Milano dal 1996),12/13,non_pubblicato,,,ordinaria,
Lombardia,Provincia di Milano (Lodi - Provincia di Milano dal 1996),13/14,non_pubblicato,,,ordinaria,
Lombardia,Provincia di Milano (Lodi - Provincia di Milano dal 1996),14/15,non_pubblicato,,,ordinaria,
Lombardia,Provincia di Milano Nord (Monza e Brianza - Prov. Milano Nord dal 2010),81/82,non_pubblicato,,,ordinaria,
Lombardia,Provincia di Milano Nord (Monza e Brianza - Prov. Milano Nord dal 2010),82/83,non_pubblicato,,,ordinaria,
Lombardia,Provincia di Milano Nord (Monza e Brianza - Prov. Milano Nord dal 2010),83/84,non_pubblicato,,,ordinaria,
Lombardia,Provincia di Milano Nord (Monza e Brianza - Prov. Milano Nord dal 2010),84/85,non_pubblicato,,,ordinaria,
Lombardia,Provincia di Milano Nord (Monza e Brianza - Prov. Milano Nord dal 2010),85/86,non_pubblicato,,,ordinaria,
Lombardia,Provincia di Milano Nord (Monza e Brianza - Prov. Milano Nord dal 2010),86/87,non_pubblicato,,,ordinaria,
Lombardia,Provincia di Milano Nord (Monza e Brianza - Prov. Milano Nord dal 2010),87/88,non_pubblicato,,,ordinaria,
Lombardia,Provincia di Milano Nord (Monza e Brianza - Prov. Milano Nord dal 2010),88/89,non_pubblicato,,,ordinaria,
Lombardia,Provincia di Milano Nord (Monza e Brianza - Prov. Milano Nord dal 2010),89/90,non_pubblicato,,,ordinaria,
Lombardia,Provincia di Milano Nord (Monza e Brianza - Prov. Milano Nord dal 2010),90/91,non_pubblicato,,,ordinaria,
Lombardia,Provincia di Milano Nord (Monza e Brianza - Prov. Milano Nord dal 2010),91/92,non_pubblicato,,,ordinaria,
Lombardia,Provincia di Milano Nord (Monza e Brianza - Prov. Milano Nord dal 2010),92/93,non_pubblicato,,,ordinaria,
Lombardia,Provincia di Milano Nord (Monza e Brianza - Prov. Milano Nord dal 2010),93/94,non_pubblicato,,,ordinaria,
Lombardia,Provincia di Milano Nord (Monza e Brianza - Prov. Milano Nord dal 2010),94/95,non_pubblicato,,,ordinaria,
Lombardia,Provincia di Milano Nord (Monza e Brianza - Prov. Milano Nord dal 2010),95/96,non_pubblicato,,,ordinaria,
Lombardia,Provincia di Milano Nord (Monza e Brianza - Prov. Milano Nord dal 2010),96/97,non_pubblicato,,,ordinaria,
Lombardia,Provincia di Milano Nord (Monza e Brianza - Prov. Milano Nord dal 2010),97/98,non_pubblicato,,,ordinaria,
Lombardia,Provincia di Milano Nord (Monza e Brianza - Prov. Milano Nord dal 2010),98/99,non_pubblicato,,,ordinaria,
Lombardia,Provincia di Milano Nord (Monza e Brianza - Prov. Milano Nord dal 2010),99/00,pubblicato,99/00,Copertina 1999/2000 gialla,ordinaria,#FFD966
Lombardia,Provincia di Milano Nord (Monza e Brianza - Prov. Milano Nord dal 2010),00/01,pubblicato,00/01,Copertina 2000/2001 gialla,ordinaria,#FFD966
Lombardia,Provincia di Milano Nord (Monza e Brianza - Prov. Milano Nord dal 2010),01/02,pubblicato,01/02,Copertina 2001/2002 gialla,ordinaria,#FFD966
Lombardia,Provincia di Milano Nord (Monza e Brianza - Prov. Milano Nord dal 2010),02/03,pubblicato,02,Copertina 2002 gialla,ordinaria,#FFD966
Lombardia,Provincia di Milano Nord (Monza e Brianza - Prov. Milano Nord dal 2010),03/04,pubblicato,03,Copertina 2003 gialla,ordinaria,#FFD966
Lombardia,Provincia di Milano Nord (Monza e Brianza - Prov. Milano Nord dal 2010),04/05,pubblicato,04,Copertina 2004 gialla,ordinaria,#FFD966
Lombardia,Provincia di Milano Nord (Monza e Brianza - Prov. Milano Nord dal 2010),05/06,pubblicato,05,Copertina 2005 arancione,ordinaria,#E69138
Lombardia,Provincia di Milano Nord (Monza e Brianza - Prov. Milano Nord dal 2010),06/07,pubblicato,06,Copertina 2006 arancione/bianca,ordinaria,#F6B26B
Lombardia,Provincia di Milano Nord (Monza e Brianza - Prov. Milano Nord dal 2010),07/08,pubblicato,07,Copertina 2007 arancione/bianca,ordinaria,#F6B26B
Lombardia,Provincia di Milano Nord (Monza e Brianza - Prov. Milano Nord dal 2010),08/09,pubblicato,08/09,Copertina 2008/2009 arancione/bianca,ordinaria,#F6B26B
Lombardia,Provincia di Milano Nord (Monza e Brianza - Prov. Milano Nord dal 2010),09/10,pubblicato,09/10,Copertina 2009/2010 arancione/bianca,ordinaria,#F6B26B
Lombardia,Provincia di Milano Nord (Monza e Brianza - Prov. Milano Nord dal 2010),10/11,pubblicato,10/11,Copertina 2010/2011 arancione/bianca formato ridotto,ordinaria,#F9CB9C
Lombardia,Provincia di Milano Nord (Monza e Brianza - Prov. Milano Nord dal 2010),11/12,pubblicato,11/12,Copertina 2011/2012 arancione/bianca formato ridotto,ordinaria,#F9CB9C
Lombardia,Provincia di Milano Nord (Monza e Brianza - Prov. Milano Nord dal 2010),12/13,pubblicato,12/13,Copertina 2012/2013 arancione/bianca formato ridotto,ordinaria,#F9CB9C
Lombardia,Provincia di Milano Nord (Monza e Brianza - Prov. Milano Nord dal 2010),13/14,pubblicato,13/14,Copertina 2013/2014 arancione/bianca formato ridotto,ordinaria,#F9CB9C
Lombardia,Provincia di Milano Nord (Monza e Brianza - Prov. Milano Nord dal 2010),14/15,pubblicato,14/15,Copertina 2014/2015 arancione/bianca formato ridotto,ordinaria,#F9CB9C
Lombardia,Lodi - Provincia di Milano Sud,81/82,non_pubblicato,,,ordinaria,
Lombardia,Lodi - Provincia di Milano Sud,82/83,non_pubblicato,,,ordinaria,
Lombardia,Lodi - Provincia di Milano Sud,83/84,non_pubblicato,,,ordinaria,
Lombardia,Lodi - Provincia di Milano Sud,84/85,non_pubblicato,,,ordinaria,
Lombardia,Lodi - Provincia di Milano Sud,85/86,non_pubblicato,,,ordinaria,
Lombardia,Lodi - Provincia di Milano Sud,86/87,non_pubblicato,,,ordinaria,
Lombardia,Lodi - Provincia di Milano Sud,87/88,non_pubblicato,,,ordinaria,
Lombardia,Lodi - Provincia di Milano Sud,88/89,non_pubblicato,,,ordinaria,
Lombardia,Lodi - Provincia di Milano Sud,89/90,non_pubblicato,,,ordinaria,
Lombardia,Lodi - Provincia di Milano Sud,90/91,non_pubblicato,,,ordinaria,
Lombardia,Lodi - Provincia di Milano Sud,91/92,non_pubblicato,,,ordinaria,
Lombardia,Lodi - Provincia di Milano Sud,92/93,non_pubblicato,,,ordinaria,
Lombardia,Lodi - Provincia di Milano Sud,93/94,non_pubblicato,,,ordinaria,
Lombardia,Lodi - Provincia di Milano Sud,94/95,non_pubblicato,,,ordinaria,
Lombardia,Lodi - Provincia di Milano Sud,95/96,non_pubblicato,,,ordinaria,
Lombardia,Lodi - Provincia di Milano Sud,96/97,non_pubblicato,,,ordinaria,
Lombardia,Lodi - Provincia di Milano Sud,97/98,non_pubblicato,,,ordinaria,
Lombardia,Lodi - Provincia di Milano Sud,98/99,non_pubblicato,,,ordinaria,
Lombardia,Lodi - Provincia di Milano Sud,99/00,pubblicato,,,ordinaria,#FFD966
Lombardia,Lodi - Provincia di Milano Sud,00/01,pubblicato,,,ordinaria,#FFD966
Lombardia,Lodi - Provincia di Milano Sud,01/02,pubblicato,,,ordinaria,#FFD966
Lombardia,Lodi - Provincia di Milano Sud,02/03,pubblicato,02,Copertina 2002 gialla,ordinaria,#FFD966
Lombardia,Lodi - Provincia di Milano Sud,03/04,pubblicato,,,ordinaria,#FFD966
Lombardia,Lodi - Provincia di Milano Sud,04/05,pubblicato,,,ordinaria,#FFD966
Lombardia,Lodi - Provincia di Milano Sud,05/06,pubblicato,05,Copertina 2005 arancione,ordinaria,#E69138
Lombardia,Lodi - Provincia di Milano Sud,06/07,pubblicato,06,Copertina 2006 arancione/bianca,ordinaria,#F6B26B
Lombardia,Lodi - Provincia di Milano Sud,07/08,pubblicato,07,Copertina 2007 arancione/bianca,ordinaria,#F6B26B
Lombardia,Lodi - Provincia di Milano Sud,08/09,pubblicato,08/09,Copertina 2008/2009 arancione/bianca,ordinaria,#F6B26B
Lombardia,Lodi - Provincia di Milano Sud,09/10,pubblicato,09/10,Copertina 2009/2010 arancione/bianca,ordinaria,#F6B26B
Lombardia,Lodi - Provincia di Milano Sud,10/11,pubblicato,10/11,Copertina 2010/2011 arancione/bianca formato ridotto,ordinaria,#F9CB9C
Lombardia,Lodi - Provincia di Milano Sud,11/12,pubblicato,11/12,Copertina 2011/2012 arancione/bianca formato ridotto,ordinaria,#F9CB9C
Lombardia,Lodi - Provincia di Milano Sud,12/13,pubblicato,12/13,Copertina 2012/2013 arancione/bianca formato ridotto,ordinaria,#F9CB9C
Lombardia,Lodi - Provincia di Milano Sud,13/14,pubblicato,13/14,Copertina 2013/2014 arancione/bianca formato ridotto,ordinaria,#F9CB9C
Lombardia,Lodi - Provincia di Milano Sud,14/15,pubblicato,14/15,Copertina 2014/2015 arancione/bianca formato ridotto,ordinaria,#F9CB9C
Lombardia,Pavia,81/82,pubblicato,81,Copertina 81 verde,ordinaria,#92D050
Lombardia,Pavia,82/83,pubblicato,82,Copertina 82 rossa,ordinaria,#FF0000
Lombardia,Pavia,83/84,pubblicato,83,Copertina 83 azzurra,ordinaria,#00B0F0
Lombardia,Pavia,84/85,pubblicato,84,Copertina 84 verde,ordinaria,#92D050
Lombardia,Pavia,85/86,pubblicato,85,Copertina 85 rossa,ordinaria,#FF0000
Lombardia,Pavia,86/87,pubblicato,86,Copertina 86 azzurra,ordinaria,#00B0F0
Lombardia,Pavia,87/88,pubblicato,87,Copertina 87 verde,ordinaria,#92D050
Lombardia,Pavia,88/89,pubblicato,88,Copertina 88 rossa,ordinaria,#FF0000
Lombardia,Pavia,89/90,pubblicato,89,Copertina 89 azzurra,ordinaria,#00B0F0
Lombardia,Pavia,90/91,pubblicato,90/91,Copertina 90/91 blu,ordinaria,#002060
Lombardia,Pavia,91/92,pubblicato,91,Copertina 91 blu,ordinaria,#002671
Lombardia,Pavia,92/93,pubblicato,92,Copertina 92 beige,ordinaria,#DDD9C3
Lombardia,Pavia,93/94,pubblicato,93,Copertina 93 beige,ordinaria,#C4BC96
Lombardia,Pavia,94/95,pubblicato,94,Copertina 94 beige,ordinaria,#C4BC96
Lombardia,Pavia,95/96,pubblicato,95,Copertina 95 beige,ordinaria,#C4BC96
Lombardia,Pavia,96/97,pubblicato,96,Copertina 96 beige,ordinaria,#C4BC96
Lombardia,Pavia,97/98,pubblicato,97,Copertina 97 beige,ordinaria,#C4BC96
Lombardia,Pavia,98/99,pubblicato,98,Copertina grigia,ordinaria,#999999
Lombardia,Pavia,99/00,pubblicato,99/00,Copertina 1999/2000 gialla,ordinaria,#FFD966
Lombardia,Pavia,00/01,pubblicato,00/01,Copertina 2000/2001 gialla,ordinaria,#FFD966
Lombardia,Pavia,01/02,pubblicato,01/02,Copertina 2001/2002 gialla,ordinaria,#FFD966
Lombardia,Pavia,02/03,pubblicato,02/03,Copertina 2002/2003 gialla,ordinaria,#FFD966
Lombardia,Pavia,03/04,pubblicato,03/04,Copertina 2003/2004 gialla,ordinaria,#FFD966
Lombardia,Pavia,04/05,pubblicato,04,Copertina 2004 arancione,ordinaria,#E69138
Lombardia,Pavia,05/06,pubblicato,05,Copertina 2005 arancione,ordinaria,#E69138
Lombardia,Pavia,06/07,pubblicato,06,Copertina 2006 arancione/bianca,ordinaria,#F6B26B
Lombardia,Pavia,07/08,pubblicato,07,Copertina 2007 arancione/bianca,ordinaria,#F6B26B
Lombardia,Pavia,08/09,pubblicato,08/09,Copertina 2008/2009 arancione/bianca,ordinaria,#F6B26B
Lombardia,Pavia,09/10,pubblicato,09/10,Copertina 2009/2010 arancione/bianca formato ridotto,ordinaria,#F9CB9C
Lombardia,Pavia,10/11,pubblicato,10/11,Copertina 2010/2011 arancione/bianca formato ridotto,ordinaria,#F9CB9C
Lombardia,Pavia,11/12,pubblicato,11/12,Copertina 2011/2012 arancione/bianca formato ridotto,ordinaria,#F9CB9C
Lombardia,Pavia,12/13,pubblicato,12/13,Copertina 2012/2013 arancione/bianca formato ridotto,ordinaria,#F9CB9C
Lombardia,Pavia,13/14,pubblicato,13/14,Copertina 2013/2014 arancione/bianca formato ridotto,ordinaria,#F9CB9C
Lombardia,Pavia,14/15,pubblicato,14/15,Copertina 2014/2015 arancione/bianca formato ridotto,ordinaria,#F9CB9C
Lombardia,Sondrio,81/82,non_pubblicato,,,ordinaria,
Lombardia,Sondrio,82/83,non_pubblicato,,,ordinaria,
Lombardia,Sondrio,83/84,non_pubblicato,,,ordinaria,
Lombardia,Sondrio,84/85,pubblicato,84,Copertina 84 verde,ordinaria,#92D050
Lombardia,Sondrio,85/86,pubblicato,85,Copertina 85 rossa,ordinaria,#FF0000
Lombardia,Sondrio,86/87,pubblicato,86,Copertina 86 azzurra,ordinaria,#00B0F0
Lombardia,Sondrio,87/88,pubblicato,87,Copertina 87 verde,ordinaria,#92D050
Lombardia,Sondrio,88/89,pubblicato,88,Copertina 88 rossa,ordinaria,#FF0000
Lombardia,Sondrio,89/90,pubblicato,89,Copertina 89 azzurra,ordinaria,#00B0F0
Lombardia,Sondrio,90/91,pubblicato,90/91,Copertina 90/91 blu,ordinaria,#002060
Lombardia,Sondrio,91/92,pubblicato,91,Copertina 91 blu,ordinaria,#002671
Lombardia,Sondrio,92/93,pubblicato,92,Copertina 92 beige,ordinaria,#DDD9C3
Lombardia,Sondrio,93/94,pubblicato,93,Copertina 93 beige,ordinaria,#DDD9C3
Lombardia,Sondrio,94/95,pubblicato,94,Copertina 94 beige,ordinaria,#C4BC96
Lombardia,Sondrio,95/96,pubblicato,95,Copertina 95 beige,ordinaria,#C4BC96
Lombardia,Sondrio,96/97,pubblicato,96,Copertina 96 beige,ordinaria,#C4BC96
Lombardia,Sondrio,97/98,pubblicato,97,Copertina 97 beige,ordinaria,#C4BC96
Lombardia,Sondrio,98/99,probabile_non_confermato,,,ordinaria,
Lombardia,Sondrio,99/00,probabile_non_confermato,,,ordinaria,
Lombardia,Sondrio,00/01,non_pubblicato,,,ordinaria,
Lombardia,Sondrio,01/02,non_pubblicato,,,ordinaria,
Lombardia,Sondrio,02/03,non_pubblicato,,,ordinaria,
Lombardia,Sondrio,03/04,non_pubblicato,,,ordinaria,
Lombardia,Sondrio,04/05,non_pubblicato,,,ordinaria,
Lombardia,Sondrio,05/06,non_pubblicato,,,ordinaria,
Lombardia,Sondrio,06/07,non_pubblicato,,,ordinaria,
Lombardia,Sondrio,07/08,non_pubblicato,,,ordinaria,
Lombardia,Sondrio,08/09,non_pubblicato,,,ordinaria,
Lombardia,Sondrio,09/10,non_pubblicato,,,ordinaria,
Lombardia,Sondrio,10/11,non_pubblicato,,,ordinaria,
Lombardia,Sondrio,11/12,non_pubblicato,,,ordinaria,
Lombardia,Sondrio,12/13,non_pubblicato,,,ordinaria,
Lombardia,Sondrio,13/14,non_pubblicato,,,ordinaria,
Lombardia,Sondrio,14/15,non_pubblicato,,,ordinaria,
Lombardia,Varese,81/82,pubblicato,81,Copertina 81 verde,ordinaria,#92D050
Lombardia,Varese,82/83,pubblicato,82,Copertina 82 rossa,ordinaria,#FF0000
Lombardia,Varese,83/84,pubblicato,83,Copertina 83 azzurra,ordinaria,#00B0F0
Lombardia,Varese,84/85,pubblicato,84,Copertina 84 verde,ordinaria,#92D050
Lombardia,Varese,85/86,pubblicato,85,Copertina 85 rossa,ordinaria,#FF0000
Lombardia,Varese,86/87,pubblicato,86,Copertina 86 azzurra,ordinaria,#00B0F0
Lombardia,Varese,87/88,pubblicato,87,Copertina 87 verde,ordinaria,#92D050
Lombardia,Varese,88/89,pubblicato,88,Copertina 88 rossa,ordinaria,#FF0000
Lombardia,Varese,89/90,pubblicato,89,Copertina 89 azzurra,ordinaria,#00B0F0
Lombardia,Varese,90/91,pubblicato,90/91,Copertina 90/91 blu,ordinaria,#002060
Lombardia,Varese,91/92,pubblicato,91,Copertina 91 blu,ordinaria,#002671
Lombardia,Varese,92/93,pubblicato,92,Copertina 92 beige,ordinaria,#DDD9C3
Lombardia,Varese,93/94,pubblicato,93,Copertina 93 beige,ordinaria,#C4BC96
Lombardia,Varese,94/95,pubblicato,94,Copertina 94 beige,ordinaria,#C4BC96
Lombardia,Varese,95/96,pubblicato,95,Copertina 95 beige,ordinaria,#C4BC96
Lombardia,Varese,96/97,pubblicato,96,Copertina 96 beige,ordinaria,#C4BC96
Lombardia,Varese,97/98,pubblicato,97,Copertina 97 beige,ordinaria,#C4BC96
Lombardia,Varese,98/99,pubblicato,98,Copertina grigia,ordinaria,#999999
Lombardia,Varese,99/00,pubblicato,99/00,Copertina 1999/2000 gialla,ordinaria,#FFD966
Lombardia,Varese,00/01,pubblicato,,,ordinaria,#FFD966
Lombardia,Varese,01/02,pubblicato,,,ordinaria,#FFD966
Lombardia,Varese,02/03,pubblicato,,,ordinaria,#FFD966
Lombardia,Varese,03/04,pubblicato,,,ordinaria,#FFD966
Lombardia,Varese,04/05,pubblicato,04,Copertina 2004 arancione,ordinaria,#E69138
Lombardia,Varese,05/06,pubblicato,05,Copertina 2005 arancione,ordinaria,#E69138
Lombardia,Varese,06/07,pubblicato,06,Copertina 2006 arancione/bianca,ordinaria,#F6B26B
Lombardia,Varese,07/08,pubblicato,07,Copertina 2007 arancione/bianca,ordinaria,#F6B26B
Lombardia,Varese,08/09,pubblicato,08/09,Copertina 2008/2009 arancione/bianca,ordinaria,#F6B26B
Lombardia,Varese,09/10,pubblicato,09/10,Copertina 2009/2010 arancione/bianca formato ridotto,ordinaria,#F9CB9C
Lombardia,Varese,10/11,pubblicato,10/11,Copertina 2010/2011 arancione/bianca formato ridotto,ordinaria,#F9CB9C
Lombardia,Varese,11/12,pubblicato,11/12,Copertina 2011/2012 arancione/bianca formato ridotto,ordinaria,#F9CB9C
Lombardia,Varese,12/13,pubblicato,12/13,Copertina 2012/2013 arancione/bianca formato ridotto,ordinaria,#F9CB9C
Lombardia,Varese,13/14,pubblicato,13/14,Copertina 2013/2014 arancione/bianca formato ridotto,ordinaria,#F9CB9C
Lombardia,Varese,14/15,pubblicato,14/15,Copertina 2014/2015 arancione/bianca formato ridotto,ordinaria,#F9CB9C
Marche,Ancona - Pesaro - Urbino,81/82,pubblicato,81,Copertina 81 verde,ordinaria,#92D050
Marche,Ancona - Pesaro - Urbino,82/83,pubblicato,82,Copertina 82 rossa,ordinaria,#FF0000
Marche,Ancona - Pesaro - Urbino,83/84,pubblicato,83,Copertina 83 azzurra,ordinaria,#00B0F0
Marche,Ancona - Pesaro - Urbino,84/85,non_pubblicato,,,ordinaria,
Marche,Ancona - Pesaro - Urbino,85/86,non_pubblicato,,,ordinaria,
Marche,Ancona - Pesaro - Urbino,86/87,non_pubblicato,,,ordinaria,
Marche,Ancona - Pesaro - Urbino,87/88,non_pubblicato,,,ordinaria,
Marche,Ancona - Pesaro - Urbino,88/89,non_pubblicato,,,ordinaria,
Marche,Ancona - Pesaro - Urbino,89/90,non_pubblicato,,,ordinaria,
Marche,Ancona - Pesaro - Urbino,90/91,non_pubblicato,,,ordinaria,
Marche,Ancona - Pesaro - Urbino,91/92,non_pubblicato,,,ordinaria,
Marche,Ancona - Pesaro - Urbino,92/93,non_pubblicato,,,ordinaria,
Marche,Ancona - Pesaro - Urbino,93/94,non_pubblicato,,,ordinaria,
Marche,Ancona - Pesaro - Urbino,94/95,non_pubblicato,,,ordinaria,
Marche,Ancona - Pesaro - Urbino,95/96,non_pubblicato,,,ordinaria,
Marche,Ancona - Pesaro - Urbino,96/97,non_pubblicato,,,ordinaria,
Marche,Ancona - Pesaro - Urbino,97/98,non_pubblicato,,,ordinaria,
Marche,Ancona - Pesaro - Urbino,98/99,non_pubblicato,,,ordinaria,
Marche,Ancona - Pesaro - Urbino,99/00,non_pubblicato,,,ordinaria,
Marche,Ancona - Pesaro - Urbino,00/01,non_pubblicato,,,ordinaria,
Marche,Ancona - Pesaro - Urbino,01/02,non_pubblicato,,,ordinaria,
Marche,Ancona - Pesaro - Urbino,02/03,non_pubblicato,,,ordinaria,
Marche,Ancona - Pesaro - Urbino,03/04,non_pubblicato,,,ordinaria,
Marche,Ancona - Pesaro - Urbino,04/05,non_pubblicato,,,ordinaria,
Marche,Ancona - Pesaro - Urbino,05/06,non_pubblicato,,,ordinaria,
Marche,Ancona - Pesaro - Urbino,06/07,non_pubblicato,,,ordinaria,
Marche,Ancona - Pesaro - Urbino,07/08,non_pubblicato,,,ordinaria,
Marche,Ancona - Pesaro - Urbino,08/09,non_pubblicato,,,ordinaria,
Marche,Ancona - Pesaro - Urbino,09/10,non_pubblicato,,,ordinaria,
Marche,Ancona - Pesaro - Urbino,10/11,non_pubblicato,,,ordinaria,
Marche,Ancona - Pesaro - Urbino,11/12,non_pubblicato,,,ordinaria,
Marche,Ancona - Pesaro - Urbino,12/13,non_pubblicato,,,ordinaria,
Marche,Ancona - Pesaro - Urbino,13/14,non_pubblicato,,,ordinaria,
Marche,Ancona - Pesaro - Urbino,14/15,non_pubblicato,,,ordinaria,
Marche,Ancona,81/82,non_pubblicato,,,ordinaria,
Marche,Ancona,82/83,non_pubblicato,,,ordinaria,
Marche,Ancona,83/84,non_pubblicato,,,ordinaria,
Marche,Ancona,84/85,pubblicato,84,Copertina 84 verde,ordinaria,#92D050
Marche,Ancona,85/86,pubblicato,85,Copertina 85 rossa,ordinaria,#FF0000
Marche,Ancona,86/87,pubblicato,86,Copertina 86 azzurra,ordinaria,#00B0F0
Marche,Ancona,87/88,pubblicato,87,Copertina 87 verde,ordinaria,#92D050
Marche,Ancona,88/89,pubblicato,88,Copertina 88 rossa,ordinaria,#FF0000
Marche,Ancona,89/90,pubblicato,89,Copertina 89 azzurra,ordinaria,#00B0F0
Marche,Ancona,90/91,pubblicato,90/91,Copertina 90/91 blu,ordinaria,#002060
Marche,Ancona,91/92,pubblicato,91,Copertina 91 blu,ordinaria,#002671
Marche,Ancona,92/93,pubblicato,92,Copertina 92 beige,ordinaria,#DDD9C3
Marche,Ancona,93/94,pubblicato,93,Copertina 93 beige,ordinaria,#C4BC96
Marche,Ancona,94/95,pubblicato,94,Copertina 94 beige,ordinaria,#C4BC96
Marche,Ancona,95/96,pubblicato,95,Copertina 95 beige,ordinaria,#C4BC96
Marche,Ancona,96/97,pubblicato,96,Copertina 96 beige,ordinaria,#C4BC96
Marche,Ancona,97/98,pubblicato,97,Copertina 97 beige,ordinaria,#C4BC96
Marche,Ancona,98/99,pubblicato,98,Copertina grigia,ordinaria,#999999
Marche,Ancona,99/00,pubblicato,,,ordinaria,#FFD966
Marche,Ancona,00/01,pubblicato,00/01,Copertina 2000/2001 gialla,ordinaria,#FFD966
Marche,Ancona,01/02,pubblicato,01/02,Copertina 2001/2002 gialla,ordinaria,#FFD966
Marche,Ancona,02/03,pubblicato,,,ordinaria,#FFD966
Marche,Ancona,03/04,pubblicato,,,ordinaria,#FFD966
Marche,Ancona,04/05,pubblicato,04,Copertina 2004 arancione,ordinaria,#E69138
Marche,Ancona,05/06,pubblicato,05,Copertina 2005 arancione,ordinaria,#E69138
Marche,Ancona,06/07,pubblicato,06,Copertina 2006 arancione/bianca,ordinaria,#F6B26B
Marche,Ancona,07/08,pubblicato,07,Copertina 2007 arancione/bianca,ordinaria,#F6B26B
Marche,Ancona,08/09,pubblicato,08/09,Copertina 2008/2009 arancione/bianca,ordinaria,#F6B26B
Marche,Ancona,09/10,pubblicato,09/10,Copertina 2009/2010 arancione/bianca formato ridotto,ordinaria,#F9CB9C
Marche,Ancona,10/11,pubblicato,10/11,Copertina 2010/2011 arancione/bianca formato ridotto,ordinaria,#F9CB9C
Marche,Ancona,11/12,pubblicato,11/12,Copertina 2011/2012 arancione/bianca formato ridotto,ordinaria,#F9CB9C
Marche,Ancona,12/13,pubblicato,12/13,Copertina 2012/2013 arancione/bianca formato ridotto,ordinaria,#F9CB9C
Marche,Ancona,13/14,pubblicato,13/14,Copertina 2013/2014 arancione/bianca formato ridotto,ordinaria,#F9CB9C
Marche,Ancona,14/15,pubblicato,14/15,Copertina 2014/2015 arancione/bianca formato ridotto,ordinaria,#F9CB9C
Marche,Ascoli Piceno - Macerata,81/82,pubblicato,81,Copertina 81 verde,ordinaria,#92D050
Marche,Ascoli Piceno - Macerata,82/83,pubblicato,82,Copertina 82 rossa,ordinaria,#FF0000
Marche,Ascoli Piceno - Macerata,83/84,pubblicato,83,Copertina 83 azzurra,ordinaria,#00B0F0
Marche,Ascoli Piceno - Macerata,84/85,pubblicato,84,Copertina 84 verde,ordinaria,#92D050
Marche,Ascoli Piceno - Macerata,85/86,pubblicato,85,Copertina 85 rossa,ordinaria,#FF0000
Marche,Ascoli Piceno - Macerata,86/87,pubblicato,86,Copertina 86 azzurra,ordinaria,#00B0F0
Marche,Ascoli Piceno - Macerata,87/88,pubblicato,87,Copertina 87 verde,ordinaria,#92D050
Marche,Ascoli Piceno - Macerata,88/89,pubblicato,88,Copertina 88 rossa,ordinaria,#FF0000
Marche,Ascoli Piceno - Macerata,89/90,non_pubblicato,,,ordinaria,
Marche,Ascoli Piceno - Macerata,90/91,non_pubblicato,,,ordinaria,
Marche,Ascoli Piceno - Macerata,91/92,non_pubblicato,,,ordinaria,
Marche,Ascoli Piceno - Macerata,92/93,non_pubblicato,,,ordinaria,
Marche,Ascoli Piceno - Macerata,93/94,non_pubblicato,,,ordinaria,
Marche,Ascoli Piceno - Macerata,94/95,non_pubblicato,,,ordinaria,
Marche,Ascoli Piceno - Macerata,95/96,non_pubblicato,,,ordinaria,
Marche,Ascoli Piceno - Macerata,96/97,non_pubblicato,,,ordinaria,
Marche,Ascoli Piceno - Macerata,97/98,non_pubblicato,,,ordinaria,
Marche,Ascoli Piceno - Macerata,98/99,non_pubblicato,,,ordinaria,
Marche,Ascoli Piceno - Macerata,99/00,non_pubblicato,,,ordinaria,
Marche,Ascoli Piceno - Macerata,00/01,non_pubblicato,,,ordinaria,
Marche,Ascoli Piceno - Macerata,01/02,non_pubblicato,,,ordinaria,
Marche,Ascoli Piceno - Macerata,02/03,non_pubblicato,,,ordinaria,
Marche,Ascoli Piceno - Macerata,03/04,non_pubblicato,,,ordinaria,
Marche,Ascoli Piceno - Macerata,04/05,non_pubblicato,,,ordinaria,
Marche,Ascoli Piceno - Macerata,05/06,non_pubblicato,,,ordinaria,
Marche,Ascoli Piceno - Macerata,06/07,non_pubblicato,,,ordinaria,
Marche,Ascoli Piceno - Macerata,07/08,non_pubblicato,,,ordinaria,
Marche,Ascoli Piceno - Macerata,08/09,non_pubblicato,,,ordinaria,
Marche,Ascoli Piceno - Macerata,09/10,non_pubblicato,,,ordinaria,
Marche,Ascoli Piceno - Macerata,10/11,non_pubblicato,,,ordinaria,
Marche,Ascoli Piceno - Macerata,11/12,non_pubblicato,,,ordinaria,
Marche,Ascoli Piceno - Macerata,12/13,non_pubblicato,,,ordinaria,
Marche,Ascoli Piceno - Macerata,13/14,non_pubblicato,,,ordinaria,
Marche,Ascoli Piceno - Macerata,14/15,non_pubblicato,,,ordinaria,
Marche,Ascoli Piceno,81/82,non_pubblicato,,,ordinaria,
Marche,Ascoli Piceno,82/83,non_pubblicato,,,ordinaria,
Marche,Ascoli Piceno,83/84,non_pubblicato,,,ordinaria,
Marche,Ascoli Piceno,84/85,non_pubblicato,,,ordinaria,
Marche,Ascoli Piceno,85/86,non_pubblicato,,,ordinaria,
Marche,Ascoli Piceno,86/87,non_pubblicato,,,ordinaria,
Marche,Ascoli Piceno,87/88,non_pubblicato,,,ordinaria,
Marche,Ascoli Piceno,88/89,non_pubblicato,,,ordinaria,
Marche,Ascoli Piceno,89/90,pubblicato,89,Copertina 89 azzurra,ordinaria,#00B0F0
Marche,Ascoli Piceno,90/91,pubblicato,90/91,Copertina 90/91 blu,ordinaria,#002060
Marche,Ascoli Piceno,91/92,pubblicato,91,Copertina 91 blu,ordinaria,#002671
Marche,Ascoli Piceno,92/93,pubblicato,92,Copertina 92 beige,ordinaria,#DDD9C3
Marche,Ascoli Piceno,93/94,pubblicato,93,Copertina 93 beige,ordinaria,#C4BC96
Marche,Ascoli Piceno,94/95,pubblicato,94,Copertina 94 beige,ordinaria,#C4BC96
Marche,Ascoli Piceno,95/96,pubblicato,95,Copertina 95 beige,ordinaria,#C4BC96
Marche,Ascoli Piceno,96/97,pubblicato,96,Copertina 96 beige,ordinaria,#C4BC96
Marche,Ascoli Piceno,97/98,pubblicato,97,Copertina 97 beige,ordinaria,#C4BC96
Marche,Ascoli Piceno,98/99,non_pubblicato,,,ordinaria,
Marche,Ascoli Piceno,99/00,non_pubblicato,,,ordinaria,
Marche,Ascoli Piceno,00/01,non_pubblicato,,,ordinaria,
Marche,Ascoli Piceno,01/02,non_pubblicato,,,ordinaria,
Marche,Ascoli Piceno,02/03,non_pubblicato,,,ordinaria,
Marche,Ascoli Piceno,03/04,non_pubblicato,,,ordinaria,
Marche,Ascoli Piceno,04/05,non_pubblicato,,,ordinaria,
Marche,Ascoli Piceno,05/06,non_pubblicato,,,ordinaria,
Marche,Ascoli Piceno,06/07,non_pubblicato,,,ordinaria,
Marche,Ascoli Piceno,07/08,non_pubblicato,,,ordinaria,
Marche,Ascoli Piceno,08/09,non_pubblicato,,,ordinaria,
Marche,Ascoli Piceno,09/10,non_pubblicato,,,ordinaria,
Marche,Ascoli Piceno,10/11,non_pubblicato,,,ordinaria,
Marche,Ascoli Piceno,11/12,non_pubblicato,,,ordinaria,
Marche,Ascoli Piceno,12/13,non_pubblicato,,,ordinaria,
Marche,Ascoli Piceno,13/14,non_pubblicato,,,ordinaria,
Marche,Ascoli Piceno,14/15,non_pubblicato,,,ordinaria,
Marche,Macerata,81/82,non_pubblicato,,,ordinaria,
Marche,Macerata,82/83,non_pubblicato,,,ordinaria,
Marche,Macerata,83/84,non_pubblicato,,,ordinaria,
Marche,Macerata,84/85,non_pubblicato,,,ordinaria,
Marche,Macerata,85/86,non_pubblicato,,,ordinaria,
Marche,Macerata,86/87,non_pubblicato,,,ordinaria,
Marche,Macerata,87/88,non_pubblicato,,,ordinaria,
Marche,Macerata,88/89,non_pubblicato,,,ordinaria,
Marche,Macerata,89/90,pubblicato,89,Copertina 89 azzurra,ordinaria,#00B0F0
Marche,Macerata,90/91,pubblicato,90/91,Copertina 90/91 blu,ordinaria,#002060
Marche,Macerata,91/92,pubblicato,91,Copertina 91 blu,ordinaria,#002671
Marche,Macerata,92/93,pubblicato,92,Copertina 92 beige,ordinaria,#DDD9C3
Marche,Macerata,93/94,pubblicato,93,Copertina 93 beige,ordinaria,#C4BC96
Marche,Macerata,94/95,pubblicato,94,Copertina 94 beige,ordinaria,#C4BC96
Marche,Macerata,95/96,pubblicato,95,Copertina 95 beige,ordinaria,#C4BC96
Marche,Macerata,96/97,pubblicato,96,Copertina 96 beige,ordinaria,#C4BC96
Marche,Macerata,97/98,pubblicato,97,Copertina 97 beige,ordinaria,#C4BC96
Marche,Macerata,98/99,non_pubblicato,,,ordinaria,
Marche,Macerata,99/00,non_pubblicato,,,ordinaria,
Marche,Macerata,00/01,non_pubblicato,,,ordinaria,
Marche,Macerata,01/02,non_pubblicato,,,ordinaria,
Marche,Macerata,02/03,non_pubblicato,,,ordinaria,
Marche,Macerata,03/04,non_pubblicato,,,ordinaria,
Marche,Macerata,04/05,non_pubblicato,,,ordinaria,
Marche,Macerata,05/06,non_pubblicato,,,ordinaria,
Marche,Macerata,06/07,non_pubblicato,,,ordinaria,
Marche,Macerata,07/08,non_pubblicato,,,ordinaria,
Marche,Macerata,08/09,non_pubblicato,,,ordinaria,
Marche,Macerata,09/10,non_pubblicato,,,ordinaria,
Marche,Macerata,10/11,non_pubblicato,,,ordinaria,
Marche,Macerata,11/12,non_pubblicato,,,ordinaria,
Marche,Macerata,12/13,non_pubblicato,,,ordinaria,
Marche,Macerata,13/14,non_pubblicato,,,ordinaria,
Marche,Macerata,14/15,non_pubblicato,,,ordinaria,
Marche,Pesaro - Urbino,81/82,non_pubblicato,,,ordinaria,
Marche,Pesaro - Urbino,82/83,non_pubblicato,,,ordinaria,
Marche,Pesaro - Urbino,83/84,non_pubblicato,,,ordinaria,
Marche,Pesaro - Urbino,84/85,pubblicato,84,Copertina 84 verde,ordinaria,#92D050
Marche,Pesaro - Urbino,85/86,pubblicato,85,Copertina 85 rossa,ordinaria,#FF0000
Marche,Pesaro - Urbino,86/87,pubblicato,86,Copertina 86 azzurra,ordinaria,#00B0F0
Marche,Pesaro - Urbino,87/88,pubblicato,87,Copertina 87 verde,ordinaria,#92D050
Marche,Pesaro - Urbino,88/89,pubblicato,88,Copertina 88 rossa,ordinaria,#FF0000
Marche,Pesaro - Urbino,89/90,pubblicato,89,Copertina 89 azzurra,ordinaria,#00B0F0
Marche,Pesaro - Urbino,90/91,pubblicato,90/91,Copertina 90/91 blu,ordinaria,#002060
Marche,Pesaro - Urbino,91/92,pubblicato,91,Copertina 91 blu,ordinaria,#002671
Marche,Pesaro - Urbino,92/93,pubblicato,92,Copertina 92 beige,ordinaria,#DDD9C3
Marche,Pesaro - Urbino,93/94,pubblicato,93,Copertina 93 beige,ordinaria,#C4BC96
Marche,Pesaro - Urbino,94/95,pubblicato,94,Copertina 94 beige,ordinaria,#C4BC96
Marche,Pesaro - Urbino,95/96,pubblicato,95,Copertina 95 beige,ordinaria,#C4BC96
Marche,Pesaro - Urbino,96/97,pubblicato,96,Copertina 96 beige,ordinaria,#C4BC96
Marche,Pesaro - Urbino,97/98,pubblicato,97,Copertina 97 beige,ordinaria,#C4BC96
Marche,Pesaro - Urbino,98/99,non_pubblicato,,,ordinaria,
Marche,Pesaro - Urbino,99/00,non_pubblicato,,,ordinaria,
Marche,Pesaro - Urbino,00/01,non_pubblicato,,,ordinaria,
Marche,Pesaro - Urbino,01/02,non_pubblicato,,,ordinaria,
Marche,Pesaro - Urbino,02/03,non_pubblicato,,,ordinaria,
Marche,Pesaro - Urbino,03/04,non_pubblicato,,,ordinaria,
Marche,Pesaro - Urbino,04/05,non_pubblicato,,,ordinaria,
Marche,Pesaro - Urbino,05/06,non_pubblicato,,,ordinaria,
Marche,Pesaro - Urbino,06/07,non_pubblicato,,,ordinaria,
Marche,Pesaro - Urbino,07/08,non_pubblicato,,,ordinaria,
Marche,Pesaro - Urbino,08/09,non_pubblicato,,,ordinaria,
Marche,Pesaro - Urbino,09/10,non_pubblicato,,,ordinaria,
Marche,Pesaro - Urbino,10/11,non_pubblicato,,,ordinaria,
Marche,Pesaro - Urbino,11/12,non_pubblicato,,,ordinaria,
Marche,Pesaro - Urbino,12/13,non_pubblicato,,,ordinaria,
Marche,Pesaro - Urbino,13/14,non_pubblicato,,,ordinaria,
Marche,Pesaro - Urbino,14/15,non_pubblicato,,,ordinaria,
Molise,Campobasso - Isernia,81/82,pubblicato,81,Copertina 81 verde,ordinaria,#92D050
Molise,Campobasso - Isernia,82/83,pubblicato,82,Copertina 82 rossa,ordinaria,#FF0000
Molise,Campobasso - Isernia,83/84,pubblicato,83,Copertina 83 azzurra,ordinaria,#00B0F0
Molise,Campobasso - Isernia,84/85,pubblicato,84,Copertina 84 verde,ordinaria,#92D050
Molise,Campobasso - Isernia,85/86,pubblicato,85,Copertina 85 rossa,ordinaria,#FF0000
Molise,Campobasso - Isernia,86/87,pubblicato,86,Copertina 86 azzurra,ordinaria,#00B0F0
Molise,Campobasso - Isernia,87/88,pubblicato,87,Copertina 87 verde,ordinaria,#92D050
Molise,Campobasso - Isernia,88/89,pubblicato,88,Copertina 88 rossa,ordinaria,#FF0000
Molise,Campobasso - Isernia,89/90,pubblicato,89,Copertina 89 azzurra,ordinaria,#00B0F0
Molise,Campobasso - Isernia,90/91,pubblicato,90/91,Copertina 90/91 blu,ordinaria,#002060
Molise,Campobasso - Isernia,91/92,pubblicato,91,Copertina 91 blu,ordinaria,#002671
Molise,Campobasso - Isernia,92/93,pubblicato,92,Copertina 92 beige,ordinaria,#DDD9C3
Molise,Campobasso - Isernia,93/94,pubblicato,93,Copertina 93 beige,ordinaria,#C4BC96
Molise,Campobasso - Isernia,94/95,pubblicato,94,Copertina 94 beige,ordinaria,#C4BC96
Molise,Campobasso - Isernia,95/96,pubblicato,95,Copertina 95 beige,ordinaria,#C4BC96
Molise,Campobasso - Isernia,96/97,pubblicato,96,Copertina 96 beige,ordinaria,#C4BC96
Molise,Campobasso - Isernia,97/98,pubblicato,97,Copertina 97 beige,ordinaria,#C4BC96
Molise,Campobasso - Isernia,98/99,non_pubblicato,,,ordinaria,
Molise,Campobasso - Isernia,99/00,non_pubblicato,,,ordinaria,
Molise,Campobasso - Isernia,00/01,non_pubblicato,,,ordinaria,
Molise,Campobasso - Isernia,01/02,non_pubblicato,,,ordinaria,
Molise,Campobasso - Isernia,02/03,non_pubblicato,,,ordinaria,
Molise,Campobasso - Isernia,03/04,non_pubblicato,,,ordinaria,
Molise,Campobasso - Isernia,04/05,non_pubblicato,,,ordinaria,
Molise,Campobasso - Isernia,05/06,non_pubblicato,,,ordinaria,
Molise,Campobasso - Isernia,06/07,non_pubblicato,,,ordinaria,
Molise,Campobasso - Isernia,07/08,non_pubblicato,,,ordinaria,
Molise,Campobasso - Isernia,08/09,non_pubblicato,,,ordinaria,
Molise,Campobasso - Isernia,09/10,non_pubblicato,,,ordinaria,
Molise,Campobasso - Isernia,10/11,non_pubblicato,,,ordinaria,
Molise,Campobasso - Isernia,11/12,non_pubblicato,,,ordinaria,
Molise,Campobasso - Isernia,12/13,non_pubblicato,,,ordinaria,
Molise,Campobasso - Isernia,13/14,non_pubblicato,,,ordinaria,
Molise,Campobasso - Isernia,14/15,non_pubblicato,,,ordinaria,
Piemonte,Alessandria - Asti,81/82,pubblicato,82,Copertina 82 verde,ordinaria,#92D050
Piemonte,Alessandria - Asti,82/83,pubblicato,83,Copertina 83 rossa,ordinaria,#FF0000
Piemonte,Alessandria - Asti,83/84,pubblicato,84,Copertina 84 azzurra,ordinaria,#00B0F0
Piemonte,Alessandria - Asti,84/85,non_pubblicato,,,ordinaria,
Piemonte,Alessandria - Asti,85/86,non_pubblicato,,,ordinaria,
Piemonte,Alessandria - Asti,86/87,non_pubblicato,,,ordinaria,
Piemonte,Alessandria - Asti,87/88,non_pubblicato,,,ordinaria,
Piemonte,Alessandria - Asti,88/89,non_pubblicato,,,ordinaria,
Piemonte,Alessandria - Asti,89/90,non_pubblicato,,,ordinaria,
Piemonte,Alessandria - Asti,90/91,non_pubblicato,,,ordinaria,
Piemonte,Alessandria - Asti,91/92,non_pubblicato,,,ordinaria,
Piemonte,Alessandria - Asti,92/93,non_pubblicato,,,ordinaria,
Piemonte,Alessandria - Asti,93/94,non_pubblicato,,,ordinaria,
Piemonte,Alessandria - Asti,94/95,non_pubblicato,,,ordinaria,
Piemonte,Alessandria - Asti,95/96,non_pubblicato,,,ordinaria,
Piemonte,Alessandria - Asti,96/97,non_pubblicato,,,ordinaria,
Piemonte,Alessandria - Asti,97/98,non_pubblicato,,,ordinaria,
Piemonte,Alessandria - Asti,98/99,non_pubblicato,,,ordinaria,
Piemonte,Alessandria - Asti,99/00,non_pubblicato,,,ordinaria,
Piemonte,Alessandria - Asti,00/01,non_pubblicato,,,ordinaria,
Piemonte,Alessandria - Asti,01/02,non_pubblicato,,,ordinaria,
Piemonte,Alessandria - Asti,02/03,non_pubblicato,,,ordinaria,
Piemonte,Alessandria - Asti,03/04,non_pubblicato,,,ordinaria,
Piemonte,Alessandria - Asti,04/05,non_pubblicato,,,ordinaria,
Piemonte,Alessandria - Asti,05/06,non_pubblicato,,,ordinaria,
Piemonte,Alessandria - Asti,06/07,non_pubblicato,,,ordinaria,
Piemonte,Alessandria - Asti,07/08,non_pubblicato,,,ordinaria,
Piemonte,Alessandria - Asti,08/09,non_pubblicato,,,ordinaria,
Piemonte,Alessandria - Asti,09/10,non_pubblicato,,,ordinaria,
Piemonte,Alessandria - Asti,10/11,non_pubblicato,,,ordinaria,
Piemonte,Alessandria - Asti,11/12,non_pubblicato,,,ordinaria,
Piemonte,Alessandria - Asti,12/13,non_pubblicato,,,ordinaria,
Piemonte,Alessandria - Asti,13/14,non_pubblicato,,,ordinaria,
Piemonte,Alessandria - Asti,14/15,non_pubblicato,,,ordinaria,
Piemonte,Alessandria,81/82,non_pubblicato,,,ordinaria,
Piemonte,Alessandria,82/83,non_pubblicato,,,ordinaria,
Piemonte,Alessandria,83/84,non_pubblicato,,,ordinaria,
Piemonte,Alessandria,84/85,pubblicato,85,Copertina 85 verde,ordinaria,#92D050
Piemonte,Alessandria,85/86,pubblicato,86,Copertina 86 rossa,ordinaria,#FF0000
Piemonte,Alessandria,86/87,pubblicato,87,Copertina 87 azzurra,ordinaria,#00B0F0
Piemonte,Alessandria,87/88,pubblicato,88,Copertina 88 verde,ordinaria,#92D050
Piemonte,Alessandria,88/89,pubblicato,89,Copertina 89 rossa,ordinaria,#FF0000
Piemonte,Alessandria,89/90,pubblicato,90,Copertina 90 azzurra,ordinaria,#00B0F0
Piemonte,Alessandria,90/91,pubblicato,91,Copertina 1991 blu,ordinaria,#002060
Piemonte,Alessandria,91/92,pubblicato,92,Copertina 92 blu,ordinaria,#002671
Piemonte,Alessandria,92/93,pubblicato,93,Copertina 93 beige,ordinaria,#DDD9C3
Piemonte,Alessandria,93/94,pubblicato,94,Copertina 94 beige,ordinaria,#C4BC96
Piemonte,Alessandria,94/95,pubblicato,95,Copertina 95 beige,ordinaria,#C4BC96
Piemonte,Alessandria,95/96,pubblicato,96,Copertina 96 beige,ordinaria,#C4BC96
Piemonte,Alessandria,96/97,pubblicato,97,Copertina 97 beige,ordinaria,#C4BC96
Piemonte,Alessandria,97/98,pubblicato,98,Copertina grigia,ordinaria,#999999
Piemonte,Alessandria,98/99,pubblicato,99,Copertina grigia,ordinaria,#999999
Piemonte,Alessandria,99/00,pubblicato,00,Copertina 2000 gialla,ordinaria,#FFD966
Piemonte,Alessandria,00/01,non_pubblicato,,,ordinaria,
Piemonte,Alessandria,01/02,non_pubblicato,,,ordinaria,
Piemonte,Alessandria,02/03,non_pubblicato,,,ordinaria,
Piemonte,Alessandria,03/04,non_pubblicato,,,ordinaria,
Piemonte,Alessandria,04/05,non_pubblicato,,,ordinaria,
Piemonte,Alessandria,05/06,non_pubblicato,,,ordinaria,
Piemonte,Alessandria,06/07,non_pubblicato,,,ordinaria,
Piemonte,Alessandria,07/08,non_pubblicato,,,ordinaria,
Piemonte,Alessandria,08/09,non_pubblicato,,,ordinaria,
Piemonte,Alessandria,09/10,non_pubblicato,,,ordinaria,
Piemonte,Alessandria,10/11,non_pubblicato,,,ordinaria,
Piemonte,Alessandria,11/12,non_pubblicato,,,ordinaria,
Piemonte,Alessandria,12/13,non_pubblicato,,,ordinaria,
Piemonte,Alessandria,13/14,non_pubblicato,,,ordinaria,
Piemonte,Alessandria,14/15,non_pubblicato,,,ordinaria,
Piemonte,Asti,81/82,non_pubblicato,,,ordinaria,
Piemonte,Asti,82/83,non_pubblicato,,,ordinaria,
Piemonte,Asti,83/84,non_pubblicato,,,ordinaria,
Piemonte,Asti,84/85,pubblicato,85,Copertina 85 verde,ordinaria,#92D050
Piemonte,Asti,85/86,pubblicato,86,Copertina 86 rossa,ordinaria,#FF0000
Piemonte,Asti,86/87,pubblicato,87,Copertina 87 azzurra,ordinaria,#00B0F0
Piemonte,Asti,87/88,pubblicato,88,Copertina 88 verde,ordinaria,#92D050
Piemonte,Asti,88/89,pubblicato,89,Copertina 89 rossa,ordinaria,#FF0000
Piemonte,Asti,89/90,pubblicato,90,Copertina 90 azzurra,ordinaria,#00B0F0
Piemonte,Asti,90/91,pubblicato,91,Copertina 1991 blu,ordinaria,#002060
Piemonte,Asti,91/92,pubblicato,92,Copertina 92 blu,ordinaria,#002671
Piemonte,Asti,92/93,pubblicato,93,Copertina 93 beige,ordinaria,#DDD9C3
Piemonte,Asti,93/94,pubblicato,94,Copertina 94 beige,ordinaria,#C4BC96
Piemonte,Asti,94/95,pubblicato,95,Copertina 95 beige,ordinaria,#C4BC96
Piemonte,Asti,95/96,pubblicato,96,Copertina 96 beige,ordinaria,#C4BC96
Piemonte,Asti,96/97,pubblicato,97,Copertina 97 beige,ordinaria,#C4BC96
Piemonte,Asti,97/98,pubblicato,98,Copertina grigia,ordinaria,#999999
Piemonte,Asti,98/99,probabile_non_confermato,,,ordinaria,
Piemonte,Asti,99/00,probabile_non_confermato,,,ordinaria,
Piemonte,Asti,00/01,non_pubblicato,,,ordinaria,
Piemonte,Asti,01/02,non_pubblicato,,,ordinaria,
Piemonte,Asti,02/03,non_pubblicato,,,ordinaria,
Piemonte,Asti,03/04,non_pubblicato,,,ordinaria,
Piemonte,Asti,04/05,non_pubblicato,,,ordinaria,
Piemonte,Asti,05/06,non_pubblicato,,,ordinaria,
Piemonte,Asti,06/07,non_pubblicato,,,ordinaria,
Piemonte,Asti,07/08,non_pubblicato,,,ordinaria,
Piemonte,Asti,08/09,non_pubblicato,,,ordinaria,
Piemonte,Asti,09/10,non_pubblicato,,,ordinaria,
Piemonte,Asti,10/11,pubblicato,,,ordinaria,#F9CB9C
Piemonte,Asti,11/12,pubblicato,,,ordinaria,#F9CB9C
Piemonte,Asti,12/13,pubblicato,,,ordinaria,#F9CB9C
Piemonte,Asti,13/14,pubblicato,,,ordinaria,#F9CB9C
Piemonte,Asti,14/15,pubblicato,,,ordinaria,#F9CB9C
Piemonte,Cuneo,81/82,pubblicato,82,Copertina 82 verde,ordinaria,#92D050
Piemonte,Cuneo,82/83,pubblicato,83,Copertina 83 rossa,ordinaria,#FF0000
Piemonte,Cuneo,83/84,pubblicato,84,Copertina 84 azzurra,ordinaria,#00B0F0
Piemonte,Cuneo,84/85,pubblicato,85,Copertina 85 verde,ordinaria,#92D050
Piemonte,Cuneo,85/86,pubblicato,86,Copertina 86 rossa,ordinaria,#FF0000
Piemonte,Cuneo,86/87,pubblicato,87,Copertina 87 azzurra,ordinaria,#00B0F0
Piemonte,Cuneo,87/88,pubblicato,88,Copertina 88 verde,ordinaria,#92D050
Piemonte,Cuneo,88/89,pubblicato,89,Copertina 89 rossa,ordinaria,#FF0000
Piemonte,Cuneo,89/90,pubblicato,90,Copertina 1990 blu,ordinaria,#002060
Piemonte,Cuneo,90/91,pubblicato,91,Copertina 91 blu,ordinaria,#002671
Piemonte,Cuneo,91/92,pubblicato,92,Copertina 92 blu,ordinaria,#002671
Piemonte,Cuneo,92/93,pubblicato,93,Copertina 93 beige,ordinaria,#DDD9C3
Piemonte,Cuneo,93/94,pubblicato,94,Copertina 94 beige,ordinaria,#C4BC96
Piemonte,Cuneo,94/95,pubblicato,95,Copertina 95 beige,ordinaria,#C4BC96
Piemonte,Cuneo,95/96,pubblicato,96,Copertina 96 beige,ordinaria,#C4BC96
Piemonte,Cuneo,96/97,pubblicato,97,Copertina 97 beige,ordinaria,#C4BC96
Piemonte,Cuneo,97/98,pubblicato,98,Copertina grigia,ordinaria,#999999
Piemonte,Cuneo,98/99,probabile_non_confermato,,,ordinaria,
Piemonte,Cuneo,99/00,probabile_non_confermato,,,ordinaria,
Piemonte,Cuneo,00/01,non_pubblicato,,,ordinaria,
Piemonte,Cuneo,01/02,non_pubblicato,,,ordinaria,
Piemonte,Cuneo,02/03,non_pubblicato,,,ordinaria,
Piemonte,Cuneo,03/04,non_pubblicato,,,ordinaria,
Piemonte,Cuneo,04/05,non_pubblicato,,,ordinaria,
Piemonte,Cuneo,05/06,non_pubblicato,,,ordinaria,
Piemonte,Cuneo,06/07,non_pubblicato,,,ordinaria,
Piemonte,Cuneo,07/08,non_pubblicato,,,ordinaria,
Piemonte,Cuneo,08/09,non_pubblicato,,,ordinaria,
Piemonte,Cuneo,09/10,non_pubblicato,,,ordinaria,
Piemonte,Cuneo,10/11,pubblicato,11/12,Copertina 2011/2012 arancione/bianca formato ridotto,ordinaria,#F9CB9C
Piemonte,Cuneo,11/12,pubblicato,,,ordinaria,#F9CB9C
Piemonte,Cuneo,12/13,pubblicato,,,ordinaria,#F9CB9C
Piemonte,Cuneo,13/14,pubblicato,,,ordinaria,#F9CB9C
Piemonte,Cuneo,14/15,pubblicato,,,ordinaria,#F9CB9C
Piemonte,Novara (Novara - Verbano Cusio Ossola dal 1996),81/82,pubblicato,82,Copertina 82 verde,ordinaria,#92D050
Piemonte,Novara (Novara - Verbano Cusio Ossola dal 1996),82/83,pubblicato,83,Copertina 83 rossa,ordinaria,#FF0000
Piemonte,Novara (Novara - Verbano Cusio Ossola dal 1996),83/84,pubblicato,84,Copertina 84 azzurra,ordinaria,#00B0F0
Piemonte,Novara (Novara - Verbano Cusio Ossola dal 1996),84/85,pubblicato,85,Copertina 85 verde,ordinaria,#92D050
Piemonte,Novara (Novara - Verbano Cusio Ossola dal 1996),85/86,pubblicato,86,Copertina 86 rossa,ordinaria,#FF0000
Piemonte,Novara (Novara - Verbano Cusio Ossola dal 1996),86/87,pubblicato,87,Copertina 87 azzurra,ordinaria,#00B0F0
Piemonte,Novara (Novara - Verbano Cusio Ossola dal 1996),87/88,pubblicato,88,Copertina 88 verde,ordinaria,#92D050
Piemonte,Novara (Novara - Verbano Cusio Ossola dal 1996),88/89,pubblicato,89,Copertina 89 rossa,ordinaria,#FF0000
Piemonte,Novara (Novara - Verbano Cusio Ossola dal 1996),89/90,pubblicato,90,Copertina 1990 blu,ordinaria,#002060
Piemonte,Novara (Novara - Verbano Cusio Ossola dal 1996),90/91,pubblicato,91,Copertina 91 blu,ordinaria,#002671
Piemonte,Novara (Novara - Verbano Cusio Ossola dal 1996),91/92,pubblicato,92,Copertina 92 blu,ordinaria,#002671
Piemonte,Novara (Novara - Verbano Cusio Ossola dal 1996),92/93,pubblicato,93,Copertina 93 beige,ordinaria,#DDD9C3
Piemonte,Novara (Novara - Verbano Cusio Ossola dal 1996),93/94,pubblicato,94,Copertina 94 beige,ordinaria,#C4BC96
Piemonte,Novara (Novara - Verbano Cusio Ossola dal 1996),94/95,pubblicato,95,Copertina 95 beige,ordinaria,#C4BC96
Piemonte,Novara (Novara - Verbano Cusio Ossola dal 1996),95/96,pubblicato,96,Copertina 96 beige,ordinaria,#C4BC96
Piemonte,Novara (Novara - Verbano Cusio Ossola dal 1996),96/97,pubblicato,97,Copertina 97 beige,ordinaria,#C4BC96
Piemonte,Novara (Novara - Verbano Cusio Ossola dal 1996),97/98,pubblicato,98,Copertina grigia,ordinaria,#999999
Piemonte,Novara (Novara - Verbano Cusio Ossola dal 1996),98/99,pubblicato,99,Copertina grigia,ordinaria,#999999
Piemonte,Novara (Novara - Verbano Cusio Ossola dal 1996),99/00,pubblicato,00,Copertina 2000 gialla,ordinaria,#FFD966
Piemonte,Novara (Novara - Verbano Cusio Ossola dal 1996),00/01,non_pubblicato,,,ordinaria,
Piemonte,Novara (Novara - Verbano Cusio Ossola dal 1996),01/02,non_pubblicato,,,ordinaria,
Piemonte,Novara (Novara - Verbano Cusio Ossola dal 1996),02/03,non_pubblicato,,,ordinaria,
Piemonte,Novara (Novara - Verbano Cusio Ossola dal 1996),03/04,non_pubblicato,,,ordinaria,
Piemonte,Novara (Novara - Verbano Cusio Ossola dal 1996),04/05,non_pubblicato,,,ordinaria,
Piemonte,Novara (Novara - Verbano Cusio Ossola dal 1996),05/06,non_pubblicato,,,ordinaria,
Piemonte,Novara (Novara - Verbano Cusio Ossola dal 1996),06/07,non_pubblicato,,,ordinaria,
Piemonte,Novara (Novara - Verbano Cusio Ossola dal 1996),07/08,non_pubblicato,,,ordinaria,
Piemonte,Novara (Novara - Verbano Cusio Ossola dal 1996),08/09,non_pubblicato,,,ordinaria,
Piemonte,Novara (Novara - Verbano Cusio Ossola dal 1996),09/10,non_pubblicato,,,ordinaria,
Piemonte,Novara (Novara - Verbano Cusio Ossola dal 1996),10/11,non_pubblicato,,,ordinaria,
Piemonte,Novara (Novara - Verbano Cusio Ossola dal 1996),11/12,non_pubblicato,,,ordinaria,
Piemonte,Novara (Novara - Verbano Cusio Ossola dal 1996),12/13,non_pubblicato,,,ordinaria,
Piemonte,Novara (Novara - Verbano Cusio Ossola dal 1996),13/14,non_pubblicato,,,ordinaria,
Piemonte,Novara (Novara - Verbano Cusio Ossola dal 1996),14/15,non_pubblicato,,,ordinaria,
Piemonte,Torino e dintorni,81/82,pubblicato,82,Copertina 82 verde,ordinaria,#92D050
Piemonte,Torino e dintorni,82/83,pubblicato,83,Copertina 83 rossa,ordinaria,#FF0000
Piemonte,Torino e dintorni,83/84,pubblicato,84,Copertina 84 azzurra,ordinaria,#00B0F0
Piemonte,Torino e dintorni,84/85,pubblicato,85,Copertina 85 verde,ordinaria,#92D050
Piemonte,Torino e dintorni,85/86,pubblicato,86,Copertina 86 edifici,ordinaria,#CCCCCC
Piemonte,Torino e dintorni,86/87,pubblicato,87,Copertina 87 edifici,ordinaria,#B8D8F4
Piemonte,Torino e dintorni,87/88,pubblicato,88,Copertina 88 edifici,ordinaria,#FFD472
Piemonte,Torino e dintorni,88/89,pubblicato,89,Copertina 89 edifici,ordinaria,#D6E3BC
Piemonte,Torino e dintorni,89/90,pubblicato,90,Copertina 1990 blu,ordinaria,#002060
Piemonte,Torino e dintorni,90/91,pubblicato,91,Copertina 91 blu,ordinaria,#002671
Piemonte,Torino e dintorni,91/92,pubblicato,92,Copertina 92 beige,ordinaria,#DDD9C3
Piemonte,Torino e dintorni,92/93,pubblicato,93,Copertina 93 beige,ordinaria,#DDD9C3
Piemonte,Torino e dintorni,93/94,pubblicato,94,Copertina 94 beige,ordinaria,#C4BC96
Piemonte,Torino e dintorni,94/95,pubblicato,95,Copertina 95 beige,ordinaria,#C4BC96
Piemonte,Torino e dintorni,95/96,pubblicato,96,Copertina 96 beige,ordinaria,#C4BC96
Piemonte,Torino e dintorni,96/97,pubblicato,97,Copertina 97 beige,ordinaria,#C4BC96
Piemonte,Torino e dintorni,97/98,pubblicato,98,Copertina grigia,ordinaria,#999999
Piemonte,Torino e dintorni,98/99,pubblicato,99,Copertina 1999 gialla,ordinaria,#FFD966
Piemonte,Torino e dintorni,99/00,pubblicato,00,Copertina 2000 gialla,ordinaria,#FFD966
Piemonte,Torino e dintorni,00/01,pubblicato,,,ordinaria,#FFD966
Piemonte,Torino e dintorni,01/02,pubblicato,,,ordinaria,#FFD966
Piemonte,Torino e dintorni,02/03,pubblicato,03,Copertina 2003 gialla,ordinaria,#FFD966
Piemonte,Torino e dintorni,03/04,pubblicato,04,Copertina 2004 gialla,ordinaria,#FFD966
Piemonte,Torino e dintorni,04/05,pubblicato,05,Copertina 2005 arancione,ordinaria,#E69138
Piemonte,Torino e dintorni,05/06,pubblicato,06,Copertina 2005 arancione/bianca,ordinaria,#F6B26B
Piemonte,Torino e dintorni,06/07,pubblicato,07,Copertina 2007 arancione/bianca,ordinaria,#F6B26B
Piemonte,Torino e dintorni,07/08,pubblicato,08/09,Copertina 2008/2009 arancione/bianca,ordinaria,#F6B26B
Piemonte,Torino e dintorni,08/09,pubblicato,09/10,Copertina 2009/2010 arancione/bianca,ordinaria,#F6B26B
Piemonte,Torino e dintorni,09/10,pubblicato,10/11,Copertina 2010/2011 arancione/bianca formato ridotto,ordinaria,#F9CB9C
Piemonte,Torino e dintorni,10/11,pubblicato,11/12,Copertina 2011/2012 arancione/bianca formato ridotto,ordinaria,#F9CB9C
Piemonte,Torino e dintorni,11/12,pubblicato,12/13,Copertina 2012/2013 arancione/bianca formato ridotto,ordinaria,#F9CB9C
Piemonte,Torino e dintorni,12/13,pubblicato,13/14,Copertina 2013/2014 arancione/bianca formato ridotto,ordinaria,#F9CB9C
Piemonte,Torino e dintorni,13/14,pubblicato,14/15,Copertina 2014/2015 arancione/bianca formato ridotto,ordinaria,#F9CB9C
Piemonte,Torino e dintorni,14/15,pubblicato,,,ordinaria,#F9CB9C
Piemonte,Provincia di Torino,81/82,pubblicato,82,Copertina 82 verde,ordinaria,#92D050
Piemonte,Provincia di Torino,82/83,pubblicato,83,Copertina 83 rossa,ordinaria,#FF0000
Piemonte,Provincia di Torino,83/84,pubblicato,84,Copertina 84 azzurra,ordinaria,#00B0F0
Piemonte,Provincia di Torino,84/85,pubblicato,85,Copertina 85 verde,ordinaria,#92D050
Piemonte,Provincia di Torino,85/86,pubblicato,86,Copertina 86 rossa,ordinaria,#FF0000
Piemonte,Provincia di Torino,86/87,pubblicato,87,Copertina 87 azzurra,ordinaria,#00B0F0
Piemonte,Provincia di Torino,87/88,pubblicato,88,Copertina 88 verde,ordinaria,#92D050
Piemonte,Provincia di Torino,88/89,pubblicato,89,Copertina 89 rossa,ordinaria,#FF0000
Piemonte,Provincia di Torino,89/90,pubblicato,90,Copertina 1990 blu,ordinaria,#002060
Piemonte,Provincia di Torino,90/91,pubblicato,91,Copertina 91 blu,ordinaria,#002671
Piemonte,Provincia di Torino,91/92,pubblicato,92,Copertina 92 beige,ordinaria,#DDD9C3
Piemonte,Provincia di Torino,92/93,pubblicato,93,Copertina 93 beige,ordinaria,#DDD9C3
Piemonte,Provincia di Torino,93/94,pubblicato,94,Copertina 94 beige,ordinaria,#C4BC96
Piemonte,Provincia di Torino,94/95,pubblicato,95,Copertina 95 beige,ordinaria,#C4BC96
Piemonte,Provincia di Torino,95/96,pubblicato,96,Copertina 96 beige,ordinaria,#C4BC96
Piemonte,Provincia di Torino,96/97,pubblicato,97,Copertina 97 beige,ordinaria,#C4BC96
Piemonte,Provincia di Torino,97/98,pubblicato,98,Copertina grigia,ordinaria,#999999
Piemonte,Provincia di Torino,98/99,probabile_non_confermato,,,ordinaria,
Piemonte,Provincia di Torino,99/00,probabile_non_confermato,,,ordinaria,
Piemonte,Provincia di Torino,00/01,non_pubblicato,,,ordinaria,
Piemonte,Provincia di Torino,01/02,non_pubblicato,,,ordinaria,
Piemonte,Provincia di Torino,02/03,non_pubblicato,,,ordinaria,
Piemonte,Provincia di Torino,03/04,non_pubblicato,,,ordinaria,
Piemonte,Provincia di Torino,04/05,non_pubblicato,,,ordinaria,
Piemonte,Provincia di Torino,05/06,non_pubblicato,,,ordinaria,
Piemonte,Provincia di Torino,06/07,non_pubblicato,,,ordinaria,
Piemonte,Provincia di Torino,07/08,non_pubblicato,,,ordinaria,
Piemonte,Provincia di Torino,08/09,non_pubblicato,,,ordinaria,
Piemonte,Provincia di Torino,09/10,non_pubblicato,,,ordinaria,
Piemonte,Provincia di Torino,10/11,non_pubblicato,,,ordinaria,
Piemonte,Provincia di Torino,11/12,non_pubblicato,,,ordinaria,
Piemonte,Provincia di Torino,12/13,non_pubblicato,,,ordinaria,
Piemonte,Provincia di Torino,13/14,non_pubblicato,,,ordinaria,
Piemonte,Provincia di Torino,14/15,non_pubblicato,,,ordinaria,
Piemonte,Vercelli (Biella - Vercelli dal 1996),81/82,pubblicato,82,Copertina 82 verde,ordinaria,#92D050
Piemonte,Vercelli (Biella - Vercelli dal 1996),82/83,pubblicato,83,Copertina 83 rossa,ordinaria,#FF0000
Piemonte,Vercelli (Biella - Vercelli dal 1996),83/84,pubblicato,84,Copertina 84 azzurra,ordinaria,#00B0F0
Piemonte,Vercelli (Biella - Vercelli dal 1996),84/85,pubblicato,85,Copertina 85 verde,ordinaria,#92D050
Piemonte,Vercelli (Biella - Vercelli dal 1996),85/86,pubblicato,86,Copertina 86 rossa,ordinaria,#FF0000
Piemonte,Vercelli (Biella - Vercelli dal 1996),86/87,pubblicato,87,Copertina 87 azzurra,ordinaria,#00B0F0
Piemonte,Vercelli (Biella - Vercelli dal 1996),87/88,pubblicato,88,Copertina 88 verde,ordinaria,#92D050
Piemonte,Vercelli (Biella - Vercelli dal 1996),88/89,pubblicato,89,Copertina 89 rossa,ordinaria,#FF0000
Piemonte,Vercelli (Biella - Vercelli dal 1996),89/90,pubblicato,90,Copertina 1990 blu,ordinaria,#002060
Piemonte,Vercelli (Biella - Vercelli dal 1996),90/91,pubblicato,91,Copertina 91 blu,ordinaria,#002671
Piemonte,Vercelli (Biella - Vercelli dal 1996),91/92,pubblicato,92,Copertina 92 blu,ordinaria,#002671
Piemonte,Vercelli (Biella - Vercelli dal 1996),92/93,pubblicato,93,Copertina 93 beige,ordinaria,#DDD9C3
Piemonte,Vercelli (Biella - Vercelli dal 1996),93/94,pubblicato,94,Copertina 94 beige,ordinaria,#C4BC96
Piemonte,Vercelli (Biella - Vercelli dal 1996),94/95,pubblicato,95,Copertina 95 beige,ordinaria,#C4BC96
Piemonte,Vercelli (Biella - Vercelli dal 1996),95/96,pubblicato,96,Copertina 96 beige,ordinaria,#C4BC96
Piemonte,Vercelli (Biella - Vercelli dal 1996),96/97,pubblicato,97,Copertina 97 beige,ordinaria,#C4BC96
Piemonte,Vercelli (Biella - Vercelli dal 1996),97/98,pubblicato,98,Copertina grigia,ordinaria,#999999
Piemonte,Vercelli (Biella - Vercelli dal 1996),98/99,pubblicato,99,Copertina grigia,ordinaria,#999999
Piemonte,Vercelli (Biella - Vercelli dal 1996),99/00,pubblicato,00,Copertina 2000 gialla,ordinaria,#FFD966
Piemonte,Vercelli (Biella - Vercelli dal 1996),00/01,non_pubblicato,,,ordinaria,
Piemonte,Vercelli (Biella - Vercelli dal 1996),01/02,non_pubblicato,,,ordinaria,
Piemonte,Vercelli (Biella - Vercelli dal 1996),02/03,non_pubblicato,,,ordinaria,
Piemonte,Vercelli (Biella - Vercelli dal 1996),03/04,non_pubblicato,,,ordinaria,
Piemonte,Vercelli (Biella - Vercelli dal 1996),04/05,non_pubblicato,,,ordinaria,
Piemonte,Vercelli (Biella - Vercelli dal 1996),05/06,non_pubblicato,,,ordinaria,
Piemonte,Vercelli (Biella - Vercelli dal 1996),06/07,non_pubblicato,,,ordinaria,
Piemonte,Vercelli (Biella - Vercelli dal 1996),07/08,non_pubblicato,,,ordinaria,
Piemonte,Vercelli (Biella - Vercelli dal 1996),08/09,non_pubblicato,,,ordinaria,
Piemonte,Vercelli (Biella - Vercelli dal 1996),09/10,non_pubblicato,,,ordinaria,
Piemonte,Vercelli (Biella - Vercelli dal 1996),10/11,non_pubblicato,,,ordinaria,
Piemonte,Vercelli (Biella - Vercelli dal 1996),11/12,non_pubblicato,,,ordinaria,
Piemonte,Vercelli (Biella - Vercelli dal 1996),12/13,non_pubblicato,,,ordinaria,
Piemonte,Vercelli (Biella - Vercelli dal 1996),13/14,non_pubblicato,,,ordinaria,
Piemonte,Vercelli (Biella - Vercelli dal 1996),14/15,non_pubblicato,,,ordinaria,
Piemonte,Torino edizione speciale Sindone,81/82,non_pubblicato,,,ordinaria,
Piemonte,Torino edizione speciale Sindone,82/83,non_pubblicato,,,ordinaria,
Piemonte,Torino edizione speciale Sindone,83/84,non_pubblicato,,,ordinaria,
Piemonte,Torino edizione speciale Sindone,84/85,non_pubblicato,,,ordinaria,
Piemonte,Torino edizione speciale Sindone,85/86,non_pubblicato,,,ordinaria,
Piemonte,Torino edizione speciale Sindone,86/87,non_pubblicato,,,ordinaria,
Piemonte,Torino edizione speciale Sindone,87/88,non_pubblicato,,,ordinaria,
Piemonte,Torino edizione speciale Sindone,88/89,non_pubblicato,,,ordinaria,
Piemonte,Torino edizione speciale Sindone,89/90,non_pubblicato,,,ordinaria,
Piemonte,Torino edizione speciale Sindone,90/91,non_pubblicato,,,ordinaria,
Piemonte,Torino edizione speciale Sindone,91/92,non_pubblicato,,,ordinaria,
Piemonte,Torino edizione speciale Sindone,92/93,non_pubblicato,,,ordinaria,
Piemonte,Torino edizione speciale Sindone,93/94,non_pubblicato,,,ordinaria,
Piemonte,Torino edizione speciale Sindone,94/95,non_pubblicato,,,ordinaria,
Piemonte,Torino edizione speciale Sindone,95/96,non_pubblicato,,,ordinaria,
Piemonte,Torino edizione speciale Sindone,96/97,non_pubblicato,,,ordinaria,
Piemonte,Torino edizione speciale Sindone,97/98,non_pubblicato,,,ordinaria,
Piemonte,Torino edizione speciale Sindone,98/99,non_pubblicato,,,ordinaria,
Piemonte,Torino edizione speciale Sindone,99/00,non_pubblicato,,,ordinaria,
Piemonte,Torino edizione speciale Sindone,00/01,non_pubblicato,,,ordinaria,
Piemonte,Torino edizione speciale Sindone,01/02,non_pubblicato,,,ordinaria,
Piemonte,Torino edizione speciale Sindone,02/03,non_pubblicato,,,ordinaria,
Piemonte,Torino edizione speciale Sindone,03/04,non_pubblicato,,,ordinaria,
Piemonte,Torino edizione speciale Sindone,04/05,non_pubblicato,,,ordinaria,
Piemonte,Torino edizione speciale Sindone,05/06,non_pubblicato,,,ordinaria,
Piemonte,Torino edizione speciale Sindone,06/07,non_pubblicato,,,ordinaria,
Piemonte,Torino edizione speciale Sindone,07/08,non_pubblicato,,,ordinaria,
Piemonte,Torino edizione speciale Sindone,08/09,non_pubblicato,,,ordinaria,
Piemonte,Torino edizione speciale Sindone,09/10,pubblicato,10,Copertina 2010 bianca,straordinaria,#E9F2FE
Piemonte,Torino edizione speciale Sindone,10/11,non_pubblicato,,,ordinaria,
Piemonte,Torino edizione speciale Sindone,11/12,non_pubblicato,,,ordinaria,
Piemonte,Torino edizione speciale Sindone,12/13,non_pubblicato,,,ordinaria,
Piemonte,Torino edizione speciale Sindone,13/14,non_pubblicato,,,ordinaria,
Piemonte,Torino edizione speciale Sindone,14/15,non_pubblicato,,,ordinaria,
Puglia,Bari,81/82,pubblicato,82,Copertina 82 verde,ordinaria,#92D050
Puglia,Bari,82/83,pubblicato,83,Copertina 83 rossa,ordinaria,#FF0000
Puglia,Bari,83/84,pubblicato,84,Copertina 84 azzurra,ordinaria,#00B0F0
Puglia,Bari,84/85,pubblicato,85,Copertina 85 verde,ordinaria,#92D050
Puglia,Bari,85/86,pubblicato,86,Copertina 86 edifici,ordinaria,#CCCCCC
Puglia,Bari,86/87,pubblicato,87,Copertina 87 edifici,ordinaria,#B8D8F4
Puglia,Bari,87/88,pubblicato,88,Copertina 88 edifici,ordinaria,#FFD472
Puglia,Bari,88/89,pubblicato,89,Copertina 89 edifici,ordinaria,#D6E3BC
Puglia,Bari,89/90,pubblicato,90,Copertina 1990 blu,ordinaria,#002060
Puglia,Bari,90/91,pubblicato,91,Copertina 91 blu,ordinaria,#002671
Puglia,Bari,91/92,pubblicato,92,Copertina 92 blu,ordinaria,#002671
Puglia,Bari,92/93,pubblicato,93,Copertina 93 beige,ordinaria,#DDD9C3
Puglia,Bari,93/94,pubblicato,94,Copertina 94 beige,ordinaria,#C4BC96
Puglia,Bari,94/95,pubblicato,95,Copertina 95 beige,ordinaria,#C4BC96
Puglia,Bari,95/96,pubblicato,96,Copertina 96 beige,ordinaria,#C4BC96
Puglia,Bari,96/97,pubblicato,97,Copertina 97 beige,ordinaria,#C4BC96
Puglia,Bari,97/98,pubblicato,98,Copertina grigia,ordinaria,#999999
Puglia,Bari,98/99,pubblicato,99,Copertina grigia,ordinaria,#999999
Puglia,Bari,99/00,pubblicato,00,Copertina 2000 gialla,ordinaria,#FFD966
Puglia,Bari,00/01,pubblicato,,,ordinaria,#FFD966
Puglia,Bari,01/02,pubblicato,02,Copertina 2002 gialla,ordinaria,#FFD966
Puglia,Bari,02/03,pubblicato,,,ordinaria,#FFD966
Puglia,Bari,03/04,pubblicato,04,Copertina 2004 gialla,ordinaria,#FFD966
Puglia,Bari,04/05,pubblicato,05,Copertina 2005 arancione,ordinaria,#E69138
Puglia,Bari,05/06,pubblicato,06,Copertina 2005 arancione/bianca,ordinaria,#F6B26B
Puglia,Bari,06/07,pubblicato,07,Copertina 2007 arancione/bianca,ordinaria,#F6B26B
Puglia,Bari,07/08,pubblicato,08/09,Copertina 2008/2009 arancione/bianca,ordinaria,#F6B26B
Puglia,Bari,08/09,pubblicato,09/10,Copertina 2009/2010 arancione/bianca,ordinaria,#F6B26B
Puglia,Bari,09/10,pubblicato,10/11,Copertina 2010/2011 arancione/bianca formato ridotto,ordinaria,#F9CB9C
Puglia,Bari,10/11,pubblicato,11/12,Copertina 2011/2012 arancione/bianca formato ridotto,ordinaria,#F9CB9C
Puglia,Bari,11/12,pubblicato,12/13,Copertina 2012/2013 arancione/bianca formato ridotto,ordinaria,#F9CB9C
Puglia,Bari,12/13,pubblicato,13/14,Copertina 2013/2014 arancione/bianca formato ridotto,ordinaria,#F9CB9C
Puglia,Bari,13/14,pubblicato,14/15,Copertina 2014/2015 arancione/bianca formato ridotto,ordinaria,#F9CB9C
Puglia,Bari,14/15,pubblicato,,,ordinaria,#F9CB9C
Puglia,Brindisi - Lecce,81/82,pubblicato,82,Copertina 82 verde,ordinaria,#92D050
Puglia,Brindisi - Lecce,82/83,pubblicato,83,Copertina 83 rossa,ordinaria,#FF0000
Puglia,Brindisi - Lecce,83/84,pubblicato,84,Copertina 84 azzurra,ordinaria,#00B0F0
Puglia,Brindisi - Lecce,84/85,pubblicato,85,Copertina 85 verde,ordinaria,#92D050
Puglia,Brindisi - Lecce,85/86,pubblicato,86,Copertina 86 rossa,ordinaria,#FF0000
Puglia,Brindisi - Lecce,86/87,pubblicato,87,Copertina 87 azzurra,ordinaria,#00B0F0
Puglia,Brindisi - Lecce,87/88,pubblicato,88,Copertina 88 verde,ordinaria,#92D050
Puglia,Brindisi - Lecce,88/89,non_pubblicato,,,ordinaria,
Puglia,Brindisi - Lecce,89/90,non_pubblicato,,,ordinaria,
Puglia,Brindisi - Lecce,90/91,non_pubblicato,,,ordinaria,
Puglia,Brindisi - Lecce,91/92,non_pubblicato,,,ordinaria,
Puglia,Brindisi - Lecce,92/93,non_pubblicato,,,ordinaria,
Puglia,Brindisi - Lecce,93/94,non_pubblicato,,,ordinaria,
Puglia,Brindisi - Lecce,94/95,non_pubblicato,,,ordinaria,
Puglia,Brindisi - Lecce,95/96,non_pubblicato,,,ordinaria,
Puglia,Brindisi - Lecce,96/97,non_pubblicato,,,ordinaria,
Puglia,Brindisi - Lecce,97/98,non_pubblicato,,,ordinaria,
Puglia,Brindisi - Lecce,98/99,non_pubblicato,,,ordinaria,
Puglia,Brindisi - Lecce,99/00,non_pubblicato,,,ordinaria,
Puglia,Brindisi - Lecce,00/01,non_pubblicato,,,ordinaria,
Puglia,Brindisi - Lecce,01/02,non_pubblicato,,,ordinaria,
Puglia,Brindisi - Lecce,02/03,non_pubblicato,,,ordinaria,
Puglia,Brindisi - Lecce,03/04,non_pubblicato,,,ordinaria,
Puglia,Brindisi - Lecce,04/05,non_pubblicato,,,ordinaria,
Puglia,Brindisi - Lecce,05/06,non_pubblicato,,,ordinaria,
Puglia,Brindisi - Lecce,06/07,non_pubblicato,,,ordinaria,
Puglia,Brindisi - Lecce,07/08,non_pubblicato,,,ordinaria,
Puglia,Brindisi - Lecce,08/09,non_pubblicato,,,ordinaria,
Puglia,Brindisi - Lecce,09/10,non_pubblicato,,,ordinaria,
Puglia,Brindisi - Lecce,10/11,non_pubblicato,,,ordinaria,
Puglia,Brindisi - Lecce,11/12,non_pubblicato,,,ordinaria,
Puglia,Brindisi - Lecce,12/13,non_pubblicato,,,ordinaria,
Puglia,Brindisi - Lecce,13/14,non_pubblicato,,,ordinaria,
Puglia,Brindisi - Lecce,14/15,non_pubblicato,,,ordinaria,
Puglia,Brindisi,81/82,non_pubblicato,,,ordinaria,
Puglia,Brindisi,82/83,non_pubblicato,,,ordinaria,
Puglia,Brindisi,83/84,non_pubblicato,,,ordinaria,
Puglia,Brindisi,84/85,non_pubblicato,,,ordinaria,
Puglia,Brindisi,85/86,non_pubblicato,,,ordinaria,
Puglia,Brindisi,86/87,non_pubblicato,,,ordinaria,
Puglia,Brindisi,87/88,non_pubblicato,,,ordinaria,
Puglia,Brindisi,88/89,pubblicato,89,Copertina 89 rossa,ordinaria,#FF0000
Puglia,Brindisi,89/90,pubblicato,90,Copertina 1990 blu,ordinaria,#002060
Puglia,Brindisi,90/91,pubblicato,91,Copertina 91 blu,ordinaria,#002671
Puglia,Brindisi,91/92,pubblicato,92,Copertina 92 blu,ordinaria,#002671
Puglia,Brindisi,92/93,pubblicato,93,Copertina 93 beige,ordinaria,#DDD9C3
Puglia,Brindisi,93/94,pubblicato,94,Copertina 94 beige,ordinaria,#C4BC96
Puglia,Brindisi,94/95,pubblicato,95,Copertina 95 beige,ordinaria,#C4BC96
Puglia,Brindisi,95/96,pubblicato,96,Copertina 96 beige,ordinaria,#C4BC96
Puglia,Brindisi,96/97,pubblicato,97,Copertina 97 beige,ordinaria,#C4BC96
Puglia,Brindisi,97/98,pubblicato,98,Copertina grigia,ordinaria,#999999
Puglia,Brindisi,98/99,non_pubblicato,,,ordinaria,
Puglia,Brindisi,99/00,non_pubblicato,,,ordinaria,
Puglia,Brindisi,00/01,non_pubblicato,,,ordinaria,
Puglia,Brindisi,01/02,non_pubblicato,,,ordinaria,
Puglia,Brindisi,02/03,non_pubblicato,,,ordinaria,
Puglia,Brindisi,03/04,non_pubblicato,,,ordinaria,
Puglia,Brindisi,04/05,non_pubblicato,,,ordinaria,
Puglia,Brindisi,05/06,non_pubblicato,,,ordinaria,
Puglia,Brindisi,06/07,non_pubblicato,,,ordinaria,
Puglia,Brindisi,07/08,non_pubblicato,,,ordinaria,
Puglia,Brindisi,08/09,non_pubblicato,,,ordinaria,
Puglia,Brindisi,09/10,non_pubblicato,,,ordinaria,
Puglia,Brindisi,10/11,non_pubblicato,,,ordinaria,
Puglia,Brindisi,11/12,non_pubblicato,,,ordinaria,
Puglia,Brindisi,12/13,non_pubblicato,,,ordinaria,
Puglia,Brindisi,13/14,non_pubblicato,,,ordinaria,
Puglia,Brindisi,14/15,non_pubblicato,,,ordinaria,
Puglia,Foggia,81/82,pubblicato,82,Copertina 82 verde,ordinaria,#92D050
Puglia,Foggia,82/83,pubblicato,83,Copertina 83 rossa,ordinaria,#FF0000
Puglia,Foggia,83/84,pubblicato,84,Copertina 84 azzurra,ordinaria,#00B0F0
Puglia,Foggia,84/85,pubblicato,85,Copertina 85 verde,ordinaria,#92D050
Puglia,Foggia,85/86,pubblicato,86,Copertina 86 rossa,ordinaria,#FF0000
Puglia,Foggia,86/87,pubblicato,87,Copertina 87 azzurra,ordinaria,#00B0F0
Puglia,Foggia,87/88,pubblicato,88,Copertina 88 verde,ordinaria,#92D050
Puglia,Foggia,88/89,pubblicato,89,Copertina 89 rossa,ordinaria,#FF0000
Puglia,Foggia,89/90,pubblicato,90,Copertina 1990 blu,ordinaria,#002060
Puglia,Foggia,90/91,pubblicato,91,Copertina 91 blu,ordinaria,#002671
Puglia,Foggia,91/92,pubblicato,92,Copertina 92 blu,ordinaria,#002671
Puglia,Foggia,92/93,pubblicato,93,Copertina 93 beige,ordinaria,#DDD9C3
Puglia,Foggia,93/94,pubblicato,94,Copertina 94 beige,ordinaria,#C4BC96
Puglia,Foggia,94/95,pubblicato,95,Copertina 95 beige,ordinaria,#C4BC96
Puglia,Foggia,95/96,pubblicato,96,Copertina 96 beige,ordinaria,#C4BC96
Puglia,Foggia,96/97,pubblicato,97,Copertina 97 beige,ordinaria,#C4BC96
Puglia,Foggia,97/98,pubblicato,98,Copertina grigia,ordinaria,#999999
Puglia,Foggia,98/99,non_pubblicato,,,ordinaria,
Puglia,Foggia,99/00,non_pubblicato,,,ordinaria,
Puglia,Foggia,00/01,non_pubblicato,,,ordinaria,
Puglia,Foggia,01/02,non_pubblicato,,,ordinaria,
Puglia,Foggia,02/03,non_pubblicato,,,ordinaria,
Puglia,Foggia,03/04,non_pubblicato,,,ordinaria,
Puglia,Foggia,04/05,non_pubblicato,,,ordinaria,
Puglia,Foggia,05/06,non_pubblicato,,,ordinaria,
Puglia,Foggia,06/07,non_pubblicato,,,ordinaria,
Puglia,Foggia,07/08,non_pubblicato,,,ordinaria,
Puglia,Foggia,08/09,non_pubblicato,,,ordinaria,
Puglia,Foggia,09/10,non_pubblicato,,,ordinaria,
Puglia,Foggia,10/11,non_pubblicato,,,ordinaria,
Puglia,Foggia,11/12,non_pubblicato,,,ordinaria,
Puglia,Foggia,12/13,non_pubblicato,,,ordinaria,
Puglia,Foggia,13/14,non_pubblicato,,,ordinaria,
Puglia,Foggia,14/15,non_pubblicato,,,ordinaria,
Puglia,Lecce,81/82,non_pubblicato,,,ordinaria,
Puglia,Lecce,82/83,non_pubblicato,,,ordinaria,
Puglia,Lecce,83/84,non_pubblicato,,,ordinaria,
Puglia,Lecce,84/85,non_pubblicato,,,ordinaria,
Puglia,Lecce,85/86,non_pubblicato,,,ordinaria,
Puglia,Lecce,86/87,non_pubblicato,,,ordinaria,
Puglia,Lecce,87/88,non_pubblicato,,,ordinaria,
Puglia,Lecce,88/89,pubblicato,89,Copertina 89 rossa,ordinaria,#FF0000
Puglia,Lecce,89/90,pubblicato,90,Copertina 1990 blu,ordinaria,#002060
Puglia,Lecce,90/91,pubblicato,91,Copertina 91 blu,ordinaria,#002671
Puglia,Lecce,91/92,pubblicato,92,Copertina 92 blu,ordinaria,#002671
Puglia,Lecce,92/93,pubblicato,93,Copertina 93 beige,ordinaria,#DDD9C3
Puglia,Lecce,93/94,pubblicato,94,Copertina 94 beige,ordinaria,#C4BC96
Puglia,Lecce,94/95,pubblicato,95,Copertina 95 beige,ordinaria,#C4BC96
Puglia,Lecce,95/96,pubblicato,96,Copertina 96 beige,ordinaria,#C4BC96
Puglia,Lecce,96/97,pubblicato,97,Copertina 97 beige,ordinaria,#C4BC96
Puglia,Lecce,97/98,pubblicato,98,Copertina grigia,ordinaria,#999999
Puglia,Lecce,98/99,pubblicato,99,Copertina grigia,ordinaria,#999999
Puglia,Lecce,99/00,pubblicato,00,Copertina 2000 gialla,ordinaria,#FFD966
Puglia,Lecce,00/01,pubblicato,,,ordinaria,#FFD966
Puglia,Lecce,01/02,pubblicato,02,Copertina 2002 gialla,ordinaria,#FFD966
Puglia,Lecce,02/03,pubblicato,,,ordinaria,#FFD966
Puglia,Lecce,03/04,pubblicato,04,Copertina 2004 gialla,ordinaria,#FFD966
Puglia,Lecce,04/05,pubblicato,05,Copertina 2005 arancione,ordinaria,#E69138
Puglia,Lecce,05/06,pubblicato,06,Copertina 2005 arancione/bianca,ordinaria,#F6B26B
Puglia,Lecce,06/07,pubblicato,07,Copertina 2007 arancione/bianca,ordinaria,#F6B26B
Puglia,Lecce,07/08,pubblicato,,,ordinaria,#F6B26B
Puglia,Lecce,08/09,pubblicato,,,ordinaria,#F6B26B
Puglia,Lecce,09/10,pubblicato,10/11,Copertina 2010/2011 arancione/bianca formato ridotto,ordinaria,#F9CB9C
Puglia,Lecce,10/11,pubblicato,,,ordinaria,#F9CB9C
Puglia,Lecce,11/12,pubblicato,,,ordinaria,#F9CB9C
Puglia,Lecce,12/13,pubblicato,,,ordinaria,#F9CB9C
Puglia,Lecce,13/14,pubblicato,,,ordinaria,#F9CB9C
Puglia,Lecce,14/15,pubblicato,,,ordinaria,#F9CB9C
Puglia,Taranto,81/82,pubblicato,82,Copertina 82 verde,ordinaria,#92D050
Puglia,Taranto,82/83,pubblicato,83,Copertina 83 rossa,ordinaria,#FF0000
Puglia,Taranto,83/84,pubblicato,84,Copertina 84 azzurra,ordinaria,#00B0F0
Puglia,Taranto,84/85,pubblicato,85,Copertina 85 verde,ordinaria,#92D050
Puglia,Taranto,85/86,pubblicato,86,Copertina 86 rossa,ordinaria,#FF0000
Puglia,Taranto,86/87,pubblicato,87,Copertina 87 azzurra,ordinaria,#00B0F0
Puglia,Taranto,87/88,pubblicato,88,Copertina 88 verde,ordinaria,#92D050
Puglia,Taranto,88/89,pubblicato,89,Copertina 89 rossa,ordinaria,#FF0000
Puglia,Taranto,89/90,pubblicato,90,Copertina 1990 blu,ordinaria,#002060
Puglia,Taranto,90/91,pubblicato,91,Copertina 91 blu,ordinaria,#002671
Puglia,Taranto,91/92,pubblicato,92,Copertina 92 blu,ordinaria,#002671
Puglia,Taranto,92/93,pubblicato,93,Copertina 93 beige,ordinaria,#DDD9C3
Puglia,Taranto,93/94,pubblicato,94,Copertina 94 beige,ordinaria,#C4BC96
Puglia,Taranto,94/95,pubblicato,95,Copertina 95 beige,ordinaria,#C4BC96
Puglia,Taranto,95/96,pubblicato,96,Copertina 96 beige,ordinaria,#C4BC96
Puglia,Taranto,96/97,pubblicato,97,Copertina 97 beige,ordinaria,#C4BC96
Puglia,Taranto,97/98,pubblicato,98,Copertina grigia,ordinaria,#999999
Puglia,Taranto,98/99,non_pubblicato,,,ordinaria,
Puglia,Taranto,99/00,non_pubblicato,,,ordinaria,
Puglia,Taranto,00/01,non_pubblicato,,,ordinaria,
Puglia,Taranto,01/02,non_pubblicato,,,ordinaria,
Puglia,Taranto,02/03,non_pubblicato,,,ordinaria,
Puglia,Taranto,03/04,non_pubblicato,,,ordinaria,
Puglia,Taranto,04/05,non_pubblicato,,,ordinaria,
Puglia,Taranto,05/06,non_pubblicato,,,ordinaria,
Puglia,Taranto,06/07,non_pubblicato,,,ordinaria,
Puglia,Taranto,07/08,non_pubblicato,,,ordinaria,
Puglia,Taranto,08/09,non_pubblicato,,,ordinaria,
Puglia,Taranto,09/10,non_pubblicato,,,ordinaria,
Puglia,Taranto,10/11,non_pubblicato,,,ordinaria,
Puglia,Taranto,11/12,non_pubblicato,,,ordinaria,
Puglia,Taranto,12/13,non_pubblicato,,,ordinaria,
Puglia,Taranto,13/14,non_pubblicato,,,ordinaria,
Puglia,Taranto,14/15,non_pubblicato,,,ordinaria,
Sardegna,Cagliari - Nuoro - Oristano - Sassari,81/82,pubblicato,81,Copertina 81 verde,ordinaria,#92D050
Sardegna,Cagliari - Nuoro - Oristano - Sassari,82/83,pubblicato,82,Copertina 82 rossa,ordinaria,#FF0000
Sardegna,Cagliari - Nuoro - Oristano - Sassari,83/84,pubblicato,83,Copertina 83 azzurra,ordinaria,#00B0F0
Sardegna,Cagliari - Nuoro - Oristano - Sassari,84/85,non_pubblicato,,,ordinaria,
Sardegna,Cagliari - Nuoro - Oristano - Sassari,85/86,non_pubblicato,,,ordinaria,
Sardegna,Cagliari - Nuoro - Oristano - Sassari,86/87,non_pubblicato,,,ordinaria,
Sardegna,Cagliari - Nuoro - Oristano - Sassari,87/88,non_pubblicato,,,ordinaria,
Sardegna,Cagliari - Nuoro - Oristano - Sassari,88/89,non_pubblicato,,,ordinaria,
Sardegna,Cagliari - Nuoro - Oristano - Sassari,89/90,non_pubblicato,,,ordinaria,
Sardegna,Cagliari - Nuoro - Oristano - Sassari,90/91,non_pubblicato,,,ordinaria,
Sardegna,Cagliari - Nuoro - Oristano - Sassari,91/92,non_pubblicato,,,ordinaria,
Sardegna,Cagliari - Nuoro - Oristano - Sassari,92/93,non_pubblicato,,,ordinaria,
Sardegna,Cagliari - Nuoro - Oristano - Sassari,93/94,non_pubblicato,,,ordinaria,
Sardegna,Cagliari - Nuoro - Oristano - Sassari,94/95,non_pubblicato,,,ordinaria,
Sardegna,Cagliari - Nuoro - Oristano - Sassari,95/96,non_pubblicato,,,ordinaria,
Sardegna,Cagliari - Nuoro - Oristano - Sassari,96/97,non_pubblicato,,,ordinaria,
Sardegna,Cagliari - Nuoro - Oristano - Sassari,97/98,non_pubblicato,,,ordinaria,
Sardegna,Cagliari - Nuoro - Oristano - Sassari,98/99,non_pubblicato,,,ordinaria,
Sardegna,Cagliari - Nuoro - Oristano - Sassari,99/00,non_pubblicato,,,ordinaria,
Sardegna,Cagliari - Nuoro - Oristano - Sassari,00/01,non_pubblicato,,,ordinaria,
Sardegna,Cagliari - Nuoro - Oristano - Sassari,01/02,non_pubblicato,,,ordinaria,
Sardegna,Cagliari - Nuoro - Oristano - Sassari,02/03,non_pubblicato,,,ordinaria,
Sardegna,Cagliari - Nuoro - Oristano - Sassari,03/04,non_pubblicato,,,ordinaria,
Sardegna,Cagliari - Nuoro - Oristano - Sassari,04/05,non_pubblicato,,,ordinaria,
Sardegna,Cagliari - Nuoro - Oristano - Sassari,05/06,non_pubblicato,,,ordinaria,
Sardegna,Cagliari - Nuoro - Oristano - Sassari,06/07,non_pubblicato,,,ordinaria,
Sardegna,Cagliari - Nuoro - Oristano - Sassari,07/08,non_pubblicato,,,ordinaria,
Sardegna,Cagliari - Nuoro - Oristano - Sassari,08/09,non_pubblicato,,,ordinaria,
Sardegna,Cagliari - Nuoro - Oristano - Sassari,09/10,non_pubblicato,,,ordinaria,
Sardegna,Cagliari - Nuoro - Oristano - Sassari,10/11,non_pubblicato,,,ordinaria,
Sardegna,Cagliari - Nuoro - Oristano - Sassari,11/12,non_pubblicato,,,ordinaria,
Sardegna,Cagliari - Nuoro - Oristano - Sassari,12/13,non_pubblicato,,,ordinaria,
Sardegna,Cagliari - Nuoro - Oristano - Sassari,13/14,non_pubblicato,,,ordinaria,
Sardegna,Cagliari - Nuoro - Oristano - Sassari,14/15,non_pubblicato,,,ordinaria,
Sardegna,Cagliari - Oristano,81/82,non_pubblicato,,,ordinaria,
Sardegna,Cagliari - Oristano,82/83,non_pubblicato,,,ordinaria,
Sardegna,Cagliari - Oristano,83/84,non_pubblicato,,,ordinaria,
Sardegna,Cagliari - Oristano,84/85,pubblicato,84,Copertina 84 verde,ordinaria,#92D050
Sardegna,Cagliari - Oristano,85/86,pubblicato,85,Copertina 85 rossa,ordinaria,#FF0000
Sardegna,Cagliari - Oristano,86/87,pubblicato,86,Copertina 86 azzurra,ordinaria,#00B0F0
Sardegna,Cagliari - Oristano,87/88,pubblicato,87,Copertina 87 verde,ordinaria,#92D050
Sardegna,Cagliari - Oristano,88/89,pubblicato,88,Copertina 88 rossa,ordinaria,#FF0000
Sardegna,Cagliari - Oristano,89/90,pubblicato,89,Copertina 89 azzurra,ordinaria,#00B0F0
Sardegna,Cagliari - Oristano,90/91,pubblicato,90/91,Copertina 90/91 blu,ordinaria,#002060
Sardegna,Cagliari - Oristano,91/92,pubblicato,91,Copertina 91 blu,ordinaria,#002671
Sardegna,Cagliari - Oristano,92/93,pubblicato,92,Copertina 92 beige,ordinaria,#DDD9C3
Sardegna,Cagliari - Oristano,93/94,pubblicato,93,Copertina 93 beige,ordinaria,#DDD9C3
Sardegna,Cagliari - Oristano,94/95,pubblicato,94,Copertina 94 beige,ordinaria,#C4BC96
Sardegna,Cagliari - Oristano,95/96,pubblicato,95,Copertina 95 beige,ordinaria,#C4BC96
Sardegna,Cagliari - Oristano,96/97,pubblicato,96,Copertina 96 beige,ordinaria,#C4BC96
Sardegna,Cagliari - Oristano,97/98,pubblicato,97,Copertina 97 beige,ordinaria,#C4BC96
Sardegna,Cagliari - Oristano,98/99,non_pubblicato,,,ordinaria,
Sardegna,Cagliari - Oristano,99/00,non_pubblicato,,,ordinaria,
Sardegna,Cagliari - Oristano,00/01,non_pubblicato,,,ordinaria,
Sardegna,Cagliari - Oristano,01/02,non_pubblicato,,,ordinaria,
Sardegna,Cagliari - Oristano,02/03,non_pubblicato,,,ordinaria,
Sardegna,Cagliari - Oristano,03/04,non_pubblicato,,,ordinaria,
Sardegna,Cagliari - Oristano,04/05,non_pubblicato,,,ordinaria,
Sardegna,Cagliari - Oristano,05/06,non_pubblicato,,,ordinaria,
Sardegna,Cagliari - Oristano,06/07,non_pubblicato,,,ordinaria,
Sardegna,Cagliari - Oristano,07/08,non_pubblicato,,,ordinaria,
Sardegna,Cagliari - Oristano,08/09,non_pubblicato,,,ordinaria,
Sardegna,Cagliari - Oristano,09/10,non_pubblicato,,,ordinaria,
Sardegna,Cagliari - Oristano,10/11,non_pubblicato,,,ordinaria,
Sardegna,Cagliari - Oristano,11/12,non_pubblicato,,,ordinaria,
Sardegna,Cagliari - Oristano,12/13,non_pubblicato,,,ordinaria,
Sardegna,Cagliari - Oristano,13/14,non_pubblicato,,,ordinaria,
Sardegna,Cagliari - Oristano,14/15,non_pubblicato,,,ordinaria,
Sardegna,Cagliari (Cagliari - Carbonia Iglesias - Medio Campidano dal 2009),81/82,non_pubblicato,,,ordinaria,
Sardegna,Cagliari (Cagliari - Carbonia Iglesias - Medio Campidano dal 2009),82/83,non_pubblicato,,,ordinaria,
Sardegna,Cagliari (Cagliari - Carbonia Iglesias - Medio Campidano dal 2009),83/84,non_pubblicato,,,ordinaria,
Sardegna,Cagliari (Cagliari - Carbonia Iglesias - Medio Campidano dal 2009),84/85,non_pubblicato,,,ordinaria,
Sardegna,Cagliari (Cagliari - Carbonia Iglesias - Medio Campidano dal 2009),85/86,non_pubblicato,,,ordinaria,
Sardegna,Cagliari (Cagliari - Carbonia Iglesias - Medio Campidano dal 2009),86/87,non_pubblicato,,,ordinaria,
Sardegna,Cagliari (Cagliari - Carbonia Iglesias - Medio Campidano dal 2009),87/88,non_pubblicato,,,ordinaria,
Sardegna,Cagliari (Cagliari - Carbonia Iglesias - Medio Campidano dal 2009),88/89,non_pubblicato,,,ordinaria,
Sardegna,Cagliari (Cagliari - Carbonia Iglesias - Medio Campidano dal 2009),89/90,non_pubblicato,,,ordinaria,
Sardegna,Cagliari (Cagliari - Carbonia Iglesias - Medio Campidano dal 2009),90/91,non_pubblicato,,,ordinaria,
Sardegna,Cagliari (Cagliari - Carbonia Iglesias - Medio Campidano dal 2009),91/92,non_pubblicato,,,ordinaria,
Sardegna,Cagliari (Cagliari - Carbonia Iglesias - Medio Campidano dal 2009),92/93,non_pubblicato,,,ordinaria,
Sardegna,Cagliari (Cagliari - Carbonia Iglesias - Medio Campidano dal 2009),93/94,non_pubblicato,,,ordinaria,
Sardegna,Cagliari (Cagliari - Carbonia Iglesias - Medio Campidano dal 2009),94/95,non_pubblicato,,,ordinaria,
Sardegna,Cagliari (Cagliari - Carbonia Iglesias - Medio Campidano dal 2009),95/96,non_pubblicato,,,ordinaria,
Sardegna,Cagliari (Cagliari - Carbonia Iglesias - Medio Campidano dal 2009),96/97,non_pubblicato,,,ordinaria,
Sardegna,Cagliari (Cagliari - Carbonia Iglesias - Medio Campidano dal 2009),97/98,non_pubblicato,,,ordinaria,
Sardegna,Cagliari (Cagliari - Carbonia Iglesias - Medio Campidano dal 2009),98/99,pubblicato,98,Copertina grigia,ordinaria,#999999
Sardegna,Cagliari (Cagliari - Carbonia Iglesias - Medio Campidano dal 2009),99/00,pubblicato,99,Copertina 1999 gialla,ordinaria,#FFD966
Sardegna,Cagliari (Cagliari - Carbonia Iglesias - Medio Campidano dal 2009),00/01,pubblicato,00/01,Copertina 2000/2001 gialla,ordinaria,#FFD966
Sardegna,Cagliari (Cagliari - Carbonia Iglesias - Medio Campidano dal 2009),01/02,pubblicato,01/02,Copertina 2001/2002 gialla,ordinaria,#FFD966
Sardegna,Cagliari (Cagliari - Carbonia Iglesias - Medio Campidano dal 2009),02/03,pubblicato,02/03,Copertina 2002/2003 gialla,ordinaria,#FFD966
Sardegna,Cagliari (Cagliari - Carbonia Iglesias - Medio Campidano dal 2009),03/04,pubblicato,03/04,Copertina 2003/2004 gialla,ordinaria,#FFD966
Sardegna,Cagliari (Cagliari - Carbonia Iglesias - Medio Campidano dal 2009),04/05,pubblicato,04,Copertina 2004 gialla,ordinaria,#FFD966
Sardegna,Cagliari (Cagliari - Carbonia Iglesias - Medio Campidano dal 2009),05/06,pubblicato,05,Copertina 2005 arancione,ordinaria,#E69138
Sardegna,Cagliari (Cagliari - Carbonia Iglesias - Medio Campidano dal 2009),06/07,pubblicato,06,Copertina 2006 arancione/bianca,ordinaria,#F6B26B
Sardegna,Cagliari (Cagliari - Carbonia Iglesias - Medio Campidano dal 2009),07/08,pubblicato,07,Copertina 2007 arancione/bianca,ordinaria,#F6B26B
Sardegna,Cagliari (Cagliari - Carbonia Iglesias - Medio Campidano dal 2009),08/09,pubblicato,08/09,Copertina 2008/2009 arancione/bianca,ordinaria,#F6B26B
Sardegna,Cagliari (Cagliari - Carbonia Iglesias - Medio Campidano dal 2009),09/10,pubblicato,09/10,Copertina 2009/2010 arancione/bianca,ordinaria,#F6B26B
Sardegna,Cagliari (Cagliari - Carbonia Iglesias - Medio Campidano dal 2009),10/11,pubblicato,10/11,Copertina 2010/2011 arancione/bianca formato ridotto,ordinaria,#F9CB9C
Sardegna,Cagliari (Cagliari - Carbonia Iglesias - Medio Campidano dal 2009),11/12,pubblicato,11/12,Copertina 2011/2012 arancione/bianca formato ridotto,ordinaria,#F9CB9C
Sardegna,Cagliari (Cagliari - Carbonia Iglesias - Medio Campidano dal 2009),12/13,pubblicato,12/13,Copertina 2012/2013 arancione/bianca formato ridotto,ordinaria,#F9CB9C
Sardegna,Cagliari (Cagliari - Carbonia Iglesias - Medio Campidano dal 2009),13/14,pubblicato,13/14,Copertina 2013/2014 arancione/bianca formato ridotto,ordinaria,#F9CB9C
Sardegna,Cagliari (Cagliari - Carbonia Iglesias - Medio Campidano dal 2009),14/15,pubblicato,14/15,Copertina 2014/2015 arancione/bianca formato ridotto,ordinaria,#F9CB9C
Sardegna,Nuoro - Sassari,81/82,non_pubblicato,,,ordinaria,
Sardegna,Nuoro - Sassari,82/83,non_pubblicato,,,ordinaria,
Sardegna,Nuoro - Sassari,83/84,non_pubblicato,,,ordinaria,
Sardegna,Nuoro - Sassari,84/85,pubblicato,84,Copertina 84 verde,ordinaria,#92D050
Sardegna,Nuoro - Sassari,85/86,pubblicato,85,Copertina 85 rossa,ordinaria,#FF0000
Sardegna,Nuoro - Sassari,86/87,pubblicato,86,Copertina 86 azzurra,ordinaria,#00B0F0
Sardegna,Nuoro - Sassari,87/88,pubblicato,87,Copertina 87 verde,ordinaria,#92D050
Sardegna,Nuoro - Sassari,88/89,pubblicato,88,Copertina 88 rossa,ordinaria,#FF0000
Sardegna,Nuoro - Sassari,89/90,pubblicato,89,Copertina 89 azzurra,ordinaria,#00B0F0
Sardegna,Nuoro - Sassari,90/91,pubblicato,90/91,Copertina 90/91 blu,ordinaria,#002060
Sardegna,Nuoro - Sassari,91/92,pubblicato,91,Copertina 91 blu,ordinaria,#002671
Sardegna,Nuoro - Sassari,92/93,pubblicato,92,Copertina 92 beige,ordinaria,#DDD9C3
Sardegna,Nuoro - Sassari,93/94,pubblicato,93,Copertina 93 beige,ordinaria,#DDD9C3
Sardegna,Nuoro - Sassari,94/95,pubblicato,94,Copertina 94 beige,ordinaria,#C4BC96
Sardegna,Nuoro - Sassari,95/96,pubblicato,95,Copertina 95 beige,ordinaria,#C4BC96
Sardegna,Nuoro - Sassari,96/97,pubblicato,96,Copertina 96 beige,ordinaria,#C4BC96
Sardegna,Nuoro - Sassari,97/98,pubblicato,97,Copertina 97 beige,ordinaria,#C4BC96
Sardegna,Nuoro - Sassari,98/99,non_pubblicato,,,ordinaria,
Sardegna,Nuoro - Sassari,99/00,non_pubblicato,,,ordinaria,
Sardegna,Nuoro - Sassari,00/01,non_pubblicato,,,ordinaria,
Sardegna,Nuoro - Sassari,01/02,non_pubblicato,,,ordinaria,
Sardegna,Nuoro - Sassari,02/03,non_pubblicato,,,ordinaria,
Sardegna,Nuoro - Sassari,03/04,non_pubblicato,,,ordinaria,
Sardegna,Nuoro - Sassari,04/05,non_pubblicato,,,ordinaria,
Sardegna,Nuoro - Sassari,05/06,non_pubblicato,,,ordinaria,
Sardegna,Nuoro - Sassari,06/07,non_pubblicato,,,ordinaria,
Sardegna,Nuoro - Sassari,07/08,non_pubblicato,,,ordinaria,
Sardegna,Nuoro - Sassari,08/09,non_pubblicato,,,ordinaria,
Sardegna,Nuoro - Sassari,09/10,non_pubblicato,,,ordinaria,
Sardegna,Nuoro - Sassari,10/11,non_pubblicato,,,ordinaria,
Sardegna,Nuoro - Sassari,11/12,non_pubblicato,,,ordinaria,
Sardegna,Nuoro - Sassari,12/13,non_pubblicato,,,ordinaria,
Sardegna,Nuoro - Sassari,13/14,non_pubblicato,,,ordinaria,
Sardegna,Nuoro - Sassari,14/15,non_pubblicato,,,ordinaria,
Sicilia,Agrigento - Caltanissetta - Trapani,81/82,pubblicato,82,Copertina 82 verde,ordinaria,#92D050
Sicilia,Agrigento - Caltanissetta - Trapani,82/83,pubblicato,83,Copertina 83 rossa,ordinaria,#FF0000
Sicilia,Agrigento - Caltanissetta - Trapani,83/84,pubblicato,84,Copertina 84 azzurra,ordinaria,#00B0F0
Sicilia,Agrigento - Caltanissetta - Trapani,84/85,non_pubblicato,,,ordinaria,
Sicilia,Agrigento - Caltanissetta - Trapani,85/86,non_pubblicato,,,ordinaria,
Sicilia,Agrigento - Caltanissetta - Trapani,86/87,non_pubblicato,,,ordinaria,
Sicilia,Agrigento - Caltanissetta - Trapani,87/88,non_pubblicato,,,ordinaria,
Sicilia,Agrigento - Caltanissetta - Trapani,88/89,non_pubblicato,,,ordinaria,
Sicilia,Agrigento - Caltanissetta - Trapani,89/90,non_pubblicato,,,ordinaria,
Sicilia,Agrigento - Caltanissetta - Trapani,90/91,non_pubblicato,,,ordinaria,
Sicilia,Agrigento - Caltanissetta - Trapani,91/92,non_pubblicato,,,ordinaria,
Sicilia,Agrigento - Caltanissetta - Trapani,92/93,non_pubblicato,,,ordinaria,
Sicilia,Agrigento - Caltanissetta - Trapani,93/94,non_pubblicato,,,ordinaria,
Sicilia,Agrigento - Caltanissetta - Trapani,94/95,non_pubblicato,,,ordinaria,
Sicilia,Agrigento - Caltanissetta - Trapani,95/96,non_pubblicato,,,ordinaria,
Sicilia,Agrigento - Caltanissetta - Trapani,96/97,non_pubblicato,,,ordinaria,
Sicilia,Agrigento - Caltanissetta - Trapani,97/98,non_pubblicato,,,ordinaria,
Sicilia,Agrigento - Caltanissetta - Trapani,98/99,non_pubblicato,,,ordinaria,
Sicilia,Agrigento - Caltanissetta - Trapani,99/00,non_pubblicato,,,ordinaria,
Sicilia,Agrigento - Caltanissetta - Trapani,00/01,non_pubblicato,,,ordinaria,
Sicilia,Agrigento - Caltanissetta - Trapani,01/02,non_pubblicato,,,ordinaria,
Sicilia,Agrigento - Caltanissetta - Trapani,02/03,non_pubblicato,,,ordinaria,
Sicilia,Agrigento - Caltanissetta - Trapani,03/04,non_pubblicato,,,ordinaria,
Sicilia,Agrigento - Caltanissetta - Trapani,04/05,non_pubblicato,,,ordinaria,
Sicilia,Agrigento - Caltanissetta - Trapani,05/06,non_pubblicato,,,ordinaria,
Sicilia,Agrigento - Caltanissetta - Trapani,06/07,non_pubblicato,,,ordinaria,
Sicilia,Agrigento - Caltanissetta - Trapani,07/08,non_pubblicato,,,ordinaria,
Sicilia,Agrigento - Caltanissetta - Trapani,08/09,non_pubblicato,,,ordinaria,
Sicilia,Agrigento - Caltanissetta - Trapani,09/10,non_pubblicato,,,ordinaria,
Sicilia,Agrigento - Caltanissetta - Trapani,10/11,non_pubblicato,,,ordinaria,
Sicilia,Agrigento - Caltanissetta - Trapani,11/12,non_pubblicato,,,ordinaria,
Sicilia,Agrigento - Caltanissetta - Trapani,12/13,non_pubblicato,,,ordinaria,
Sicilia,Agrigento - Caltanissetta - Trapani,13/14,non_pubblicato,,,ordinaria,
Sicilia,Agrigento - Caltanissetta - Trapani,14/15,non_pubblicato,,,ordinaria,
Sicilia,Agrigento - Caltanissetta,81/82,non_pubblicato,,,ordinaria,
Sicilia,Agrigento - Caltanissetta,82/83,non_pubblicato,,,ordinaria,
Sicilia,Agrigento - Caltanissetta,83/84,non_pubblicato,,,ordinaria,
Sicilia,Agrigento - Caltanissetta,84/85,pubblicato,85,Copertina 85 verde,ordinaria,#92D050
Sicilia,Agrigento - Caltanissetta,85/86,pubblicato,86,Copertina 86 rossa,ordinaria,#FF0000
Sicilia,Agrigento - Caltanissetta,86/87,pubblicato,87,Copertina 87 azzurra,ordinaria,#00B0F0
Sicilia,Agrigento - Caltanissetta,87/88,pubblicato,88,Copertina 88 verde,ordinaria,#92D050
Sicilia,Agrigento - Caltanissetta,88/89,pubblicato,89,Copertina 89 rossa,ordinaria,#FF0000
Sicilia,Agrigento - Caltanissetta,89/90,non_pubblicato,,,ordinaria,
Sicilia,Agrigento - Caltanissetta,90/91,non_pubblicato,,,ordinaria,
Sicilia,Agrigento - Caltanissetta,91/92,non_pubblicato,,,ordinaria,
Sicilia,Agrigento - Caltanissetta,92/93,non_pubblicato,,,ordinaria,
Sicilia,Agrigento - Caltanissetta,93/94,non_pubblicato,,,ordinaria,
Sicilia,Agrigento - Caltanissetta,94/95,non_pubblicato,,,ordinaria,
Sicilia,Agrigento - Caltanissetta,95/96,non_pubblicato,,,ordinaria,
Sicilia,Agrigento - Caltanissetta,96/97,non_pubblicato,,,ordinaria,
Sicilia,Agrigento - Caltanissetta,97/98,non_pubblicato,,,ordinaria,
Sicilia,Agrigento - Caltanissetta,98/99,non_pubblicato,,,ordinaria,
Sicilia,Agrigento - Caltanissetta,99/00,non_pubblicato,,,ordinaria,
Sicilia,Agrigento - Caltanissetta,00/01,non_pubblicato,,,ordinaria,
Sicilia,Agrigento - Caltanissetta,01/02,non_pubblicato,,,ordinaria,
Sicilia,Agrigento - Caltanissetta,02/03,non_pubblicato,,,ordinaria,
Sicilia,Agrigento - Caltanissetta,03/04,non_pubblicato,,,ordinaria,
Sicilia,Agrigento - Caltanissetta,04/05,non_pubblicato,,,ordinaria,
Sicilia,Agrigento - Caltanissetta,05/06,non_pubblicato,,,ordinaria,
Sicilia,Agrigento - Caltanissetta,06/07,non_pubblicato,,,ordinaria,
Sicilia,Agrigento - Caltanissetta,07/08,non_pubblicato,,,ordinaria,
Sicilia,Agrigento - Caltanissetta,08/09,non_pubblicato,,,ordinaria,
Sicilia,Agrigento - Caltanissetta,09/10,non_pubblicato,,,ordinaria,
Sicilia,Agrigento - Caltanissetta,10/11,non_pubblicato,,,ordinaria,
Sicilia,Agrigento - Caltanissetta,11/12,non_pubblicato,,,ordinaria,
Sicilia,Agrigento - Caltanissetta,12/13,non_pubblicato,,,ordinaria,
Sicilia,Agrigento - Caltanissetta,13/14,non_pubblicato,,,ordinaria,
Sicilia,Agrigento - Caltanissetta,14/15,non_pubblicato,,,ordinaria,
Sicilia,Agrigento,81/82,non_pubblicato,,,ordinaria,
Sicilia,Agrigento,82/83,non_pubblicato,,,ordinaria,
Sicilia,Agrigento,83/84,non_pubblicato,,,ordinaria,
Sicilia,Agrigento,84/85,non_pubblicato,,,ordinaria,
Sicilia,Agrigento,85/86,non_pubblicato,,,ordinaria,
Sicilia,Agrigento,86/87,non_pubblicato,,,ordinaria,
Sicilia,Agrigento,87/88,non_pubblicato,,,ordinaria,
Sicilia,Agrigento,88/89,non_pubblicato,,,ordinaria,
Sicilia,Agrigento,89/90,pubblicato,90,Copertina 90 azzurra,ordinaria,#00B0F0
Sicilia,Agrigento,90/91,pubblicato,91,Copertina 1991 blu,ordinaria,#002060
Sicilia,Agrigento,91/92,pubblicato,92,Copertina 92 blu,ordinaria,#002671
Sicilia,Agrigento,92/93,pubblicato,93,Copertina 93 beige,ordinaria,#DDD9C3
Sicilia,Agrigento,93/94,pubblicato,94,Copertina 94 beige,ordinaria,#C4BC96
Sicilia,Agrigento,94/95,pubblicato,95,Copertina 95 beige,ordinaria,#C4BC96
Sicilia,Agrigento,95/96,pubblicato,96,Copertina 96 beige,ordinaria,#C4BC96
Sicilia,Agrigento,96/97,pubblicato,97,Copertina 97 beige,ordinaria,#C4BC96
Sicilia,Agrigento,97/98,pubblicato,98,Copertina grigia,ordinaria,#999999
Sicilia,Agrigento,98/99,non_pubblicato,,,ordinaria,
Sicilia,Agrigento,99/00,non_pubblicato,,,ordinaria,
Sicilia,Agrigento,00/01,non_pubblicato,,,ordinaria,
Sicilia,Agrigento,01/02,non_pubblicato,,,ordinaria,
Sicilia,Agrigento,02/03,non_pubblicato,,,ordinaria,
Sicilia,Agrigento,03/04,non_pubblicato,,,ordinaria,
Sicilia,Agrigento,04/05,non_pubblicato,,,ordinaria,
Sicilia,Agrigento,05/06,non_pubblicato,,,ordinaria,
Sicilia,Agrigento,06/07,non_pubblicato,,,ordinaria,
Sicilia,Agrigento,07/08,non_pubblicato,,,ordinaria,
Sicilia,Agrigento,08/09,non_pubblicato,,,ordinaria,
Sicilia,Agrigento,09/10,non_pubblicato,,,ordinaria,
Sicilia,Agrigento,10/11,non_pubblicato,,,ordinaria,
Sicilia,Agrigento,11/12,non_pubblicato,,,ordinaria,
Sicilia,Agrigento,12/13,non_pubblicato,,,ordinaria,
Sicilia,Agrigento,13/14,non_pubblicato,,,ordinaria,
Sicilia,Agrigento,14/15,non_pubblicato,,,ordinaria,
Sicilia,Caltanissetta - Enna,81/82,non_pubblicato,,,ordinaria,
Sicilia,Caltanissetta - Enna,82/83,non_pubblicato,,,ordinaria,
Sicilia,Caltanissetta - Enna,83/84,non_pubblicato,,,ordinaria,
Sicilia,Caltanissetta - Enna,84/85,non_pubblicato,,,ordinaria,
Sicilia,Caltanissetta - Enna,85/86,non_pubblicato,,,ordinaria,
Sicilia,Caltanissetta - Enna,86/87,non_pubblicato,,,ordinaria,
Sicilia,Caltanissetta - Enna,87/88,non_pubblicato,,,ordinaria,
Sicilia,Caltanissetta - Enna,88/89,non_pubblicato,,,ordinaria,
Sicilia,Caltanissetta - Enna,89/90,pubblicato,90,Copertina 90 azzurra,ordinaria,#00B0F0
Sicilia,Caltanissetta - Enna,90/91,pubblicato,91,Copertina 1991 blu,ordinaria,#002060
Sicilia,Caltanissetta - Enna,91/92,pubblicato,92,Copertina 92 blu,ordinaria,#002671
Sicilia,Caltanissetta - Enna,92/93,pubblicato,93,Copertina 93 beige,ordinaria,#DDD9C3
Sicilia,Caltanissetta - Enna,93/94,pubblicato,94,Copertina 94 beige,ordinaria,#C4BC96
Sicilia,Caltanissetta - Enna,94/95,pubblicato,95,Copertina 95 beige,ordinaria,#C4BC96
Sicilia,Caltanissetta - Enna,95/96,pubblicato,96,Copertina 96 beige,ordinaria,#C4BC96
Sicilia,Caltanissetta - Enna,96/97,pubblicato,97,Copertina 97 beige,ordinaria,#C4BC96
Sicilia,Caltanissetta - Enna,97/98,pubblicato,98,Copertina grigia,ordinaria,#999999
Sicilia,Caltanissetta - Enna,98/99,non_pubblicato,,,ordinaria,
Sicilia,Caltanissetta - Enna,99/00,non_pubblicato,,,ordinaria,
Sicilia,Caltanissetta - Enna,00/01,non_pubblicato,,,ordinaria,
Sicilia,Caltanissetta - Enna,01/02,non_pubblicato,,,ordinaria,
Sicilia,Caltanissetta - Enna,02/03,non_pubblicato,,,ordinaria,
Sicilia,Caltanissetta - Enna,03/04,non_pubblicato,,,ordinaria,
Sicilia,Caltanissetta - Enna,04/05,non_pubblicato,,,ordinaria,
Sicilia,Caltanissetta - Enna,05/06,non_pubblicato,,,ordinaria,
Sicilia,Caltanissetta - Enna,06/07,non_pubblicato,,,ordinaria,
Sicilia,Caltanissetta - Enna,07/08,non_pubblicato,,,ordinaria,
Sicilia,Caltanissetta - Enna,08/09,non_pubblicato,,,ordinaria,
Sicilia,Caltanissetta - Enna,09/10,non_pubblicato,,,ordinaria,
Sicilia,Caltanissetta - Enna,10/11,non_pubblicato,,,ordinaria,
Sicilia,Caltanissetta - Enna,11/12,non_pubblicato,,,ordinaria,
Sicilia,Caltanissetta - Enna,12/13,non_pubblicato,,,ordinaria,
Sicilia,Caltanissetta - Enna,13/14,non_pubblicato,,,ordinaria,
Sicilia,Caltanissetta - Enna,14/15,non_pubblicato,,,ordinaria,
Sicilia,Catania,81/82,pubblicato,82,Copertina 82 verde,ordinaria,#92D050
Sicilia,Catania,82/83,pubblicato,83,Copertina 83 rossa,ordinaria,#FF0000
Sicilia,Catania,83/84,pubblicato,84,Copertina 84 azzurra,ordinaria,#00B0F0
Sicilia,Catania,84/85,pubblicato,85,Copertina 85 verde,ordinaria,#92D050
Sicilia,Catania,85/86,pubblicato,86,Copertina 86 edifici,ordinaria,#CCCCCC
Sicilia,Catania,86/87,pubblicato,87,Copertina 87 edifici,ordinaria,#B8D8F4
Sicilia,Catania,87/88,pubblicato,88,Copertina 88 edifici,ordinaria,#FFD472
Sicilia,Catania,88/89,pubblicato,89,Copertina 89 edifici,ordinaria,#D6E3BC
Sicilia,Catania,89/90,pubblicato,90,Copertina 90 edifici,ordinaria,#8AEBFF
Sicilia,Catania,90/91,pubblicato,91,Copertina 1991 blu,ordinaria,#002060
Sicilia,Catania,91/92,pubblicato,92,Copertina 92 blu,ordinaria,#002671
Sicilia,Catania,92/93,pubblicato,93,Copertina 93 beige,ordinaria,#DDD9C3
Sicilia,Catania,93/94,pubblicato,94,Copertina 94 beige,ordinaria,#C4BC96
Sicilia,Catania,94/95,pubblicato,95,Copertina 95 beige,ordinaria,#C4BC96
Sicilia,Catania,95/96,pubblicato,96,Copertina 96 beige,ordinaria,#C4BC96
Sicilia,Catania,96/97,pubblicato,97,Copertina 97 beige,ordinaria,#C4BC96
Sicilia,Catania,97/98,pubblicato,98,Copertina grigia,ordinaria,#999999
Sicilia,Catania,98/99,pubblicato,99,Copertina grigia,ordinaria,#999999
Sicilia,Catania,99/00,pubblicato,,,ordinaria,#FFD966
Sicilia,Catania,00/01,pubblicato,,,ordinaria,#FFD966
Sicilia,Catania,01/02,pubblicato,02,Copertina 2002 gialla,ordinaria,#FFD966
Sicilia,Catania,02/03,pubblicato,03,Copertina 2003 gialla,ordinaria,#FFD966
Sicilia,Catania,03/04,pubblicato,04,Copertina 2004 gialla,ordinaria,#FFD966
Sicilia,Catania,04/05,pubblicato,04,Copertina 2004 arancione,ordinaria,#E69138
Sicilia,Catania,05/06,pubblicato,05,Copertina 2005 arancione,ordinaria,#E69138
Sicilia,Catania,06/07,pubblicato,06,Copertina 2006 arancione/bianca,ordinaria,#F6B26B
Sicilia,Catania,07/08,pubblicato,07,Copertina 2007 arancione/bianca,ordinaria,#F6B26B
Sicilia,Catania,08/09,pubblicato,,,ordinaria,#F6B26B
Sicilia,Catania,09/10,pubblicato,09/10,Copertina 2009/2010 arancione/bianca formato ridotto,ordinaria,#F9CB9C
Sicilia,Catania,10/11,pubblicato,11,Copertina 2011 arancione/bianca formato ridotto,ordinaria,#F9CB9C
Sicilia,Catania,11/12,pubblicato,12,Copertina 2012 arancione/bianca formato ridotto,ordinaria,#F9CB9C
Sicilia,Catania,12/13,pubblicato,13,Copertina 2013 arancione/bianca formato ridotto,ordinaria,#F9CB9C
Sicilia,Catania,13/14,pubblicato,14,Copertina 2014 arancione/bianca formato ridotto,ordinaria,#F9CB9C
Sicilia,Catania,14/15,pubblicato,15,Copertina 2015 arancione/bianca formato ridotto,ordinaria,#F9CB9C
Sicilia,Enna - Ragusa - Siracusa,81/82,pubblicato,82,Copertina 82 verde,ordinaria,#92D050
Sicilia,Enna - Ragusa - Siracusa,82/83,pubblicato,83,Copertina 83 rossa,ordinaria,#FF0000
Sicilia,Enna - Ragusa - Siracusa,83/84,pubblicato,84,Copertina 84 azzurra,ordinaria,#00B0F0
Sicilia,Enna - Ragusa - Siracusa,84/85,pubblicato,85,Copertina 85 verde,ordinaria,#92D050
Sicilia,Enna - Ragusa - Siracusa,85/86,pubblicato,86,Copertina 86 rossa,ordinaria,#FF0000
Sicilia,Enna - Ragusa - Siracusa,86/87,pubblicato,87,Copertina 87 azzurra,ordinaria,#00B0F0
Sicilia,Enna - Ragusa - Siracusa,87/88,pubblicato,88,Copertina 88 verde,ordinaria,#92D050
Sicilia,Enna - Ragusa - Siracusa,88/89,pubblicato,89,Copertina 89 rossa,ordinaria,#FF0000
Sicilia,Enna - Ragusa - Siracusa,89/90,non_pubblicato,,,ordinaria,
Sicilia,Enna - Ragusa - Siracusa,90/91,non_pubblicato,,,ordinaria,
Sicilia,Enna - Ragusa - Siracusa,91/92,non_pubblicato,,,ordinaria,
Sicilia,Enna - Ragusa - Siracusa,92/93,non_pubblicato,,,ordinaria,
Sicilia,Enna - Ragusa - Siracusa,93/94,non_pubblicato,,,ordinaria,
Sicilia,Enna - Ragusa - Siracusa,94/95,non_pubblicato,,,ordinaria,
Sicilia,Enna - Ragusa - Siracusa,95/96,non_pubblicato,,,ordinaria,
Sicilia,Enna - Ragusa - Siracusa,96/97,non_pubblicato,,,ordinaria,
Sicilia,Enna - Ragusa - Siracusa,97/98,non_pubblicato,,,ordinaria,
Sicilia,Enna - Ragusa - Siracusa,98/99,non_pubblicato,,,ordinaria,
Sicilia,Enna - Ragusa - Siracusa,99/00,non_pubblicato,,,ordinaria,
Sicilia,Enna - Ragusa - Siracusa,00/01,non_pubblicato,,,ordinaria,
Sicilia,Enna - Ragusa - Siracusa,01/02,non_pubblicato,,,ordinaria,
Sicilia,Enna - Ragusa - Siracusa,02/03,non_pubblicato,,,ordinaria,
Sicilia,Enna - Ragusa - Siracusa,03/04,non_pubblicato,,,ordinaria,
Sicilia,Enna - Ragusa - Siracusa,04/05,non_pubblicato,,,ordinaria,
Sicilia,Enna - Ragusa - Siracusa,05/06,non_pubblicato,,,ordinaria,
Sicilia,Enna - Ragusa - Siracusa,06/07,non_pubblicato,,,ordinaria,
Sicilia,Enna - Ragusa - Siracusa,07/08,non_pubblicato,,,ordinaria,
Sicilia,Enna - Ragusa - Siracusa,08/09,non_pubblicato,,,ordinaria,
Sicilia,Enna - Ragusa - Siracusa,09/10,non_pubblicato,,,ordinaria,
Sicilia,Enna - Ragusa - Siracusa,10/11,non_pubblicato,,,ordinaria,
Sicilia,Enna - Ragusa - Siracusa,11/12,non_pubblicato,,,ordinaria,
Sicilia,Enna - Ragusa - Siracusa,12/13,non_pubblicato,,,ordinaria,
Sicilia,Enna - Ragusa - Siracusa,13/14,non_pubblicato,,,ordinaria,
Sicilia,Enna - Ragusa - Siracusa,14/15,non_pubblicato,,,ordinaria,
Sicilia,Messina,81/82,pubblicato,82,Copertina 82 verde,ordinaria,#92D050
Sicilia,Messina,82/83,pubblicato,83,Copertina 83 rossa,ordinaria,#FF0000
Sicilia,Messina,83/84,pubblicato,84,Copertina 84 azzurra,ordinaria,#00B0F0
Sicilia,Messina,84/85,pubblicato,85,Copertina 85 verde,ordinaria,#92D050
Sicilia,Messina,85/86,pubblicato,86,Copertina 86 rossa,ordinaria,#FF0000
Sicilia,Messina,86/87,pubblicato,87,Copertina 87 azzurra,ordinaria,#00B0F0
Sicilia,Messina,87/88,pubblicato,88,Copertina 88 verde,ordinaria,#92D050
Sicilia,Messina,88/89,pubblicato,89,Copertina 89 rossa,ordinaria,#FF0000
Sicilia,Messina,89/90,pubblicato,90,Copertina 90 azzurra,ordinaria,#00B0F0
Sicilia,Messina,90/91,pubblicato,91,Copertina 1991 blu,ordinaria,#002060
Sicilia,Messina,91/92,pubblicato,92,Copertina 92 blu,ordinaria,#002671
Sicilia,Messina,92/93,pubblicato,93,Copertina 93 beige,ordinaria,#DDD9C3
Sicilia,Messina,93/94,pubblicato,94,Copertina 94 beige,ordinaria,#C4BC96
Sicilia,Messina,94/95,pubblicato,95,Copertina 95 beige,ordinaria,#C4BC96
Sicilia,Messina,95/96,pubblicato,96,Copertina 96 beige,ordinaria,#C4BC96
Sicilia,Messina,96/97,pubblicato,97,Copertina 97 beige,ordinaria,#C4BC96
Sicilia,Messina,97/98,pubblicato,98,Copertina grigia,ordinaria,#999999
Sicilia,Messina,98/99,non_pubblicato,,,ordinaria,
Sicilia,Messina,99/00,non_pubblicato,,,ordinaria,
Sicilia,Messina,00/01,non_pubblicato,,,ordinaria,
Sicilia,Messina,01/02,non_pubblicato,,,ordinaria,
Sicilia,Messina,02/03,non_pubblicato,,,ordinaria,
Sicilia,Messina,03/04,non_pubblicato,,,ordinaria,
Sicilia,Messina,04/05,non_pubblicato,,,ordinaria,
Sicilia,Messina,05/06,non_pubblicato,,,ordinaria,
Sicilia,Messina,06/07,non_pubblicato,,,ordinaria,
Sicilia,Messina,07/08,non_pubblicato,,,ordinaria,
Sicilia,Messina,08/09,non_pubblicato,,,ordinaria,
Sicilia,Messina,09/10,non_pubblicato,,,ordinaria,
Sicilia,Messina,10/11,non_pubblicato,,,ordinaria,
Sicilia,Messina,11/12,non_pubblicato,,,ordinaria,
Sicilia,Messina,12/13,non_pubblicato,,,ordinaria,
Sicilia,Messina,13/14,non_pubblicato,,,ordinaria,
Sicilia,Messina,14/15,non_pubblicato,,,ordinaria,
Sicilia,Palermo,81/82,pubblicato,82,Copertina 82 verde,ordinaria,#92D050
Sicilia,Palermo,82/83,pubblicato,83,Copertina 83 rossa,ordinaria,#FF0000
Sicilia,Palermo,83/84,pubblicato,84,Copertina 84 azzurra,ordinaria,#00B0F0
Sicilia,Palermo,84/85,pubblicato,85,Copertina 85 verde,ordinaria,#92D050
Sicilia,Palermo,85/86,pubblicato,86,Copertina 86 edifici,ordinaria,#CCCCCC
Sicilia,Palermo,86/87,pubblicato,87,Copertina 87 edifici,ordinaria,#B8D8F4
Sicilia,Palermo,87/88,pubblicato,88,Copertina 88 edifici,ordinaria,#FFD472
Sicilia,Palermo,88/89,pubblicato,89,Copertina 89 edifici,ordinaria,#D6E3BC
Sicilia,Palermo,89/90,pubblicato,90,Copertina 90 edifici,ordinaria,#8AEBFF
Sicilia,Palermo,90/91,pubblicato,91,Copertina 1991 blu,ordinaria,#002060
Sicilia,Palermo,91/92,pubblicato,92,Copertina 92 blu,ordinaria,#002671
Sicilia,Palermo,92/93,pubblicato,93,Copertina 93 beige,ordinaria,#DDD9C3
Sicilia,Palermo,93/94,pubblicato,94,Copertina 94 beige,ordinaria,#C4BC96
Sicilia,Palermo,94/95,pubblicato,95,Copertina 95 beige,ordinaria,#C4BC96
Sicilia,Palermo,95/96,pubblicato,96,Copertina 96 beige,ordinaria,#C4BC96
Sicilia,Palermo,96/97,pubblicato,97,Copertina 97 beige,ordinaria,#C4BC96
Sicilia,Palermo,97/98,pubblicato,98,Copertina grigia,ordinaria,#999999
Sicilia,Palermo,98/99,pubblicato,99,Copertina grigia,ordinaria,#999999
Sicilia,Palermo,99/00,pubblicato,99/00,Copertina 1999/2000 gialla,ordinaria,#FFD966
Sicilia,Palermo,00/01,pubblicato,,,ordinaria,#FFD966
Sicilia,Palermo,01/02,pubblicato,02,Copertina 2002 gialla,ordinaria,#FFD966
Sicilia,Palermo,02/03,pubblicato,03,Copertina 2003 gialla,ordinaria,#FFD966
Sicilia,Palermo,03/04,pubblicato,04,Copertina 2004 gialla,ordinaria,#FFD966
Sicilia,Palermo,04/05,pubblicato,04,Copertina 2004 arancione,ordinaria,#E69138
Sicilia,Palermo,05/06,pubblicato,05,Copertina 2005 arancione,ordinaria,#E69138
Sicilia,Palermo,06/07,pubblicato,06,Copertina 2006 arancione/bianca,ordinaria,#F6B26B
Sicilia,Palermo,07/08,pubblicato,07,Copertina 2007 arancione/bianca,ordinaria,#F6B26B
Sicilia,Palermo,08/09,pubblicato,09,Copertina 2009 arancione/bianca,ordinaria,#F6B26B
Sicilia,Palermo,09/10,pubblicato,09/10,Copertina 2009/2010 arancione/bianca formato ridotto,ordinaria,#F9CB9C
Sicilia,Palermo,10/11,pubblicato,11,Copertina 2011 arancione/bianca formato ridotto,ordinaria,#F9CB9C
Sicilia,Palermo,11/12,pubblicato,12,Copertina 2012 arancione/bianca formato ridotto,ordinaria,#F9CB9C
Sicilia,Palermo,12/13,pubblicato,13,Copertina 2013 arancione/bianca formato ridotto,ordinaria,#F9CB9C
Sicilia,Palermo,13/14,pubblicato,14,Copertina 2014 arancione/bianca formato ridotto,ordinaria,#F9CB9C
Sicilia,Palermo,14/15,pubblicato,15,Copertina 2015 arancione/bianca formato ridotto,ordinaria,#F9CB9C
Sicilia,Ragusa - Siracusa,81/82,non_pubblicato,,,ordinaria,
Sicilia,Ragusa - Siracusa,82/83,non_pubblicato,,,ordinaria,
Sicilia,Ragusa - Siracusa,83/84,non_pubblicato,,,ordinaria,
Sicilia,Ragusa - Siracusa,84/85,non_pubblicato,,,ordinaria,
Sicilia,Ragusa - Siracusa,85/86,non_pubblicato,,,ordinaria,
Sicilia,Ragusa - Siracusa,86/87,non_pubblicato,,,ordinaria,
Sicilia,Ragusa - Siracusa,87/88,non_pubblicato,,,ordinaria,
Sicilia,Ragusa - Siracusa,88/89,non_pubblicato,,,ordinaria,
Sicilia,Ragusa - Siracusa,89/90,pubblicato,90,Copertina 90 azzurra,ordinaria,#00B0F0
Sicilia,Ragusa - Siracusa,90/91,pubblicato,91,Copertina 1991 blu,ordinaria,#002060
Sicilia,Ragusa - Siracusa,91/92,pubblicato,92,Copertina 92 blu,ordinaria,#002671
Sicilia,Ragusa - Siracusa,92/93,pubblicato,93,Copertina 93 beige,ordinaria,#DDD9C3
Sicilia,Ragusa - Siracusa,93/94,pubblicato,94,Copertina 94 beige,ordinaria,#C4BC96
Sicilia,Ragusa - Siracusa,94/95,pubblicato,95,Copertina 95 beige,ordinaria,#C4BC96
Sicilia,Ragusa - Siracusa,95/96,pubblicato,96,Copertina 96 beige,ordinaria,#C4BC96
Sicilia,Ragusa - Siracusa,96/97,pubblicato,97,Copertina 97 beige,ordinaria,#C4BC96
Sicilia,Ragusa - Siracusa,97/98,pubblicato,98,Copertina grigia,ordinaria,#999999
Sicilia,Ragusa - Siracusa,98/99,non_pubblicato,,,ordinaria,
Sicilia,Ragusa - Siracusa,99/00,non_pubblicato,,,ordinaria,
Sicilia,Ragusa - Siracusa,00/01,non_pubblicato,,,ordinaria,
Sicilia,Ragusa - Siracusa,01/02,non_pubblicato,,,ordinaria,
Sicilia,Ragusa - Siracusa,02/03,non_pubblicato,,,ordinaria,
Sicilia,Ragusa - Siracusa,03/04,non_pubblicato,,,ordinaria,
Sicilia,Ragusa - Siracusa,04/05,non_pubblicato,,,ordinaria,
Sicilia,Ragusa - Siracusa,05/06,non_pubblicato,,,ordinaria,
Sicilia,Ragusa - Siracusa,06/07,non_pubblicato,,,ordinaria,
Sicilia,Ragusa - Siracusa,07/08,non_pubblicato,,,ordinaria,
Sicilia,Ragusa - Siracusa,08/09,non_pubblicato,,,ordinaria,
Sicilia,Ragusa - Siracusa,09/10,non_pubblicato,,,ordinaria,
Sicilia,Ragusa - Siracusa,10/11,non_pubblicato,,,ordinaria,
Sicilia,Ragusa - Siracusa,11/12,non_pubblicato,,,ordinaria,
Sicilia,Ragusa - Siracusa,12/13,non_pubblicato,,,ordinaria,
Sicilia,Ragusa - Siracusa,13/14,non_pubblicato,,,ordinaria,
Sicilia,Ragusa - Siracusa,14/15,non_pubblicato,,,ordinaria,
Sicilia,Trapani,81/82,non_pubblicato,,,ordinaria,
Sicilia,Trapani,82/83,non_pubblicato,,,ordinaria,
Sicilia,Trapani,83/84,non_pubblicato,,,ordinaria,
Sicilia,Trapani,84/85,pubblicato,85,Copertina 85 verde,ordinaria,#92D050
Sicilia,Trapani,85/86,pubblicato,86,Copertina 86 rossa,ordinaria,#FF0000
Sicilia,Trapani,86/87,pubblicato,87,Copertina 87 azzurra,ordinaria,#00B0F0
Sicilia,Trapani,87/88,pubblicato,88,Copertina 88 verde,ordinaria,#92D050
Sicilia,Trapani,88/89,pubblicato,89,Copertina 89 rossa,ordinaria,#FF0000
Sicilia,Trapani,89/90,pubblicato,90,Copertina 90 azzurra,ordinaria,#00B0F0
Sicilia,Trapani,90/91,pubblicato,91,Copertina 1991 blu,ordinaria,#002060
Sicilia,Trapani,91/92,pubblicato,92,Copertina 92 blu,ordinaria,#002671
Sicilia,Trapani,92/93,pubblicato,93,Copertina 93 beige,ordinaria,#DDD9C3
Sicilia,Trapani,93/94,pubblicato,94,Copertina 94 beige,ordinaria,#C4BC96
Sicilia,Trapani,94/95,pubblicato,95,Copertina 95 beige,ordinaria,#C4BC96
Sicilia,Trapani,95/96,pubblicato,96,Copertina 96 beige,ordinaria,#C4BC96
Sicilia,Trapani,96/97,pubblicato,97,Copertina 97 beige,ordinaria,#C4BC96
Sicilia,Trapani,97/98,pubblicato,98,Copertina grigia,ordinaria,#999999
Sicilia,Trapani,98/99,non_pubblicato,,,ordinaria,
Sicilia,Trapani,99/00,non_pubblicato,,,ordinaria,
Sicilia,Trapani,00/01,non_pubblicato,,,ordinaria,
Sicilia,Trapani,01/02,non_pubblicato,,,ordinaria,
Sicilia,Trapani,02/03,non_pubblicato,,,ordinaria,
Sicilia,Trapani,03/04,non_pubblicato,,,ordinaria,
Sicilia,Trapani,04/05,non_pubblicato,,,ordinaria,
Sicilia,Trapani,05/06,non_pubblicato,,,ordinaria,
Sicilia,Trapani,06/07,non_pubblicato,,,ordinaria,
Sicilia,Trapani,07/08,non_pubblicato,,,ordinaria,
Sicilia,Trapani,08/09,non_pubblicato,,,ordinaria,
Sicilia,Trapani,09/10,non_pubblicato,,,ordinaria,
Sicilia,Trapani,10/11,non_pubblicato,,,ordinaria,
Sicilia,Trapani,11/12,non_pubblicato,,,ordinaria,
Sicilia,Trapani,12/13,non_pubblicato,,,ordinaria,
Sicilia,Trapani,13/14,non_pubblicato,,,ordinaria,
Sicilia,Trapani,14/15,non_pubblicato,,,ordinaria,
Toscana,Arezzo - Siena,81/82,pubblicato,81,Copertina 81 verde,ordinaria,#92D050
Toscana,Arezzo - Siena,82/83,pubblicato,82,Copertina 82 rossa,ordinaria,#FF0000
Toscana,Arezzo - Siena,83/84,pubblicato,83,Copertina 83 azzurra,ordinaria,#00B0F0
Toscana,Arezzo - Siena,84/85,pubblicato,84,Copertina 84 verde,ordinaria,#92D050
Toscana,Arezzo - Siena,85/86,pubblicato,85,Copertina 85 rossa,ordinaria,#FF0000
Toscana,Arezzo - Siena,86/87,pubblicato,86,Copertina 86 azzurra,ordinaria,#00B0F0
Toscana,Arezzo - Siena,87/88,pubblicato,87,Copertina 87 verde,ordinaria,#92D050
Toscana,Arezzo - Siena,88/89,pubblicato,88,Copertina 88 rossa,ordinaria,#FF0000
Toscana,Arezzo - Siena,89/90,pubblicato,89,Copertina 89 azzurra,ordinaria,#00B0F0
Toscana,Arezzo - Siena,90/91,pubblicato,90/91,Copertina 90/91 blu,ordinaria,#002060
Toscana,Arezzo - Siena,91/92,pubblicato,91,Copertina 91 blu,ordinaria,#002671
Toscana,Arezzo - Siena,92/93,pubblicato,92,Copertina 92 beige,ordinaria,#DDD9C3
Toscana,Arezzo - Siena,93/94,pubblicato,93,Copertina 93 beige,ordinaria,#DDD9C3
Toscana,Arezzo - Siena,94/95,pubblicato,94,Copertina 94 beige,ordinaria,#C4BC96
Toscana,Arezzo - Siena,95/96,pubblicato,95,Copertina 95 beige,ordinaria,#C4BC96
Toscana,Arezzo - Siena,96/97,pubblicato,96,Copertina 96 beige,ordinaria,#C4BC96
Toscana,Arezzo - Siena,97/98,pubblicato,97,Copertina 97 beige,ordinaria,#C4BC96
Toscana,Arezzo - Siena,98/99,non_pubblicato,,,ordinaria,
Toscana,Arezzo - Siena,99/00,non_pubblicato,,,ordinaria,
Toscana,Arezzo - Siena,00/01,non_pubblicato,,,ordinaria,
Toscana,Arezzo - Siena,01/02,non_pubblicato,,,ordinaria,
Toscana,Arezzo - Siena,02/03,non_pubblicato,,,ordinaria,
Toscana,Arezzo - Siena,03/04,non_pubblicato,,,ordinaria,
Toscana,Arezzo - Siena,04/05,non_pubblicato,,,ordinaria,
Toscana,Arezzo - Siena,05/06,non_pubblicato,,,ordinaria,
Toscana,Arezzo - Siena,06/07,non_pubblicato,,,ordinaria,
Toscana,Arezzo - Siena,07/08,non_pubblicato,,,ordinaria,
Toscana,Arezzo - Siena,08/09,non_pubblicato,,,ordinaria,
Toscana,Arezzo - Siena,09/10,non_pubblicato,,,ordinaria,
Toscana,Arezzo - Siena,10/11,non_pubblicato,,,ordinaria,
Toscana,Arezzo - Siena,11/12,non_pubblicato,,,ordinaria,
Toscana,Arezzo - Siena,12/13,non_pubblicato,,,ordinaria,
Toscana,Arezzo - Siena,13/14,non_pubblicato,,,ordinaria,
Toscana,Arezzo - Siena,14/15,non_pubblicato,,,ordinaria,
Toscana,Firenze,81/82,pubblicato,81,Copertina 81 verde,ordinaria,#92D050
Toscana,Firenze,82/83,pubblicato,82,Copertina 82 rossa,ordinaria,#FF0000
Toscana,Firenze,83/84,pubblicato,83,Copertina 83 azzurra,ordinaria,#00B0F0
Toscana,Firenze,84/85,non_pubblicato,,,ordinaria,
Toscana,Firenze,85/86,non_pubblicato,,,ordinaria,
Toscana,Firenze,86/87,non_pubblicato,,,ordinaria,
Toscana,Firenze,87/88,non_pubblicato,,,ordinaria,
Toscana,Firenze,88/89,non_pubblicato,,,ordinaria,
Toscana,Firenze,89/90,non_pubblicato,,,ordinaria,
Toscana,Firenze,90/91,non_pubblicato,,,ordinaria,
Toscana,Firenze,91/92,non_pubblicato,,,ordinaria,
Toscana,Firenze,92/93,non_pubblicato,,,ordinaria,
Toscana,Firenze,93/94,non_pubblicato,,,ordinaria,
Toscana,Firenze,94/95,non_pubblicato,,,ordinaria,
Toscana,Firenze,95/96,non_pubblicato,,,ordinaria,
Toscana,Firenze,96/97,non_pubblicato,,,ordinaria,
Toscana,Firenze,97/98,non_pubblicato,,,ordinaria,
Toscana,Firenze,98/99,non_pubblicato,,,ordinaria,
Toscana,Firenze,99/00,non_pubblicato,,,ordinaria,
Toscana,Firenze,00/01,non_pubblicato,,,ordinaria,
Toscana,Firenze,01/02,non_pubblicato,,,ordinaria,
Toscana,Firenze,02/03,non_pubblicato,,,ordinaria,
Toscana,Firenze,03/04,non_pubblicato,,,ordinaria,
Toscana,Firenze,04/05,non_pubblicato,,,ordinaria,
Toscana,Firenze,05/06,non_pubblicato,,,ordinaria,
Toscana,Firenze,06/07,non_pubblicato,,,ordinaria,
Toscana,Firenze,07/08,non_pubblicato,,,ordinaria,
Toscana,Firenze,08/09,non_pubblicato,,,ordinaria,
Toscana,Firenze,09/10,non_pubblicato,,,ordinaria,
Toscana,Firenze,10/11,non_pubblicato,,,ordinaria,
Toscana,Firenze,11/12,non_pubblicato,,,ordinaria,
Toscana,Firenze,12/13,non_pubblicato,,,ordinaria,
Toscana,Firenze,13/14,non_pubblicato,,,ordinaria,
Toscana,Firenze,14/15,non_pubblicato,,,ordinaria,
Toscana,Firenze e dintorni,81/82,non_pubblicato,,,ordinaria,
Toscana,Firenze e dintorni,82/83,non_pubblicato,,,ordinaria,
Toscana,Firenze e dintorni,83/84,non_pubblicato,,,ordinaria,
Toscana,Firenze e dintorni,84/85,pubblicato,84,Copertina 84 verde,ordinaria,#92D050
Toscana,Firenze e dintorni,85/86,pubblicato,85,Copertina 85 rossa,ordinaria,#FF0000
Toscana,Firenze e dintorni,86/87,pubblicato,86,Copertina 86 edifici,ordinaria,#CCCCCC
Toscana,Firenze e dintorni,87/88,pubblicato,87,Copertina 87 edifici,ordinaria,#B8D8F4
Toscana,Firenze e dintorni,88/89,pubblicato,88,Copertina 88 edifici,ordinaria,#FFD472
Toscana,Firenze e dintorni,89/90,pubblicato,89,Copertina 89 edifici,ordinaria,#D6E3BC
Toscana,Firenze e dintorni,90/91,pubblicato,90/91,Copertina 90/91 blu,ordinaria,#002060
Toscana,Firenze e dintorni,91/92,pubblicato,91,Copertina 91 blu,ordinaria,#002671
Toscana,Firenze e dintorni,92/93,pubblicato,92,Copertina 92 beige,ordinaria,#DDD9C3
Toscana,Firenze e dintorni,93/94,pubblicato,93,Copertina 93 beige,ordinaria,#DDD9C3
Toscana,Firenze e dintorni,94/95,pubblicato,94,Copertina 94 beige,ordinaria,#C4BC96
Toscana,Firenze e dintorni,95/96,pubblicato,95,Copertina 95 beige,ordinaria,#C4BC96
Toscana,Firenze e dintorni,96/97,pubblicato,96,Copertina 96 beige,ordinaria,#C4BC96
Toscana,Firenze e dintorni,97/98,pubblicato,97,Copertina 97 beige,ordinaria,#C4BC96
Toscana,Firenze e dintorni,98/99,pubblicato,98,Copertina grigia,ordinaria,#999999
Toscana,Firenze e dintorni,99/00,pubblicato,99/00,Copertina 1999/2000 gialla,ordinaria,#FFD966
Toscana,Firenze e dintorni,00/01,pubblicato,00/01,Copertina 2000/2001 gialla,ordinaria,#FFD966
Toscana,Firenze e dintorni,01/02,pubblicato,01/02,Copertina 2001/2002 gialla,ordinaria,#FFD966
Toscana,Firenze e dintorni,02/03,pubblicato,02,Copertina 2002 gialla,ordinaria,#FFD966
Toscana,Firenze e dintorni,03/04,pubblicato,03,Copertina 2003 gialla,ordinaria,#FFD966
Toscana,Firenze e dintorni,04/05,pubblicato,04,Copertina 2004 gialla,ordinaria,#FFD966
Toscana,Firenze e dintorni,05/06,pubblicato,05,Copertina 2005 arancione,ordinaria,#E69138
Toscana,Firenze e dintorni,06/07,pubblicato,06,Copertina 2006 arancione/bianca,ordinaria,#F6B26B
Toscana,Firenze e dintorni,07/08,pubblicato,07,Copertina 2007 arancione/bianca,ordinaria,#F6B26B
Toscana,Firenze e dintorni,08/09,pubblicato,08/09,Copertina 2008/2009 arancione/bianca,ordinaria,#F6B26B
Toscana,Firenze e dintorni,09/10,pubblicato,09/10,Copertina 2009/2010 arancione/bianca,ordinaria,#F6B26B
Toscana,Firenze e dintorni,10/11,pubblicato,10/11,Copertina 2010/2011 arancione/bianca formato ridotto,ordinaria,#F9CB9C
Toscana,Firenze e dintorni,11/12,pubblicato,11/12,Copertina 2011/2012 arancione/bianca formato ridotto,ordinaria,#F9CB9C
Toscana,Firenze e dintorni,12/13,pubblicato,12/13,Copertina 2012/2013 arancione/bianca formato ridotto,ordinaria,#F9CB9C
Toscana,Firenze e dintorni,13/14,pubblicato,13/14,Copertina 2013/2014 arancione/bianca formato ridotto,ordinaria,#F9CB9C
Toscana,Firenze e dintorni,14/15,pubblicato,14/15,Copertina 2014/2015 arancione/bianca formato ridotto,ordinaria,#F9CB9C
Toscana,Provincia di Firenze (Prato - Provincia di Firenze dal 1995),81/82,non_pubblicato,,,ordinaria,
Toscana,Provincia di Firenze (Prato - Provincia di Firenze dal 1995),82/83,non_pubblicato,,,ordinaria,
Toscana,Provincia di Firenze (Prato - Provincia di Firenze dal 1995),83/84,non_pubblicato,,,ordinaria,
Toscana,Provincia di Firenze (Prato - Provincia di Firenze dal 1995),84/85,pubblicato,84,Copertina 84 verde,ordinaria,#92D050
Toscana,Provincia di Firenze (Prato - Provincia di Firenze dal 1995),85/86,pubblicato,85,Copertina 85 rossa,ordinaria,#FF0000
Toscana,Provincia di Firenze (Prato - Provincia di Firenze dal 1995),86/87,pubblicato,86,Copertina 86 azzurra,ordinaria,#00B0F0
Toscana,Provincia di Firenze (Prato - Provincia di Firenze dal 1995),87/88,pubblicato,87,Copertina 87 verde,ordinaria,#92D050
Toscana,Provincia di Firenze (Prato - Provincia di Firenze dal 1995),88/89,pubblicato,88,Copertina 88 rossa,ordinaria,#FF0000
Toscana,Provincia di Firenze (Prato - Provincia di Firenze dal 1995),89/90,pubblicato,89,Copertina 89 azzurra,ordinaria,#00B0F0
Toscana,Provincia di Firenze (Prato - Provincia di Firenze dal 1995),90/91,pubblicato,90/91,Copertina 90/91 blu,ordinaria,#002060
Toscana,Provincia di Firenze (Prato - Provincia di Firenze dal 1995),91/92,pubblicato,91,Copertina 91 blu,ordinaria,#002671
Toscana,Provincia di Firenze (Prato - Provincia di Firenze dal 1995),92/93,pubblicato,92,Copertina 92 beige,ordinaria,#DDD9C3
Toscana,Provincia di Firenze (Prato - Provincia di Firenze dal 1995),93/94,pubblicato,93,Copertina 93 beige,ordinaria,#DDD9C3
Toscana,Provincia di Firenze (Prato - Provincia di Firenze dal 1995),94/95,pubblicato,94,Copertina 94 beige,ordinaria,#C4BC96
Toscana,Provincia di Firenze (Prato - Provincia di Firenze dal 1995),95/96,pubblicato,95,Copertina 95 beige,ordinaria,#C4BC96
Toscana,Provincia di Firenze (Prato - Provincia di Firenze dal 1995),96/97,pubblicato,96,Copertina 96 beige,ordinaria,#C4BC96
Toscana,Provincia di Firenze (Prato - Provincia di Firenze dal 1995),97/98,pubblicato,97,Copertina 97 beige,ordinaria,#C4BC96
Toscana,Provincia di Firenze (Prato - Provincia di Firenze dal 1995),98/99,pubblicato,98,Copertina grigia,ordinaria,#999999
Toscana,Provincia di Firenze (Prato - Provincia di Firenze dal 1995),99/00,probabile_non_confermato,,,ordinaria,
Toscana,Provincia di Firenze (Prato - Provincia di Firenze dal 1995),00/01,non_pubblicato,,,ordinaria,
Toscana,Provincia di Firenze (Prato - Provincia di Firenze dal 1995),01/02,non_pubblicato,,,ordinaria,
Toscana,Provincia di Firenze (Prato - Provincia di Firenze dal 1995),02/03,non_pubblicato,,,ordinaria,
Toscana,Provincia di Firenze (Prato - Provincia di Firenze dal 1995),03/04,non_pubblicato,,,ordinaria,
Toscana,Provincia di Firenze (Prato - Provincia di Firenze dal 1995),04/05,non_pubblicato,,,ordinaria,
Toscana,Provincia di Firenze (Prato - Provincia di Firenze dal 1995),05/06,non_pubblicato,,,ordinaria,
Toscana,Provincia di Firenze (Prato - Provincia di Firenze dal 1995),06/07,non_pubblicato,,,ordinaria,
Toscana,Provincia di Firenze (Prato - Provincia di Firenze dal 1995),07/08,non_pubblicato,,,ordinaria,
Toscana,Provincia di Firenze (Prato - Provincia di Firenze dal 1995),08/09,non_pubblicato,,,ordinaria,
Toscana,Provincia di Firenze (Prato - Provincia di Firenze dal 1995),09/10,non_pubblicato,,,ordinaria,
Toscana,Provincia di Firenze (Prato - Provincia di Firenze dal 1995),10/11,non_pubblicato,,,ordinaria,
Toscana,Provincia di Firenze (Prato - Provincia di Firenze dal 1995),11/12,non_pubblicato,,,ordinaria,
Toscana,Provincia di Firenze (Prato - Provincia di Firenze dal 1995),12/13,non_pubblicato,,,ordinaria,
Toscana,Provincia di Firenze (Prato - Provincia di Firenze dal 1995),13/14,non_pubblicato,,,ordinaria,
Toscana,Provincia di Firenze (Prato - Provincia di Firenze dal 1995),14/15,non_pubblicato,,,ordinaria,
Toscana,Grosseto,81/82,pubblicato,81,Copertina 81 verde,ordinaria,#92D050
Toscana,Grosseto,82/83,pubblicato,82,Copertina 82 rossa,ordinaria,#FF0000
Toscana,Grosseto,83/84,pubblicato,83,Copertina 83 azzurra,ordinaria,#00B0F0
Toscana,Grosseto,84/85,pubblicato,84,Copertina 84 verde,ordinaria,#92D050
Toscana,Grosseto,85/86,pubblicato,85,Copertina 85 rossa,ordinaria,#FF0000
Toscana,Grosseto,86/87,pubblicato,86,Copertina 86 azzurra,ordinaria,#00B0F0
Toscana,Grosseto,87/88,pubblicato,87,Copertina 87 verde,ordinaria,#92D050
Toscana,Grosseto,88/89,pubblicato,88,Copertina 88 rossa,ordinaria,#FF0000
Toscana,Grosseto,89/90,pubblicato,89,Copertina 89 azzurra,ordinaria,#00B0F0
Toscana,Grosseto,90/91,pubblicato,90/91,Copertina 90/91 blu,ordinaria,#002060
Toscana,Grosseto,91/92,pubblicato,91,Copertina 91 blu,ordinaria,#002671
Toscana,Grosseto,92/93,pubblicato,92,Copertina 92 beige,ordinaria,#DDD9C3
Toscana,Grosseto,93/94,pubblicato,93,Copertina 93 beige,ordinaria,#DDD9C3
Toscana,Grosseto,94/95,pubblicato,94,Copertina 94 beige,ordinaria,#C4BC96
Toscana,Grosseto,95/96,pubblicato,95,Copertina 95 beige,ordinaria,#C4BC96
Toscana,Grosseto,96/97,pubblicato,96,Copertina 96 beige,ordinaria,#C4BC96
Toscana,Grosseto,97/98,pubblicato,97,Copertina 97 beige,ordinaria,#C4BC96
Toscana,Grosseto,98/99,non_pubblicato,,,ordinaria,
Toscana,Grosseto,99/00,non_pubblicato,,,ordinaria,
Toscana,Grosseto,00/01,non_pubblicato,,,ordinaria,
Toscana,Grosseto,01/02,non_pubblicato,,,ordinaria,
Toscana,Grosseto,02/03,non_pubblicato,,,ordinaria,
Toscana,Grosseto,03/04,non_pubblicato,,,ordinaria,
Toscana,Grosseto,04/05,non_pubblicato,,,ordinaria,
Toscana,Grosseto,05/06,non_pubblicato,,,ordinaria,
Toscana,Grosseto,06/07,non_pubblicato,,,ordinaria,
Toscana,Grosseto,07/08,non_pubblicato,,,ordinaria,
Toscana,Grosseto,08/09,non_pubblicato,,,ordinaria,
Toscana,Grosseto,09/10,non_pubblicato,,,ordinaria,
Toscana,Grosseto,10/11,non_pubblicato,,,ordinaria,
Toscana,Grosseto,11/12,non_pubblicato,,,ordinaria,
Toscana,Grosseto,12/13,non_pubblicato,,,ordinaria,
Toscana,Grosseto,13/14,non_pubblicato,,,ordinaria,
Toscana,Grosseto,14/15,non_pubblicato,,,ordinaria,
Toscana,Livorno - Pisa,81/82,pubblicato,81,Copertina 81 verde,ordinaria,#92D050
Toscana,Livorno - Pisa,82/83,pubblicato,82,Copertina 82 rossa,ordinaria,#FF0000
Toscana,Livorno - Pisa,83/84,pubblicato,83,Copertina 83 azzurra,ordinaria,#00B0F0
Toscana,Livorno - Pisa,84/85,pubblicato,84,Copertina 84 verde,ordinaria,#92D050
Toscana,Livorno - Pisa,85/86,pubblicato,85,Copertina 85 rossa,ordinaria,#FF0000
Toscana,Livorno - Pisa,86/87,pubblicato,86,Copertina 86 azzurra,ordinaria,#00B0F0
Toscana,Livorno - Pisa,87/88,pubblicato,87,Copertina 87 verde,ordinaria,#92D050
Toscana,Livorno - Pisa,88/89,non_pubblicato,,,ordinaria,
Toscana,Livorno - Pisa,89/90,non_pubblicato,,,ordinaria,
Toscana,Livorno - Pisa,90/91,non_pubblicato,,,ordinaria,
Toscana,Livorno - Pisa,91/92,non_pubblicato,,,ordinaria,
Toscana,Livorno - Pisa,92/93,non_pubblicato,,,ordinaria,
Toscana,Livorno - Pisa,93/94,non_pubblicato,,,ordinaria,
Toscana,Livorno - Pisa,94/95,non_pubblicato,,,ordinaria,
Toscana,Livorno - Pisa,95/96,non_pubblicato,,,ordinaria,
Toscana,Livorno - Pisa,96/97,non_pubblicato,,,ordinaria,
Toscana,Livorno - Pisa,97/98,non_pubblicato,,,ordinaria,
Toscana,Livorno - Pisa,98/99,non_pubblicato,,,ordinaria,
Toscana,Livorno - Pisa,99/00,non_pubblicato,,,ordinaria,
Toscana,Livorno - Pisa,00/01,non_pubblicato,,,ordinaria,
Toscana,Livorno - Pisa,01/02,non_pubblicato,,,ordinaria,
Toscana,Livorno - Pisa,02/03,non_pubblicato,,,ordinaria,
Toscana,Livorno - Pisa,03/04,non_pubblicato,,,ordinaria,
Toscana,Livorno - Pisa,04/05,non_pubblicato,,,ordinaria,
Toscana,Livorno - Pisa,05/06,non_pubblicato,,,ordinaria,
Toscana,Livorno - Pisa,06/07,non_pubblicato,,,ordinaria,
Toscana,Livorno - Pisa,07/08,non_pubblicato,,,ordinaria,
Toscana,Livorno - Pisa,08/09,non_pubblicato,,,ordinaria,
Toscana,Livorno - Pisa,09/10,non_pubblicato,,,ordinaria,
Toscana,Livorno - Pisa,10/11,non_pubblicato,,,ordinaria,
Toscana,Livorno - Pisa,11/12,non_pubblicato,,,ordinaria,
Toscana,Livorno - Pisa,12/13,non_pubblicato,,,ordinaria,
Toscana,Livorno - Pisa,13/14,non_pubblicato,,,ordinaria,
Toscana,Livorno - Pisa,14/15,non_pubblicato,,,ordinaria,
Toscana,Livorno,81/82,non_pubblicato,,,ordinaria,
Toscana,Livorno,82/83,non_pubblicato,,,ordinaria,
Toscana,Livorno,83/84,non_pubblicato,,,ordinaria,
Toscana,Livorno,84/85,non_pubblicato,,,ordinaria,
Toscana,Livorno,85/86,non_pubblicato,,,ordinaria,
Toscana,Livorno,86/87,non_pubblicato,,,ordinaria,
Toscana,Livorno,87/88,non_pubblicato,,,ordinaria,
Toscana,Livorno,88/89,pubblicato,88,Copertina 88 rossa,ordinaria,#FF0000
Toscana,Livorno,89/90,pubblicato,89,Copertina 89 azzurra,ordinaria,#00B0F0
Toscana,Livorno,90/91,pubblicato,90/91,Copertina 90/91 blu,ordinaria,#002060
Toscana,Livorno,91/92,pubblicato,91,Copertina 91 blu,ordinaria,#002671
Toscana,Livorno,92/93,pubblicato,92,Copertina 92 beige,ordinaria,#DDD9C3
Toscana,Livorno,93/94,pubblicato,93,Copertina 93 beige,ordinaria,#DDD9C3
Toscana,Livorno,94/95,pubblicato,94,Copertina 94 beige,ordinaria,#C4BC96
Toscana,Livorno,95/96,pubblicato,95,Copertina 95 beige,ordinaria,#C4BC96
Toscana,Livorno,96/97,pubblicato,96,Copertina 96 beige,ordinaria,#C4BC96
Toscana,Livorno,97/98,pubblicato,97,Copertina 97 beige,ordinaria,#C4BC96
Toscana,Livorno,98/99,non_pubblicato,,,ordinaria,
Toscana,Livorno,99/00,non_pubblicato,,,ordinaria,
Toscana,Livorno,00/01,non_pubblicato,,,ordinaria,
Toscana,Livorno,01/02,non_pubblicato,,,ordinaria,
Toscana,Livorno,02/03,non_pubblicato,,,ordinaria,
Toscana,Livorno,03/04,non_pubblicato,,,ordinaria,
Toscana,Livorno,04/05,non_pubblicato,,,ordinaria,
Toscana,Livorno,05/06,non_pubblicato,,,ordinaria,
Toscana,Livorno,06/07,non_pubblicato,,,ordinaria,
Toscana,Livorno,07/08,non_pubblicato,,,ordinaria,
Toscana,Livorno,08/09,non_pubblicato,,,ordinaria,
Toscana,Livorno,09/10,non_pubblicato,,,ordinaria,
Toscana,Livorno,10/11,non_pubblicato,,,ordinaria,
Toscana,Livorno,11/12,non_pubblicato,,,ordinaria,
Toscana,Livorno,12/13,non_pubblicato,,,ordinaria,
Toscana,Livorno,13/14,non_pubblicato,,,ordinaria,
Toscana,Livorno,14/15,non_pubblicato,,,ordinaria,
Toscana,Lucca - Massa - Carrara - Pistoia,81/82,pubblicato,81,Copertina 81 verde,ordinaria,#92D050
Toscana,Lucca - Massa - Carrara - Pistoia,82/83,pubblicato,82,Copertina 82 rossa,ordinaria,#FF0000
Toscana,Lucca - Massa - Carrara - Pistoia,83/84,pubblicato,83,Copertina 83 azzurra,ordinaria,#00B0F0
Toscana,Lucca - Massa - Carrara - Pistoia,84/85,non_pubblicato,,,ordinaria,
Toscana,Lucca - Massa - Carrara - Pistoia,85/86,non_pubblicato,,,ordinaria,
Toscana,Lucca - Massa - Carrara - Pistoia,86/87,non_pubblicato,,,ordinaria,
Toscana,Lucca - Massa - Carrara - Pistoia,87/88,non_pubblicato,,,ordinaria,
Toscana,Lucca - Massa - Carrara - Pistoia,88/89,non_pubblicato,,,ordinaria,
Toscana,Lucca - Massa - Carrara - Pistoia,89/90,non_pubblicato,,,ordinaria,
Toscana,Lucca - Massa - Carrara - Pistoia,90/91,non_pubblicato,,,ordinaria,
Toscana,Lucca - Massa - Carrara - Pistoia,91/92,non_pubblicato,,,ordinaria,
Toscana,Lucca - Massa - Carrara - Pistoia,92/93,non_pubblicato,,,ordinaria,
Toscana,Lucca - Massa - Carrara - Pistoia,93/94,non_pubblicato,,,ordinaria,
Toscana,Lucca - Massa - Carrara - Pistoia,94/95,non_pubblicato,,,ordinaria,
Toscana,Lucca - Massa - Carrara - Pistoia,95/96,non_pubblicato,,,ordinaria,
Toscana,Lucca - Massa - Carrara - Pistoia,96/97,non_pubblicato,,,ordinaria,
Toscana,Lucca - Massa - Carrara - Pistoia,97/98,non_pubblicato,,,ordinaria,
Toscana,Lucca - Massa - Carrara - Pistoia,98/99,non_pubblicato,,,ordinaria,
Toscana,Lucca - Massa - Carrara - Pistoia,99/00,non_pubblicato,,,ordinaria,
Toscana,Lucca - Massa - Carrara - Pistoia,00/01,non_pubblicato,,,ordinaria,
Toscana,Lucca - Massa - Carrara - Pistoia,01/02,non_pubblicato,,,ordinaria,
Toscana,Lucca - Massa - Carrara - Pistoia,02/03,non_pubblicato,,,ordinaria,
Toscana,Lucca - Massa - Carrara - Pistoia,03/04,non_pubblicato,,,ordinaria,
Toscana,Lucca - Massa - Carrara - Pistoia,04/05,non_pubblicato,,,ordinaria,
Toscana,Lucca - Massa - Carrara - Pistoia,05/06,non_pubblicato,,,ordinaria,
Toscana,Lucca - Massa - Carrara - Pistoia,06/07,non_pubblicato,,,ordinaria,
Toscana,Lucca - Massa - Carrara - Pistoia,07/08,non_pubblicato,,,ordinaria,
Toscana,Lucca - Massa - Carrara - Pistoia,08/09,non_pubblicato,,,ordinaria,
Toscana,Lucca - Massa - Carrara - Pistoia,09/10,non_pubblicato,,,ordinaria,
Toscana,Lucca - Massa - Carrara - Pistoia,10/11,non_pubblicato,,,ordinaria,
Toscana,Lucca - Massa - Carrara - Pistoia,11/12,non_pubblicato,,,ordinaria,
Toscana,Lucca - Massa - Carrara - Pistoia,12/13,non_pubblicato,,,ordinaria,
Toscana,Lucca - Massa - Carrara - Pistoia,13/14,non_pubblicato,,,ordinaria,
Toscana,Lucca - Massa - Carrara - Pistoia,14/15,non_pubblicato,,,ordinaria,
Toscana,Lucca - Massa - Carrara,81/82,non_pubblicato,,,ordinaria,
Toscana,Lucca - Massa - Carrara,82/83,non_pubblicato,,,ordinaria,
Toscana,Lucca - Massa - Carrara,83/84,non_pubblicato,,,ordinaria,
Toscana,Lucca - Massa - Carrara,84/85,pubblicato,84,Copertina 84 verde,ordinaria,#92D050
Toscana,Lucca - Massa - Carrara,85/86,pubblicato,85,Copertina 85 rossa,ordinaria,#FF0000
Toscana,Lucca - Massa - Carrara,86/87,pubblicato,86,Copertina 86 azzurra,ordinaria,#00B0F0
Toscana,Lucca - Massa - Carrara,87/88,pubblicato,87,Copertina 87 verde,ordinaria,#92D050
Toscana,Lucca - Massa - Carrara,88/89,pubblicato,88,Copertina 88 rossa,ordinaria,#FF0000
Toscana,Lucca - Massa - Carrara,89/90,pubblicato,89,Copertina 89 azzurra,ordinaria,#00B0F0
Toscana,Lucca - Massa - Carrara,90/91,pubblicato,90/91,Copertina 90/91 blu,ordinaria,#002060
Toscana,Lucca - Massa - Carrara,91/92,pubblicato,91,Copertina 91 blu,ordinaria,#002671
Toscana,Lucca - Massa - Carrara,92/93,pubblicato,92,Copertina 92 beige,ordinaria,#DDD9C3
Toscana,Lucca - Massa - Carrara,93/94,pubblicato,93,Copertina 93 beige,ordinaria,#DDD9C3
Toscana,Lucca - Massa - Carrara,94/95,pubblicato,94,Copertina 94 beige,ordinaria,#C4BC96
Toscana,Lucca - Massa - Carrara,95/96,pubblicato,95,Copertina 95 beige,ordinaria,#C4BC96
Toscana,Lucca - Massa - Carrara,96/97,pubblicato,96,Copertina 96 beige,ordinaria,#C4BC96
Toscana,Lucca - Massa - Carrara,97/98,pubblicato,97,Copertina 97 beige,ordinaria,#C4BC96
Toscana,Lucca - Massa - Carrara,98/99,pubblicato,98,Copertina grigia,ordinaria,#999999
Toscana,Lucca - Massa - Carrara,99/00,pubblicato,,,ordinaria,#FFD966
Toscana,Lucca - Massa - Carrara,00/01,pubblicato,,,ordinaria,#FFD966
Toscana,Lucca - Massa - Carrara,01/02,pubblicato,,,ordinaria,#FFD966
Toscana,Lucca - Massa - Carrara,02/03,pubblicato,,,ordinaria,#FFD966
Toscana,Lucca - Massa - Carrara,03/04,pubblicato,,,ordinaria,#FFD966
Toscana,Lucca - Massa - Carrara,04/05,pubblicato,04,Copertina 2004 arancione,ordinaria,#E69138
Toscana,Lucca - Massa - Carrara,05/06,pubblicato,05,Copertina 2005 arancione,ordinaria,#E69138
Toscana,Lucca - Massa - Carrara,06/07,pubblicato,06,Copertina 2006 arancione/bianca,ordinaria,#F6B26B
Toscana,Lucca - Massa - Carrara,07/08,pubblicato,07,Copertina 2007 arancione/bianca,ordinaria,#F6B26B
Toscana,Lucca - Massa - Carrara,08/09,pubblicato,08/09,Copertina 2008/2009 arancione/bianca,ordinaria,#F6B26B
Toscana,Lucca - Massa - Carrara,09/10,pubblicato,09/10,Copertina 2009/2010 arancione/bianca,ordinaria,#F6B26B
Toscana,Lucca - Massa - Carrara,10/11,pubblicato,10/11,Copertina 2010/2011 arancione/bianca formato ridotto,ordinaria,#F9CB9C
Toscana,Lucca - Massa - Carrara,11/12,pubblicato,11/12,Copertina 2011/2012 arancione/bianca formato ridotto,ordinaria,#F9CB9C
Toscana,Lucca - Massa - Carrara,12/13,pubblicato,12/13,Copertina 2012/2013 arancione/bianca formato ridotto,ordinaria,#F9CB9C
Toscana,Lucca - Massa - Carrara,13/14,pubblicato,13/14,Copertina 2013/2014 arancione/bianca formato ridotto,ordinaria,#F9CB9C
Toscana,Lucca - Massa - Carrara,14/15,pubblicato,14/15,Copertina 2014/2015 arancione/bianca formato ridotto,ordinaria,#F9CB9C
Toscana,Pisa,81/82,non_pubblicato,,,ordinaria,
Toscana,Pisa,82/83,non_pubblicato,,,ordinaria,
Toscana,Pisa,83/84,non_pubblicato,,,ordinaria,
Toscana,Pisa,84/85,non_pubblicato,,,ordinaria,
Toscana,Pisa,85/86,non_pubblicato,,,ordinaria,
Toscana,Pisa,86/87,non_pubblicato,,,ordinaria,
Toscana,Pisa,87/88,non_pubblicato,,,ordinaria,
Toscana,Pisa,88/89,pubblicato,88,Copertina 88 rossa,ordinaria,#FF0000
Toscana,Pisa,89/90,pubblicato,89,Copertina 89 azzurra,ordinaria,#00B0F0
Toscana,Pisa,90/91,pubblicato,90/91,Copertina 90/91 blu,ordinaria,#002060
Toscana,Pisa,91/92,pubblicato,91,Copertina 91 blu,ordinaria,#002671
Toscana,Pisa,92/93,pubblicato,92,Copertina 92 beige,ordinaria,#DDD9C3
Toscana,Pisa,93/94,pubblicato,93,Copertina 93 beige,ordinaria,#DDD9C3
Toscana,Pisa,94/95,pubblicato,94,Copertina 94 beige,ordinaria,#C4BC96
Toscana,Pisa,95/96,pubblicato,95,Copertina 95 beige,ordinaria,#C4BC96
Toscana,Pisa,96/97,pubblicato,96,Copertina 96 beige,ordinaria,#C4BC96
Toscana,Pisa,97/98,pubblicato,97,Copertina 97 beige,ordinaria,#C4BC96
Toscana,Pisa,98/99,pubblicato,98,Copertina grigia,ordinaria,#999999
Toscana,Pisa,99/00,pubblicato,,,ordinaria,#FFD966
Toscana,Pisa,00/01,pubblicato,,,ordinaria,#FFD966
Toscana,Pisa,01/02,pubblicato,,,ordinaria,#FFD966
Toscana,Pisa,02/03,pubblicato,02/03,Copertina 2002/2003 gialla,ordinaria,#FFD966
Toscana,Pisa,03/04,pubblicato,,,ordinaria,#FFD966
Toscana,Pisa,04/05,pubblicato,04,Copertina 2004 arancione,ordinaria,#E69138
Toscana,Pisa,05/06,pubblicato,05,Copertina 2005 arancione,ordinaria,#E69138
Toscana,Pisa,06/07,pubblicato,06,Copertina 2006 arancione/bianca,ordinaria,#F6B26B
Toscana,Pisa,07/08,pubblicato,07,Copertina 2007 arancione/bianca,ordinaria,#F6B26B
Toscana,Pisa,08/09,pubblicato,08/09,Copertina 2008/2009 arancione/bianca,ordinaria,#F6B26B
Toscana,Pisa,09/10,pubblicato,09/10,Copertina 2009/2010 arancione/bianca,ordinaria,#F6B26B
Toscana,Pisa,10/11,pubblicato,10/11,Copertina 2010/2011 arancione/bianca formato ridotto,ordinaria,#F9CB9C
Toscana,Pisa,11/12,pubblicato,11/12,Copertina 2011/2012 arancione/bianca formato ridotto,ordinaria,#F9CB9C
Toscana,Pisa,12/13,pubblicato,12/13,Copertina 2012/2013 arancione/bianca formato ridotto,ordinaria,#F9CB9C
Toscana,Pisa,13/14,pubblicato,13/14,Copertina 2013/2014 arancione/bianca formato ridotto,ordinaria,#F9CB9C
Toscana,Pisa,14/15,pubblicato,14/15,Copertina 2014/2015 arancione/bianca formato ridotto,ordinaria,#F9CB9C
Toscana,Pistoia,81/82,non_pubblicato,,,ordinaria,
Toscana,Pistoia,82/83,non_pubblicato,,,ordinaria,
Toscana,Pistoia,83/84,non_pubblicato,,,ordinaria,
Toscana,Pistoia,84/85,pubblicato,84,Copertina 84 verde,ordinaria,#92D050
Toscana,Pistoia,85/86,pubblicato,85,Copertina 85 rossa,ordinaria,#FF0000
Toscana,Pistoia,86/87,pubblicato,86,Copertina 86 azzurra,ordinaria,#00B0F0
Toscana,Pistoia,87/88,pubblicato,87,Copertina 87 verde,ordinaria,#92D050
Toscana,Pistoia,88/89,pubblicato,88,Copertina 88 rossa,ordinaria,#FF0000
Toscana,Pistoia,89/90,pubblicato,89,Copertina 89 azzurra,ordinaria,#00B0F0
Toscana,Pistoia,90/91,pubblicato,90/91,Copertina 90/91 blu,ordinaria,#002060
Toscana,Pistoia,91/92,pubblicato,91,Copertina 91 blu,ordinaria,#002671
Toscana,Pistoia,92/93,pubblicato,92,Copertina 92 beige,ordinaria,#DDD9C3
Toscana,Pistoia,93/94,pubblicato,93,Copertina 93 beige,ordinaria,#DDD9C3
Toscana,Pistoia,94/95,pubblicato,94,Copertina 94 beige,ordinaria,#C4BC96
Toscana,Pistoia,95/96,pubblicato,95,Copertina 95 beige,ordinaria,#C4BC96
Toscana,Pistoia,96/97,pubblicato,96,Copertina 96 beige,ordinaria,#C4BC96
Toscana,Pistoia,97/98,pubblicato,97,Copertina 97 beige,ordinaria,#C4BC96
Toscana,Pistoia,98/99,pubblicato,98,Copertina grigia,ordinaria,#999999
Toscana,Pistoia,99/00,pubblicato,99/00,Copertina 1999/2000 gialla,ordinaria,#FFD966
Toscana,Pistoia,00/01,non_pubblicato,,,ordinaria,
Toscana,Pistoia,01/02,non_pubblicato,,,ordinaria,
Toscana,Pistoia,02/03,non_pubblicato,,,ordinaria,
Toscana,Pistoia,03/04,non_pubblicato,,,ordinaria,
Toscana,Pistoia,04/05,non_pubblicato,,,ordinaria,
Toscana,Pistoia,05/06,non_pubblicato,,,ordinaria,
Toscana,Pistoia,06/07,non_pubblicato,,,ordinaria,
Toscana,Pistoia,07/08,non_pubblicato,,,ordinaria,
Toscana,Pistoia,08/09,non_pubblicato,,,ordinaria,
Toscana,Pistoia,09/10,non_pubblicato,,,ordinaria,
Toscana,Pistoia,10/11,non_pubblicato,,,ordinaria,
Toscana,Pistoia,11/12,non_pubblicato,,,ordinaria,
Toscana,Pistoia,12/13,non_pubblicato,,,ordinaria,
Toscana,Pistoia,13/14,non_pubblicato,,,ordinaria,
Toscana,Pistoia,14/15,non_pubblicato,,,ordinaria,
Trentino - Alto Adige,Bolzano - Trento,81/82,pubblicato,81,Copertina 81 verde,ordinaria,#92D050
Trentino - Alto Adige,Bolzano - Trento,82/83,pubblicato,82,Copertina 82 rossa,ordinaria,#FF0000
Trentino - Alto Adige,Bolzano - Trento,83/84,pubblicato,83,Copertina 83 azzurra,ordinaria,#00B0F0
Trentino - Alto Adige,Bolzano - Trento,84/85,non_pubblicato,,,ordinaria,
Trentino - Alto Adige,Bolzano - Trento,85/86,non_pubblicato,,,ordinaria,
Trentino - Alto Adige,Bolzano - Trento,86/87,non_pubblicato,,,ordinaria,
Trentino - Alto Adige,Bolzano - Trento,87/88,non_pubblicato,,,ordinaria,
Trentino - Alto Adige,Bolzano - Trento,88/89,non_pubblicato,,,ordinaria,
Trentino - Alto Adige,Bolzano - Trento,89/90,non_pubblicato,,,ordinaria,
Trentino - Alto Adige,Bolzano - Trento,90/91,non_pubblicato,,,ordinaria,
Trentino - Alto Adige,Bolzano - Trento,91/92,non_pubblicato,,,ordinaria,
Trentino - Alto Adige,Bolzano - Trento,92/93,non_pubblicato,,,ordinaria,
Trentino - Alto Adige,Bolzano - Trento,93/94,non_pubblicato,,,ordinaria,
Trentino - Alto Adige,Bolzano - Trento,94/95,non_pubblicato,,,ordinaria,
Trentino - Alto Adige,Bolzano - Trento,95/96,non_pubblicato,,,ordinaria,
Trentino - Alto Adige,Bolzano - Trento,96/97,non_pubblicato,,,ordinaria,
Trentino - Alto Adige,Bolzano - Trento,97/98,non_pubblicato,,,ordinaria,
Trentino - Alto Adige,Bolzano - Trento,98/99,non_pubblicato,,,ordinaria,
Trentino - Alto Adige,Bolzano - Trento,99/00,non_pubblicato,,,ordinaria,
Trentino - Alto Adige,Bolzano - Trento,00/01,non_pubblicato,,,ordinaria,
Trentino - Alto Adige,Bolzano - Trento,01/02,non_pubblicato,,,ordinaria,
Trentino - Alto Adige,Bolzano - Trento,02/03,non_pubblicato,,,ordinaria,
Trentino - Alto Adige,Bolzano - Trento,03/04,non_pubblicato,,,ordinaria,
Trentino - Alto Adige,Bolzano - Trento,04/05,non_pubblicato,,,ordinaria,
Trentino - Alto Adige,Bolzano - Trento,05/06,non_pubblicato,,,ordinaria,
Trentino - Alto Adige,Bolzano - Trento,06/07,non_pubblicato,,,ordinaria,
Trentino - Alto Adige,Bolzano - Trento,07/08,non_pubblicato,,,ordinaria,
Trentino - Alto Adige,Bolzano - Trento,08/09,non_pubblicato,,,ordinaria,
Trentino - Alto Adige,Bolzano - Trento,09/10,non_pubblicato,,,ordinaria,
Trentino - Alto Adige,Bolzano - Trento,10/11,non_pubblicato,,,ordinaria,
Trentino - Alto Adige,Bolzano - Trento,11/12,non_pubblicato,,,ordinaria,
Trentino - Alto Adige,Bolzano - Trento,12/13,non_pubblicato,,,ordinaria,
Trentino - Alto Adige,Bolzano - Trento,13/14,non_pubblicato,,,ordinaria,
Trentino - Alto Adige,Bolzano - Trento,14/15,non_pubblicato,,,ordinaria,
Trentino - Alto Adige,Bolzano,81/82,non_pubblicato,,,ordinaria,
Trentino - Alto Adige,Bolzano,82/83,non_pubblicato,,,ordinaria,
Trentino - Alto Adige,Bolzano,83/84,non_pubblicato,,,ordinaria,
Trentino - Alto Adige,Bolzano,84/85,pubblicato,84,Copertina 84 verde,ordinaria,#92D050
Trentino - Alto Adige,Bolzano,85/86,pubblicato,85,Copertina 85 rossa,ordinaria,#FF0000
Trentino - Alto Adige,Bolzano,86/87,pubblicato,86,Copertina 86 azzurra,ordinaria,#00B0F0
Trentino - Alto Adige,Bolzano,87/88,pubblicato,87,Copertina 87 verde,ordinaria,#92D050
Trentino - Alto Adige,Bolzano,88/89,pubblicato,88,Copertina 88 rossa,ordinaria,#FF0000
Trentino - Alto Adige,Bolzano,89/90,pubblicato,89,Copertina 89 azzurra,ordinaria,#00B0F0
Trentino - Alto Adige,Bolzano,90/91,pubblicato,90/91,Copertina 90/91 blu,ordinaria,#002060
Trentino - Alto Adige,Bolzano,91/92,pubblicato,91,Copertina 91 blu,ordinaria,#002671
Trentino - Alto Adige,Bolzano,92/93,pubblicato,92,Copertina 92 beige,ordinaria,#DDD9C3
Trentino - Alto Adige,Bolzano,93/94,pubblicato,93,Copertina 93 beige,ordinaria,#C4BC96
Trentino - Alto Adige,Bolzano,94/95,pubblicato,94,Copertina 94 beige,ordinaria,#C4BC96
Trentino - Alto Adige,Bolzano,95/96,pubblicato,95,Copertina 95 beige,ordinaria,#C4BC96
Trentino - Alto Adige,Bolzano,96/97,pubblicato,96,Copertina 96 beige,ordinaria,#C4BC96
Trentino - Alto Adige,Bolzano,97/98,pubblicato,97,Copertina 97 beige,ordinaria,#C4BC96
Trentino - Alto Adige,Bolzano,98/99,pubblicato,98,Copertina grigia,ordinaria,#999999
Trentino - Alto Adige,Bolzano,99/00,pubblicato,,,ordinaria,#FFD966
Trentino - Alto Adige,Bolzano,00/01,pubblicato,,,ordinaria,#FFD966
Trentino - Alto Adige,Bolzano,01/02,pubblicato,,,ordinaria,#FFD966
Trentino - Alto Adige,Bolzano,02/03,pubblicato,,,ordinaria,#FFD966
Trentino - Alto Adige,Bolzano,03/04,pubblicato,,,ordinaria,#FFD966
Trentino - Alto Adige,Bolzano,04/05,pubblicato,04,Copertina 2004 arancione,ordinaria,#E69138
Trentino - Alto Adige,Bolzano,05/06,pubblicato,05,Copertina 2005 arancione,ordinaria,#E69138
Trentino - Alto Adige,Bolzano,06/07,pubblicato,06,Copertina 2006 arancione/bianca,ordinaria,#F6B26B
Trentino - Alto Adige,Bolzano,07/08,pubblicato,07,Copertina 2007 arancione/bianca,ordinaria,#F6B26B
Trentino - Alto Adige,Bolzano,08/09,pubblicato,08/09,Copertina 2008/2009 arancione/bianca,ordinaria,#F6B26B
Trentino - Alto Adige,Bolzano,09/10,pubblicato,09/10,Copertina 2009/2010 arancione/bianca formato ridotto,ordinaria,#F9CB9C
Trentino - Alto Adige,Bolzano,10/11,pubblicato,10/11,Copertina 2010/2011 arancione/bianca formato ridotto,ordinaria,#F9CB9C
Trentino - Alto Adige,Bolzano,11/12,pubblicato,11/12,Copertina 2011/2012 arancione/bianca formato ridotto,ordinaria,#F9CB9C
Trentino - Alto Adige,Bolzano,12/13,pubblicato,12/13,Copertina 2012/2013 arancione/bianca formato ridotto,ordinaria,#F9CB9C
Trentino - Alto Adige,Bolzano,13/14,pubblicato,13/14,Copertina 2013/2014 arancione/bianca formato ridotto,ordinaria,#F9CB9C
Trentino - Alto Adige,Bolzano,14/15,pubblicato,14/15,Copertina 2014/2015 arancione/bianca formato ridotto,ordinaria,#F9CB9C
Trentino - Alto Adige,Trento,81/82,non_pubblicato,,,ordinaria,
Trentino - Alto Adige,Trento,82/83,non_pubblicato,,,ordinaria,
Trentino - Alto Adige,Trento,83/84,non_pubblicato,,,ordinaria,
Trentino - Alto Adige,Trento,84/85,pubblicato,84,Copertina 84 verde,ordinaria,#92D050
Trentino - Alto Adige,Trento,85/86,pubblicato,85,Copertina 85 rossa,ordinaria,#FF0000
Trentino - Alto Adige,Trento,86/87,pubblicato,86,Copertina 86 azzurra,ordinaria,#00B0F0
Trentino - Alto Adige,Trento,87/88,pubblicato,87,Copertina 87 verde,ordinaria,#92D050
Trentino - Alto Adige,Trento,88/89,pubblicato,88,Copertina 88 rossa,ordinaria,#FF0000
Trentino - Alto Adige,Trento,89/90,pubblicato,89,Copertina 89 azzurra,ordinaria,#00B0F0
Trentino - Alto Adige,Trento,90/91,pubblicato,90/91,Copertina 90/91 blu,ordinaria,#002060
Trentino - Alto Adige,Trento,91/92,pubblicato,91,Copertina 91 blu,ordinaria,#002671
Trentino - Alto Adige,Trento,92/93,pubblicato,92,Copertina 92 beige,ordinaria,#DDD9C3
Trentino - Alto Adige,Trento,93/94,pubblicato,93,Copertina 93 beige,ordinaria,#C4BC96
Trentino - Alto Adige,Trento,94/95,pubblicato,94,Copertina 94 beige,ordinaria,#C4BC96
Trentino - Alto Adige,Trento,95/96,pubblicato,95,Copertina 95 beige,ordinaria,#C4BC96
Trentino - Alto Adige,Trento,96/97,pubblicato,96,Copertina 96 beige,ordinaria,#C4BC96
Trentino - Alto Adige,Trento,97/98,pubblicato,97,Copertina 97 beige,ordinaria,#C4BC96
Trentino - Alto Adige,Trento,98/99,probabile_non_confermato,,,ordinaria,
Trentino - Alto Adige,Trento,99/00,probabile_non_confermato,,,ordinaria,
Trentino - Alto Adige,Trento,00/01,non_pubblicato,,,ordinaria,
Trentino - Alto Adige,Trento,01/02,non_pubblicato,,,ordinaria,
Trentino - Alto Adige,Trento,02/03,non_pubblicato,,,ordinaria,
Trentino - Alto Adige,Trento,03/04,non_pubblicato,,,ordinaria,
Trentino - Alto Adige,Trento,04/05,non_pubblicato,,,ordinaria,
Trentino - Alto Adige,Trento,05/06,non_pubblicato,,,ordinaria,
Trentino - Alto Adige,Trento,06/07,non_pubblicato,,,ordinaria,
Trentino - Alto Adige,Trento,07/08,non_pubblicato,,,ordinaria,
Trentino - Alto Adige,Trento,08/09,non_pubblicato,,,ordinaria,
Trentino - Alto Adige,Trento,09/10,non_pubblicato,,,ordinaria,
Trentino - Alto Adige,Trento,10/11,non_pubblicato,,,ordinaria,
Trentino - Alto Adige,Trento,11/12,non_pubblicato,,,ordinaria,
Trentino - Alto Adige,Trento,12/13,non_pubblicato,,,ordinaria,
Trentino - Alto Adige,Trento,13/14,non_pubblicato,,,ordinaria,
Trentino - Alto Adige,Trento,14/15,non_pubblicato,,,ordinaria,
Umbria,Perugia - Terni,81/82,pubblicato,82,Copertina 82 verde,ordinaria,#92D050
Umbria,Perugia - Terni,82/83,pubblicato,83,Copertina 83 rossa,ordinaria,#FF0000
Umbria,Perugia - Terni,83/84,pubblicato,84,Copertina 84 azzurra,ordinaria,#00B0F0
Umbria,Perugia - Terni,84/85,pubblicato,85,Copertina 85 verde,ordinaria,#92D050
Umbria,Perugia - Terni,85/86,pubblicato,86,Copertina 86 rossa,ordinaria,#FF0000
Umbria,Perugia - Terni,86/87,pubblicato,87,Copertina 87 azzurra,ordinaria,#00B0F0
Umbria,Perugia - Terni,87/88,non_pubblicato,,,ordinaria,
Umbria,Perugia - Terni,88/89,non_pubblicato,,,ordinaria,
Umbria,Perugia - Terni,89/90,non_pubblicato,,,ordinaria,
Umbria,Perugia - Terni,90/91,non_pubblicato,,,ordinaria,
Umbria,Perugia - Terni,91/92,non_pubblicato,,,ordinaria,
Umbria,Perugia - Terni,92/93,non_pubblicato,,,ordinaria,
Umbria,Perugia - Terni,93/94,non_pubblicato,,,ordinaria,
Umbria,Perugia - Terni,94/95,non_pubblicato,,,ordinaria,
Umbria,Perugia - Terni,95/96,non_pubblicato,,,ordinaria,
Umbria,Perugia - Terni,96/97,non_pubblicato,,,ordinaria,
Umbria,Perugia - Terni,97/98,non_pubblicato,,,ordinaria,
Umbria,Perugia - Terni,98/99,non_pubblicato,,,ordinaria,
Umbria,Perugia - Terni,99/00,non_pubblicato,,,ordinaria,
Umbria,Perugia - Terni,00/01,non_pubblicato,,,ordinaria,
Umbria,Perugia - Terni,01/02,non_pubblicato,,,ordinaria,
Umbria,Perugia - Terni,02/03,non_pubblicato,,,ordinaria,
Umbria,Perugia - Terni,03/04,non_pubblicato,,,ordinaria,
Umbria,Perugia - Terni,04/05,non_pubblicato,,,ordinaria,
Umbria,Perugia - Terni,05/06,non_pubblicato,,,ordinaria,
Umbria,Perugia - Terni,06/07,non_pubblicato,,,ordinaria,
Umbria,Perugia - Terni,07/08,non_pubblicato,,,ordinaria,
Umbria,Perugia - Terni,08/09,non_pubblicato,,,ordinaria,
Umbria,Perugia - Terni,09/10,non_pubblicato,,,ordinaria,
Umbria,Perugia - Terni,10/11,non_pubblicato,,,ordinaria,
Umbria,Perugia - Terni,11/12,non_pubblicato,,,ordinaria,
Umbria,Perugia - Terni,12/13,non_pubblicato,,,ordinaria,
Umbria,Perugia - Terni,13/14,non_pubblicato,,,ordinaria,
Umbria,Perugia - Terni,14/15,non_pubblicato,,,ordinaria,
Umbria,Perugia,81/82,non_pubblicato,,,ordinaria,
Umbria,Perugia,82/83,non_pubblicato,,,ordinaria,
Umbria,Perugia,83/84,non_pubblicato,,,ordinaria,
Umbria,Perugia,84/85,non_pubblicato,,,ordinaria,
Umbria,Perugia,85/86,non_pubblicato,,,ordinaria,
Umbria,Perugia,86/87,non_pubblicato,,,ordinaria,
Umbria,Perugia,87/88,pubblicato,88,Copertina 88 verde,ordinaria,#92D050
Umbria,Perugia,88/89,pubblicato,89,Copertina 89 rossa,ordinaria,#FF0000
Umbria,Perugia,89/90,pubblicato,90,Copertina 1990 blu,ordinaria,#002060
Umbria,Perugia,90/91,pubblicato,91,Copertina 91 blu,ordinaria,#002671
Umbria,Perugia,91/92,pubblicato,92,Copertina 92 blu,ordinaria,#002671
Umbria,Perugia,92/93,pubblicato,93,Copertina 93 beige,ordinaria,#DDD9C3
Umbria,Perugia,93/94,pubblicato,94,Copertina 94 beige,ordinaria,#C4BC96
Umbria,Perugia,94/95,pubblicato,95,Copertina 95 beige,ordinaria,#C4BC96
Umbria,Perugia,95/96,pubblicato,96,Copertina 96 beige,ordinaria,#C4BC96
Umbria,Perugia,96/97,pubblicato,97,Copertina 97 beige,ordinaria,#C4BC96
Umbria,Perugia,97/98,pubblicato,98,Copertina grigia,ordinaria,#999999
Umbria,Perugia,98/99,non_pubblicato,,,ordinaria,
Umbria,Perugia,99/00,non_pubblicato,,,ordinaria,
Umbria,Perugia,00/01,non_pubblicato,,,ordinaria,
Umbria,Perugia,01/02,non_pubblicato,,,ordinaria,
Umbria,Perugia,02/03,non_pubblicato,,,ordinaria,
Umbria,Perugia,03/04,non_pubblicato,,,ordinaria,
Umbria,Perugia,04/05,non_pubblicato,,,ordinaria,
Umbria,Perugia,05/06,non_pubblicato,,,ordinaria,
Umbria,Perugia,06/07,non_pubblicato,,,ordinaria,
Umbria,Perugia,07/08,non_pubblicato,,,ordinaria,
Umbria,Perugia,08/09,non_pubblicato,,,ordinaria,
Umbria,Perugia,09/10,non_pubblicato,,,ordinaria,
Umbria,Perugia,10/11,non_pubblicato,,,ordinaria,
Umbria,Perugia,11/12,non_pubblicato,,,ordinaria,
Umbria,Perugia,12/13,non_pubblicato,,,ordinaria,
Umbria,Perugia,13/14,non_pubblicato,,,ordinaria,
Umbria,Perugia,14/15,non_pubblicato,,,ordinaria,
Umbria,Terni,81/82,non_pubblicato,,,ordinaria,
Umbria,Terni,82/83,non_pubblicato,,,ordinaria,
Umbria,Terni,83/84,non_pubblicato,,,ordinaria,
Umbria,Terni,84/85,non_pubblicato,,,ordinaria,
Umbria,Terni,85/86,non_pubblicato,,,ordinaria,
Umbria,Terni,86/87,non_pubblicato,,,ordinaria,
Umbria,Terni,87/88,pubblicato,88,Copertina 88 verde,ordinaria,#92D050
Umbria,Terni,88/89,pubblicato,89,Copertina 89 rossa,ordinaria,#FF0000
Umbria,Terni,89/90,pubblicato,90,Copertina 1990 blu,ordinaria,#002060
Umbria,Terni,90/91,pubblicato,91,Copertina 91 blu,ordinaria,#002671
Umbria,Terni,91/92,pubblicato,92,Copertina 92 blu,ordinaria,#002671
Umbria,Terni,92/93,pubblicato,93,Copertina 93 beige,ordinaria,#DDD9C3
Umbria,Terni,93/94,pubblicato,94,Copertina 94 beige,ordinaria,#C4BC96
Umbria,Terni,94/95,pubblicato,95,Copertina 95 beige,ordinaria,#C4BC96
Umbria,Terni,95/96,pubblicato,96,Copertina 96 beige,ordinaria,#C4BC96
Umbria,Terni,96/97,pubblicato,97,Copertina 97 beige,ordinaria,#C4BC96
Umbria,Terni,97/98,pubblicato,98,Copertina grigia,ordinaria,#999999
Umbria,Terni,98/99,non_pubblicato,,,ordinaria,
Umbria,Terni,99/00,non_pubblicato,,,ordinaria,
Umbria,Terni,00/01,non_pubblicato,,,ordinaria,
Umbria,Terni,01/02,non_pubblicato,,,ordinaria,
Umbria,Terni,02/03,non_pubblicato,,,ordinaria,
Umbria,Terni,03/04,non_pubblicato,,,ordinaria,
Umbria,Terni,04/05,non_pubblicato,,,ordinaria,
Umbria,Terni,05/06,non_pubblicato,,,ordinaria,
Umbria,Terni,06/07,non_pubblicato,,,ordinaria,
Umbria,Terni,07/08,non_pubblicato,,,ordinaria,
Umbria,Terni,08/09,non_pubblicato,,,ordinaria,
Umbria,Terni,09/10,non_pubblicato,,,ordinaria,
Umbria,Terni,10/11,non_pubblicato,,,ordinaria,
Umbria,Terni,11/12,non_pubblicato,,,ordinaria,
Umbria,Terni,12/13,non_pubblicato,,,ordinaria,
Umbria,Terni,13/14,non_pubblicato,,,ordinaria,
Umbria,Terni,14/15,non_pubblicato,,,ordinaria,
Valle d'Aosta,Aosta,81/82,pubblicato,81,Copertina 81 verde,ordinaria,#92D050
Valle d'Aosta,Aosta,82/83,pubblicato,82,Copertina 82 rossa,ordinaria,#FF0000
Valle d'Aosta,Aosta,83/84,pubblicato,83,Copertina 83 azzurra,ordinaria,#00B0F0
Valle d'Aosta,Aosta,84/85,pubblicato,84,Copertina 84 verde,ordinaria,#92D050
Valle d'Aosta,Aosta,85/86,pubblicato,85,Copertina 85 rossa,ordinaria,#FF0000
Valle d'Aosta,Aosta,86/87,pubblicato,86,Copertina 86 azzurra,ordinaria,#00B0F0
Valle d'Aosta,Aosta,87/88,pubblicato,87,Copertina 87 verde,ordinaria,#92D050
Valle d'Aosta,Aosta,88/89,pubblicato,88,Copertina 88 rossa,ordinaria,#FF0000
Valle d'Aosta,Aosta,89/90,pubblicato,89,Copertina 89 azzurra,ordinaria,#00B0F0
Valle d'Aosta,Aosta,90/91,pubblicato,90/91,Copertina 90/91 blu,ordinaria,#002060
Valle d'Aosta,Aosta,91/92,pubblicato,91,Copertina 91 blu,ordinaria,#002671
Valle d'Aosta,Aosta,92/93,pubblicato,92,Copertina 92 beige,ordinaria,#DDD9C3
Valle d'Aosta,Aosta,93/94,pubblicato,93,Copertina 93 beige,ordinaria,#C4BC96
Valle d'Aosta,Aosta,94/95,pubblicato,94,Copertina 94 beige,ordinaria,#C4BC96
Valle d'Aosta,Aosta,95/96,pubblicato,95,Copertina 95 beige,ordinaria,#C4BC96
Valle d'Aosta,Aosta,96/97,pubblicato,96,Copertina 96 beige,ordinaria,#C4BC96
Valle d'Aosta,Aosta,97/98,pubblicato,97,Copertina 97 beige,ordinaria,#C4BC96
Valle d'Aosta,Aosta,98/99,non_pubblicato,,,ordinaria,
Valle d'Aosta,Aosta,99/00,non_pubblicato,,,ordinaria,
Valle d'Aosta,Aosta,00/01,non_pubblicato,,,ordinaria,
Valle d'Aosta,Aosta,01/02,non_pubblicato,,,ordinaria,
Valle d'Aosta,Aosta,02/03,non_pubblicato,,,ordinaria,
Valle d'Aosta,Aosta,03/04,non_pubblicato,,,ordinaria,
Valle d'Aosta,Aosta,04/05,non_pubblicato,,,ordinaria,
Valle d'Aosta,Aosta,05/06,non_pubblicato,,,ordinaria,
Valle d'Aosta,Aosta,06/07,non_pubblicato,,,ordinaria,
Valle d'Aosta,Aosta,07/08,non_pubblicato,,,ordinaria,
Valle d'Aosta,Aosta,08/09,non_pubblicato,,,ordinaria,
Valle d'Aosta,Aosta,09/10,non_pubblicato,,,ordinaria,
Valle d'Aosta,Aosta,10/11,non_pubblicato,,,ordinaria,
Valle d'Aosta,Aosta,11/12,non_pubblicato,,,ordinaria,
Valle d'Aosta,Aosta,12/13,non_pubblicato,,,ordinaria,
Valle d'Aosta,Aosta,13/14,non_pubblicato,,,ordinaria,
Valle d'Aosta,Aosta,14/15,non_pubblicato,,,ordinaria,
Veneto,Belluno - Treviso,81/82,pubblicato,81,Copertina 81 verde,ordinaria,#92D050
Veneto,Belluno - Treviso,82/83,pubblicato,82,Copertina 82 rossa,ordinaria,#FF0000
Veneto,Belluno - Treviso,83/84,pubblicato,83,Copertina 83 azzurra,ordinaria,#00B0F0
Veneto,Belluno - Treviso,84/85,pubblicato,84,Copertina 84 verde,ordinaria,#92D050
Veneto,Belluno - Treviso,85/86,pubblicato,85,Copertina 85 rossa,ordinaria,#FF0000
Veneto,Belluno - Treviso,86/87,pubblicato,86,Copertina 86 azzurra,ordinaria,#00B0F0
Veneto,Belluno - Treviso,87/88,pubblicato,87,Copertina 87 verde,ordinaria,#92D050
Veneto,Belluno - Treviso,88/89,non_pubblicato,,,ordinaria,
Veneto,Belluno - Treviso,89/90,non_pubblicato,,,ordinaria,
Veneto,Belluno - Treviso,90/91,non_pubblicato,,,ordinaria,
Veneto,Belluno - Treviso,91/92,non_pubblicato,,,ordinaria,
Veneto,Belluno - Treviso,92/93,non_pubblicato,,,ordinaria,
Veneto,Belluno - Treviso,93/94,non_pubblicato,,,ordinaria,
Veneto,Belluno - Treviso,94/95,non_pubblicato,,,ordinaria,
Veneto,Belluno - Treviso,95/96,non_pubblicato,,,ordinaria,
Veneto,Belluno - Treviso,96/97,non_pubblicato,,,ordinaria,
Veneto,Belluno - Treviso,97/98,non_pubblicato,,,ordinaria,
Veneto,Belluno - Treviso,98/99,non_pubblicato,,,ordinaria,
Veneto,Belluno - Treviso,99/00,non_pubblicato,,,ordinaria,
Veneto,Belluno - Treviso,00/01,non_pubblicato,,,ordinaria,
Veneto,Belluno - Treviso,01/02,non_pubblicato,,,ordinaria,
Veneto,Belluno - Treviso,02/03,non_pubblicato,,,ordinaria,
Veneto,Belluno - Treviso,03/04,non_pubblicato,,,ordinaria,
Veneto,Belluno - Treviso,04/05,non_pubblicato,,,ordinaria,
Veneto,Belluno - Treviso,05/06,non_pubblicato,,,ordinaria,
Veneto,Belluno - Treviso,06/07,non_pubblicato,,,ordinaria,
Veneto,Belluno - Treviso,07/08,non_pubblicato,,,ordinaria,
Veneto,Belluno - Treviso,08/09,non_pubblicato,,,ordinaria,
Veneto,Belluno - Treviso,09/10,non_pubblicato,,,ordinaria,
Veneto,Belluno - Treviso,10/11,non_pubblicato,,,ordinaria,
Veneto,Belluno - Treviso,11/12,non_pubblicato,,,ordinaria,
Veneto,Belluno - Treviso,12/13,non_pubblicato,,,ordinaria,
Veneto,Belluno - Treviso,13/14,non_pubblicato,,,ordinaria,
Veneto,Belluno - Treviso,14/15,non_pubblicato,,,ordinaria,
Veneto,Belluno,81/82,non_pubblicato,,,ordinaria,
Veneto,Belluno,82/83,non_pubblicato,,,ordinaria,
Veneto,Belluno,83/84,non_pubblicato,,,ordinaria,
Veneto,Belluno,84/85,non_pubblicato,,,ordinaria,
Veneto,Belluno,85/86,non_pubblicato,,,ordinaria,
Veneto,Belluno,86/87,non_pubblicato,,,ordinaria,
Veneto,Belluno,87/88,non_pubblicato,,,ordinaria,
Veneto,Belluno,88/89,pubblicato,88,Copertina 88 rossa,ordinaria,#FF0000
Veneto,Belluno,89/90,pubblicato,89,Copertina 89 azzurra,ordinaria,#00B0F0
Veneto,Belluno,90/91,pubblicato,90/91,Copertina 90/91 blu,ordinaria,#002060
Veneto,Belluno,91/92,pubblicato,91,Copertina 91 blu,ordinaria,#002671
Veneto,Belluno,92/93,pubblicato,92,Copertina 92 beige,ordinaria,#DDD9C3
Veneto,Belluno,93/94,pubblicato,93,Copertina 93 beige,ordinaria,#DDD9C3
Veneto,Belluno,94/95,pubblicato,94,Copertina 94 beige,ordinaria,#C4BC96
Veneto,Belluno,95/96,pubblicato,95,Copertina 95 beige,ordinaria,#C4BC96
Veneto,Belluno,96/97,pubblicato,96,Copertina 96 beige,ordinaria,#C4BC96
Veneto,Belluno,97/98,pubblicato,97,Copertina 97 beige,ordinaria,#C4BC96
Veneto,Belluno,98/99,non_pubblicato,,,ordinaria,
Veneto,Belluno,99/00,non_pubblicato,,,ordinaria,
Veneto,Belluno,00/01,non_pubblicato,,,ordinaria,
Veneto,Belluno,01/02,non_pubblicato,,,ordinaria,
Veneto,Belluno,02/03,non_pubblicato,,,ordinaria,
Veneto,Belluno,03/04,non_pubblicato,,,ordinaria,
Veneto,Belluno,04/05,non_pubblicato,,,ordinaria,
Veneto,Belluno,05/06,non_pubblicato,,,ordinaria,
Veneto,Belluno,06/07,non_pubblicato,,,ordinaria,
Veneto,Belluno,07/08,non_pubblicato,,,ordinaria,
Veneto,Belluno,08/09,non_pubblicato,,,ordinaria,
Veneto,Belluno,09/10,non_pubblicato,,,ordinaria,
Veneto,Belluno,10/11,non_pubblicato,,,ordinaria,
Veneto,Belluno,11/12,non_pubblicato,,,ordinaria,
Veneto,Belluno,12/13,non_pubblicato,,,ordinaria,
Veneto,Belluno,13/14,non_pubblicato,,,ordinaria,
Veneto,Belluno,14/15,non_pubblicato,,,ordinaria,
Veneto,Padova - Rovigo,81/82,pubblicato,81,Copertina 81 verde,ordinaria,#92D050
Veneto,Padova - Rovigo,82/83,pubblicato,82,Copertina 82 rossa,ordinaria,#FF0000
Veneto,Padova - Rovigo,83/84,pubblicato,83,Copertina 83 azzurra,ordinaria,#00B0F0
Veneto,Padova - Rovigo,84/85,pubblicato,84,Copertina 84 verde,ordinaria,#92D050
Veneto,Padova - Rovigo,85/86,pubblicato,85,Copertina 85 rossa,ordinaria,#FF0000
Veneto,Padova - Rovigo,86/87,pubblicato,86,Copertina 86 azzurra,ordinaria,#00B0F0
Veneto,Padova - Rovigo,87/88,pubblicato,87,Copertina 87 verde,ordinaria,#92D050
Veneto,Padova - Rovigo,88/89,pubblicato,88,Copertina 88 rossa,ordinaria,#FF0000
Veneto,Padova - Rovigo,89/90,non_pubblicato,,,ordinaria,
Veneto,Padova - Rovigo,90/91,non_pubblicato,,,ordinaria,
Veneto,Padova - Rovigo,91/92,non_pubblicato,,,ordinaria,
Veneto,Padova - Rovigo,92/93,non_pubblicato,,,ordinaria,
Veneto,Padova - Rovigo,93/94,non_pubblicato,,,ordinaria,
Veneto,Padova - Rovigo,94/95,non_pubblicato,,,ordinaria,
Veneto,Padova - Rovigo,95/96,non_pubblicato,,,ordinaria,
Veneto,Padova - Rovigo,96/97,non_pubblicato,,,ordinaria,
Veneto,Padova - Rovigo,97/98,non_pubblicato,,,ordinaria,
Veneto,Padova - Rovigo,98/99,non_pubblicato,,,ordinaria,
Veneto,Padova - Rovigo,99/00,non_pubblicato,,,ordinaria,
Veneto,Padova - Rovigo,00/01,non_pubblicato,,,ordinaria,
Veneto,Padova - Rovigo,01/02,non_pubblicato,,,ordinaria,
Veneto,Padova - Rovigo,02/03,non_pubblicato,,,ordinaria,
Veneto,Padova - Rovigo,03/04,non_pubblicato,,,ordinaria,
Veneto,Padova - Rovigo,04/05,non_pubblicato,,,ordinaria,
Veneto,Padova - Rovigo,05/06,non_pubblicato,,,ordinaria,
Veneto,Padova - Rovigo,06/07,non_pubblicato,,,ordinaria,
Veneto,Padova - Rovigo,07/08,non_pubblicato,,,ordinaria,
Veneto,Padova - Rovigo,08/09,non_pubblicato,,,ordinaria,
Veneto,Padova - Rovigo,09/10,non_pubblicato,,,ordinaria,
Veneto,Padova - Rovigo,10/11,non_pubblicato,,,ordinaria,
Veneto,Padova - Rovigo,11/12,non_pubblicato,,,ordinaria,
Veneto,Padova - Rovigo,12/13,non_pubblicato,,,ordinaria,
Veneto,Padova - Rovigo,13/14,non_pubblicato,,,ordinaria,
Veneto,Padova - Rovigo,14/15,non_pubblicato,,,ordinaria,
Veneto,Padova,81/82,non_pubblicato,,,ordinaria,
Veneto,Padova,82/83,non_pubblicato,,,ordinaria,
Veneto,Padova,83/84,non_pubblicato,,,ordinaria,
Veneto,Padova,84/85,non_pubblicato,,,ordinaria,
Veneto,Padova,85/86,non_pubblicato,,,ordinaria,
Veneto,Padova,86/87,non_pubblicato,,,ordinaria,
Veneto,Padova,87/88,non_pubblicato,,,ordinaria,
Veneto,Padova,88/89,non_pubblicato,,,ordinaria,
Veneto,Padova,89/90,pubblicato,89,Copertina 89 azzurra,ordinaria,#00B0F0
Veneto,Padova,90/91,pubblicato,90/91,Copertina 90/91 blu,ordinaria,#002060
Veneto,Padova,91/92,pubblicato,91,Copertina 91 blu,ordinaria,#002671
Veneto,Padova,92/93,pubblicato,92,Copertina 92 beige,ordinaria,#DDD9C3
Veneto,Padova,93/94,pubblicato,93,Copertina 93 beige,ordinaria,#DDD9C3
Veneto,Padova,94/95,pubblicato,94,Copertina 94 beige,ordinaria,#C4BC96
Veneto,Padova,95/96,pubblicato,95,Copertina 95 beige,ordinaria,#C4BC96
Veneto,Padova,96/97,pubblicato,96,Copertina 96 beige,ordinaria,#C4BC96
Veneto,Padova,97/98,pubblicato,97,Copertina 97 beige,ordinaria,#C4BC96
Veneto,Padova,98/99,pubblicato,98,Copertina grigia,ordinaria,#999999
Veneto,Padova,99/00,pubblicato,,,ordinaria,#FFD966
Veneto,Padova,00/01,non_pubblicato,,,ordinaria,
Veneto,Padova,01/02,non_pubblicato,,,ordinaria,
Veneto,Padova,02/03,non_pubblicato,,,ordinaria,
Veneto,Padova,03/04,non_pubblicato,,,ordinaria,
Veneto,Padova,04/05,non_pubblicato,,,ordinaria,
Veneto,Padova,05/06,non_pubblicato,,,ordinaria,
Veneto,Padova,06/07,non_pubblicato,,,ordinaria,
Veneto,Padova,07/08,non_pubblicato,,,ordinaria,
Veneto,Padova,08/09,non_pubblicato,,,ordinaria,
Veneto,Padova,09/10,non_pubblicato,,,ordinaria,
Veneto,Padova,10/11,non_pubblicato,,,ordinaria,
Veneto,Padova,11/12,non_pubblicato,,,ordinaria,
Veneto,Padova,12/13,non_pubblicato,,,ordinaria,
Veneto,Padova,13/14,non_pubblicato,,,ordinaria,
Veneto,Padova,14/15,non_pubblicato,,,ordinaria,
Veneto,Rovigo,81/82,non_pubblicato,,,ordinaria,
Veneto,Rovigo,82/83,non_pubblicato,,,ordinaria,
Veneto,Rovigo,83/84,non_pubblicato,,,ordinaria,
Veneto,Rovigo,84/85,non_pubblicato,,,ordinaria,
Veneto,Rovigo,85/86,non_pubblicato,,,ordinaria,
Veneto,Rovigo,86/87,non_pubblicato,,,ordinaria,
Veneto,Rovigo,87/88,non_pubblicato,,,ordinaria,
Veneto,Rovigo,88/89,non_pubblicato,,,ordinaria,
Veneto,Rovigo,89/90,pubblicato,89,Copertina 89 azzurra,ordinaria,#00B0F0
Veneto,Rovigo,90/91,pubblicato,90/91,Copertina 90/91 blu,ordinaria,#002060
Veneto,Rovigo,91/92,pubblicato,91,Copertina 91 blu,ordinaria,#002671
Veneto,Rovigo,92/93,pubblicato,92,Copertina 92 beige,ordinaria,#DDD9C3
Veneto,Rovigo,93/94,pubblicato,93,Copertina 93 beige,ordinaria,#DDD9C3
Veneto,Rovigo,94/95,pubblicato,94,Copertina 94 beige,ordinaria,#C4BC96
Veneto,Rovigo,95/96,pubblicato,95,Copertina 95 beige,ordinaria,#C4BC96
Veneto,Rovigo,96/97,pubblicato,96,Copertina 96 beige,ordinaria,#C4BC96
Veneto,Rovigo,97/98,pubblicato,97,Copertina 97 beige,ordinaria,#C4BC96
Veneto,Rovigo,98/99,probabile_non_confermato,,,ordinaria,
Veneto,Rovigo,99/00,probabile_non_confermato,,,ordinaria,
Veneto,Rovigo,00/01,non_pubblicato,,,ordinaria,
Veneto,Rovigo,01/02,non_pubblicato,,,ordinaria,
Veneto,Rovigo,02/03,non_pubblicato,,,ordinaria,
Veneto,Rovigo,03/04,non_pubblicato,,,ordinaria,
Veneto,Rovigo,04/05,non_pubblicato,,,ordinaria,
Veneto,Rovigo,05/06,non_pubblicato,,,ordinaria,
Veneto,Rovigo,06/07,non_pubblicato,,,ordinaria,
Veneto,Rovigo,07/08,non_pubblicato,,,ordinaria,
Veneto,Rovigo,08/09,non_pubblicato,,,ordinaria,
Veneto,Rovigo,09/10,non_pubblicato,,,ordinaria,
Veneto,Rovigo,10/11,non_pubblicato,,,ordinaria,
Veneto,Rovigo,11/12,non_pubblicato,,,ordinaria,
Veneto,Rovigo,12/13,non_pubblicato,,,ordinaria,
Veneto,Rovigo,13/14,non_pubblicato,,,ordinaria,
Veneto,Rovigo,14/15,non_pubblicato,,,ordinaria,
Veneto,Treviso,81/82,non_pubblicato,,,ordinaria,
Veneto,Treviso,82/83,non_pubblicato,,,ordinaria,
Veneto,Treviso,83/84,non_pubblicato,,,ordinaria,
Veneto,Treviso,84/85,non_pubblicato,,,ordinaria,
Veneto,Treviso,85/86,non_pubblicato,,,ordinaria,
Veneto,Treviso,86/87,non_pubblicato,,,ordinaria,
Veneto,Treviso,87/88,non_pubblicato,,,ordinaria,
Veneto,Treviso,88/89,pubblicato,88,Copertina 88 rossa,ordinaria,#FF0000
Veneto,Treviso,89/90,pubblicato,89,Copertina 89 azzurra,ordinaria,#00B0F0
Veneto,Treviso,90/91,pubblicato,90/91,Copertina 90/91 blu,ordinaria,#002060
Veneto,Treviso,91/92,pubblicato,91,Copertina 91 blu,ordinaria,#002671
Veneto,Treviso,92/93,pubblicato,92,Copertina 92 beige,ordinaria,#DDD9C3
Veneto,Treviso,93/94,pubblicato,93,Copertina 93 beige,ordinaria,#DDD9C3
Veneto,Treviso,94/95,pubblicato,94,Copertina 94 beige,ordinaria,#C4BC96
Veneto,Treviso,95/96,pubblicato,95,Copertina 95 beige,ordinaria,#C4BC96
Veneto,Treviso,96/97,pubblicato,96,Copertina 96 beige,ordinaria,#C4BC96
Veneto,Treviso,97/98,pubblicato,97,Copertina 97 beige,ordinaria,#C4BC96
Veneto,Treviso,98/99,pubblicato,98,Copertina grigia,ordinaria,#999999
Veneto,Treviso,99/00,pubblicato,99/00,Copertina 1999/2000 gialla,ordinaria,#FFD966
Veneto,Treviso,00/01,pubblicato,00/01,Copertina 2000/2001 gialla,ordinaria,#FFD966
Veneto,Treviso,01/02,pubblicato,01/02,Copertina 2001/2002 gialla,ordinaria,#FFD966
Veneto,Treviso,02/03,pubblicato,02/03,Copertina 2002/2003 gialla,ordinaria,#FFD966
Veneto,Treviso,03/04,pubblicato,03,Copertina 2003 gialla,ordinaria,#FFD966
Veneto,Treviso,04/05,pubblicato,04,Copertina 2004 gialla,ordinaria,#FFD966
Veneto,Treviso,05/06,pubblicato,05,Copertina 2005 arancione,ordinaria,#E69138
Veneto,Treviso,06/07,pubblicato,06,Copertina 2006 arancione/bianca,ordinaria,#F6B26B
Veneto,Treviso,07/08,pubblicato,07,Copertina 2007 arancione/bianca,ordinaria,#F6B26B
Veneto,Treviso,08/09,pubblicato,08/09,Copertina 2008/2009 arancione/bianca,ordinaria,#F6B26B
Veneto,Treviso,09/10,pubblicato,09/10,Copertina 2009/2010 arancione/bianca,ordinaria,#F6B26B
Veneto,Treviso,10/11,pubblicato,10/11,Copertina 2010/2011 arancione/bianca formato ridotto,ordinaria,#F9CB9C
Veneto,Treviso,11/12,pubblicato,11/12,Copertina 2011/2012 arancione/bianca formato ridotto,ordinaria,#F9CB9C
Veneto,Treviso,12/13,pubblicato,12/13,Copertina 2012/2013 arancione/bianca formato ridotto,ordinaria,#F9CB9C
Veneto,Treviso,13/14,pubblicato,13/14,Copertina 2013/2014 arancione/bianca formato ridotto,ordinaria,#F9CB9C
Veneto,Treviso,14/15,pubblicato,14/15,Copertina 2014/2015 arancione/bianca formato ridotto,ordinaria,#F9CB9C
Veneto,Venezia,81/82,pubblicato,81,Copertina 81 verde,ordinaria,#92D050
Veneto,Venezia,82/83,pubblicato,82,Copertina 82 rossa,ordinaria,#FF0000
Veneto,Venezia,83/84,pubblicato,83,Copertina 83 azzurra,ordinaria,#00B0F0
Veneto,Venezia,84/85,pubblicato,84,Copertina 84 verde,ordinaria,#92D050
Veneto,Venezia,85/86,pubblicato,85,Copertina 85 rossa,ordinaria,#FF0000
Veneto,Venezia,86/87,pubblicato,86,Copertina 86 azzurra,ordinaria,#00B0F0
Veneto,Venezia,87/88,pubblicato,87,Copertina 87 verde,ordinaria,#92D050
Veneto,Venezia,88/89,pubblicato,88,Copertina 88 rossa,ordinaria,#FF0000
Veneto,Venezia,89/90,pubblicato,89,Copertina 89 azzurra,ordinaria,#00B0F0
Veneto,Venezia,90/91,pubblicato,90/91,Copertina 90/91 blu,ordinaria,#002060
Veneto,Venezia,91/92,pubblicato,91,Copertina 91 blu,ordinaria,#002671
Veneto,Venezia,92/93,pubblicato,92,Copertina 92 beige,ordinaria,#DDD9C3
Veneto,Venezia,93/94,pubblicato,93,Copertina 93 beige,ordinaria,#DDD9C3
Veneto,Venezia,94/95,pubblicato,94,Copertina 94 beige,ordinaria,#C4BC96
Veneto,Venezia,95/96,pubblicato,95,Copertina 95 beige,ordinaria,#C4BC96
Veneto,Venezia,96/97,pubblicato,96,Copertina 96 beige,ordinaria,#C4BC96
Veneto,Venezia,97/98,pubblicato,97,Copertina 97 beige,ordinaria,#C4BC96
Veneto,Venezia,98/99,pubblicato,98,Copertina grigia,ordinaria,#999999
Veneto,Venezia,99/00,pubblicato,99/00,Copertina 1999/2000 gialla,ordinaria,#FFD966
Veneto,Venezia,00/01,pubblicato,00/01,Copertina 2000/2001 gialla,ordinaria,#FFD966
Veneto,Venezia,01/02,pubblicato,01/02,Copertina 2001/2002 gialla,ordinaria,#FFD966
Veneto,Venezia,02/03,pubblicato,02/03,Copertina 2002/2003 gialla,ordinaria,#FFD966
Veneto,Venezia,03/04,pubblicato,03,Copertina 2003 gialla,ordinaria,#FFD966
Veneto,Venezia,04/05,pubblicato,04,Copertina 2004 gialla,ordinaria,#FFD966
Veneto,Venezia,05/06,pubblicato,05,Copertina 2005 arancione,ordinaria,#E69138
Veneto,Venezia,06/07,pubblicato,06,Copertina 2006 arancione/bianca,ordinaria,#F6B26B
Veneto,Venezia,07/08,pubblicato,07,Copertina 2007 arancione/bianca,ordinaria,#F6B26B
Veneto,Venezia,08/09,pubblicato,08/09,Copertina 2008/2009 arancione/bianca,ordinaria,#F6B26B
Veneto,Venezia,09/10,pubblicato,09/10,Copertina 2009/2010 arancione/bianca,ordinaria,#F6B26B
Veneto,Venezia,10/11,pubblicato,10/11,Copertina 2010/2011 arancione/bianca formato ridotto,ordinaria,#F9CB9C
Veneto,Venezia,11/12,pubblicato,11/12,Copertina 2011/2012 arancione/bianca formato ridotto,ordinaria,#F9CB9C
Veneto,Venezia,12/13,pubblicato,12/13,Copertina 2012/2013 arancione/bianca formato ridotto,ordinaria,#F9CB9C
Veneto,Venezia,13/14,pubblicato,13/14,Copertina 2013/2014 arancione/bianca formato ridotto,ordinaria,#F9CB9C
Veneto,Venezia,14/15,pubblicato,14/15,Copertina 2014/2015 arancione/bianca formato ridotto,ordinaria,#F9CB9C
Veneto,Verona,81/82,pubblicato,81,Copertina 81 verde,ordinaria,#92D050
Veneto,Verona,82/83,pubblicato,82,Copertina 82 rossa,ordinaria,#FF0000
Veneto,Verona,83/84,pubblicato,83,Copertina 83 azzurra,ordinaria,#00B0F0
Veneto,Verona,84/85,pubblicato,84,Copertina 84 verde,ordinaria,#92D050
Veneto,Verona,85/86,pubblicato,85,Copertina 85 rossa,ordinaria,#FF0000
Veneto,Verona,86/87,pubblicato,86,Copertina 86 azzurra,ordinaria,#00B0F0
Veneto,Verona,87/88,pubblicato,87,Copertina 87 verde,ordinaria,#92D050
Veneto,Verona,88/89,pubblicato,88,Copertina 88 rossa,ordinaria,#FF0000
Veneto,Verona,89/90,pubblicato,89,Copertina 89 azzurra,ordinaria,#00B0F0
Veneto,Verona,90/91,pubblicato,90/91,Copertina 90/91 blu,ordinaria,#002060
Veneto,Verona,91/92,pubblicato,91,Copertina 91 blu,ordinaria,#002671
Veneto,Verona,92/93,pubblicato,92,Copertina 92 beige,ordinaria,#DDD9C3
Veneto,Verona,93/94,pubblicato,93,Copertina 93 beige,ordinaria,#DDD9C3
Veneto,Verona,94/95,pubblicato,94,Copertina 94 beige,ordinaria,#C4BC96
Veneto,Verona,95/96,pubblicato,95,Copertina 95 beige,ordinaria,#C4BC96
Veneto,Verona,96/97,pubblicato,96,Copertina 96 beige,ordinaria,#C4BC96
Veneto,Verona,97/98,pubblicato,97,Copertina 97 beige,ordinaria,#C4BC96
Veneto,Verona,98/99,pubblicato,98,Copertina grigia,ordinaria,#999999
Veneto,Verona,99/00,pubblicato,99/00,Copertina 1999/2000 gialla,ordinaria,#FFD966
Veneto,Verona,00/01,pubblicato,00/01,Copertina 2000/2001 gialla,ordinaria,#FFD966
Veneto,Verona,01/02,pubblicato,01/02,Copertina 2001/2002 gialla,ordinaria,#FFD966
Veneto,Verona,02/03,pubblicato,02/03,Copertina 2002/2003 gialla,ordinaria,#FFD966
Veneto,Verona,03/04,pubblicato,03,Copertina 2003 gialla,ordinaria,#FFD966
Veneto,Verona,04/05,pubblicato,04,Copertina 2004 gialla,ordinaria,#FFD966
Veneto,Verona,05/06,pubblicato,05,Copertina 2005 arancione,ordinaria,#E69138
Veneto,Verona,06/07,pubblicato,06,Copertina 2006 arancione/bianca,ordinaria,#F6B26B
Veneto,Verona,07/08,pubblicato,07,Copertina 2007 arancione/bianca,ordinaria,#F6B26B
Veneto,Verona,08/09,pubblicato,08/09,Copertina 2008/2009 arancione/bianca,ordinaria,#F6B26B
Veneto,Verona,09/10,pubblicato,09/10,Copertina 2009/2010 arancione/bianca,ordinaria,#F6B26B
Veneto,Verona,10/11,pubblicato,10/11,Copertina 2010/2011 arancione/bianca formato ridotto,ordinaria,#F9CB9C
Veneto,Verona,11/12,pubblicato,11/12,Copertina 2011/2012 arancione/bianca formato ridotto,ordinaria,#F9CB9C
Veneto,Verona,12/13,pubblicato,12/13,Copertina 2012/2013 arancione/bianca formato ridotto,ordinaria,#F9CB9C
Veneto,Verona,13/14,pubblicato,13/14,Copertina 2013/2014 arancione/bianca formato ridotto,ordinaria,#F9CB9C
Veneto,Verona,14/15,pubblicato,14/15,Copertina 2014/2015 arancione/bianca formato ridotto,ordinaria,#F9CB9C
Veneto,Vicenza,81/82,pubblicato,81,Copertina 81 verde,ordinaria,#92D050
Veneto,Vicenza,82/83,pubblicato,82,Copertina 82 rossa,ordinaria,#FF0000
Veneto,Vicenza,83/84,pubblicato,83,Copertina 83 azzurra,ordinaria,#00B0F0
Veneto,Vicenza,84/85,pubblicato,84,Copertina 84 verde,ordinaria,#92D050
Veneto,Vicenza,85/86,pubblicato,85,Copertina 85 rossa,ordinaria,#FF0000
Veneto,Vicenza,86/87,pubblicato,86,Copertina 86 azzurra,ordinaria,#00B0F0
Veneto,Vicenza,87/88,pubblicato,87,Copertina 87 verde,ordinaria,#92D050
Veneto,Vicenza,88/89,pubblicato,88,Copertina 88 rossa,ordinaria,#FF0000
Veneto,Vicenza,89/90,pubblicato,89,Copertina 89 azzurra,ordinaria,#00B0F0
Veneto,Vicenza,90/91,pubblicato,90/91,Copertina 90/91 blu,ordinaria,#002060
Veneto,Vicenza,91/92,pubblicato,91,Copertina 91 blu,ordinaria,#002671
Veneto,Vicenza,92/93,pubblicato,92,Copertina 92 beige,ordinaria,#DDD9C3
Veneto,Vicenza,93/94,pubblicato,93,Copertina 93 beige,ordinaria,#DDD9C3
Veneto,Vicenza,94/95,pubblicato,94,Copertina 94 beige,ordinaria,#C4BC96
Veneto,Vicenza,95/96,pubblicato,95,Copertina 95 beige,ordinaria,#C4BC96
Veneto,Vicenza,96/97,pubblicato,96,Copertina 96 beige,ordinaria,#C4BC96
Veneto,Vicenza,97/98,pubblicato,97,Copertina 97 beige,ordinaria,#C4BC96
Veneto,Vicenza,98/99,pubblicato,98,Copertina grigia,ordinaria,#999999
Veneto,Vicenza,99/00,pubblicato,99/00,Copertina 1999/2000 gialla,ordinaria,#FFD966
Veneto,Vicenza,00/01,pubblicato,00/01,Copertina 2000/2001 gialla,ordinaria,#FFD966
Veneto,Vicenza,01/02,pubblicato,01/02,Copertina 2001/2002 gialla,ordinaria,#FFD966
Veneto,Vicenza,02/03,pubblicato,02/03,Copertina 2002/2003 gialla,ordinaria,#FFD966
Veneto,Vicenza,03/04,pubblicato,03,Copertina 2003 gialla,ordinaria,#FFD966
Veneto,Vicenza,04/05,pubblicato,04,Copertina 2004 gialla,ordinaria,#FFD966
Veneto,Vicenza,05/06,pubblicato,05,Copertina 2005 arancione,ordinaria,#E69138
Veneto,Vicenza,06/07,pubblicato,06,Copertina 2006 arancione/bianca,ordinaria,#F6B26B
Veneto,Vicenza,07/08,pubblicato,07,Copertina 2007 arancione/bianca,ordinaria,#F6B26B
Veneto,Vicenza,08/09,pubblicato,08/09,Copertina 2008/2009 arancione/bianca,ordinaria,#F6B26B
Veneto,Vicenza,09/10,pubblicato,09/10,Copertina 2009/2010 arancione/bianca,ordinaria,#F6B26B
Veneto,Vicenza,10/11,pubblicato,10/11,Copertina 2010/2011 arancione/bianca formato ridotto,ordinaria,#F9CB9C
Veneto,Vicenza,11/12,pubblicato,11/12,Copertina 2011/2012 arancione/bianca formato ridotto,ordinaria,#F9CB9C
Veneto,Vicenza,12/13,pubblicato,12/13,Copertina 2012/2013 arancione/bianca formato ridotto,ordinaria,#F9CB9C
Veneto,Vicenza,13/14,pubblicato,13/14,Copertina 2013/2014 arancione/bianca formato ridotto,ordinaria,#F9CB9C
Veneto,Vicenza,14/15,pubblicato,14/15,Copertina 2014/2015 arancione/bianca formato ridotto,ordinaria,#F9CB9C
