annata,fascicolo,provincia,citta,indicizzata
81/82,Milano e comuni limitrofi,Milano,Milano,sì
81/82,Milano e comuni limitrofi,Milano,Bollate,sì
81/82,Milano e comuni limitrofi,Milano,Cesano Boscone,sì
81/82,Milano e comuni limitrofi,Milano,Corsico,sì
81/82,Milano e comuni limitrofi,Milano,Cinisello Balsamo,sì
81/82,Milano e comuni limitrofi,Milano,Cologno Monzese,sì
81/82,Milano e comuni limitrofi,Milano,Rozzano,sì
81/82,Milano e comuni limitrofi,Milano,San Donato Milanese,sì
81/82,Milano e comuni limitrofi,Milano,Segrate,sì
81/82,Milano e comuni limitrofi,Milano,Sesto San Giovanni,sì
81/82,Milano e comuni limitrofi,Milano,Settimo Milanese,sì
81/82,Milano e comuni limitrofi,Milano,Trezzano sul Naviglio,sì
81/82,Provincia di Milano,Milano,Abbiategrasso,sì
81/82,Provincia di Milano,Milano,Cesano Maderno,sì
81/82,Provincia di Milano,Milano,Desio,sì
81/82,Provincia di Milano,Milano,Legnano,sì
81/82,Provincia di Milano,Milano,Lissone,sì
81/82,Provincia di Milano,Milano,Lodi,sì
81/82,Provincia di Milano,Milano,Monza,sì
81/82,Provincia di Milano,Milano,Rho,sì
81/82,Provincia di Milano,Milano,Seregno,sì
81/82,Varese,Varese,Varese,sì
81/82,Varese,Varese,Busto Arsizio,sì
81/82,Varese,Varese,Gallarate,sì
81/82,Varese,Varese,Saronno,sì
81/82,Bergamo,Bergamo,Bergamo,sì
81/82,Bergamo,Bergamo,Romano di Lombardia,sì
81/82,Bergamo,Bergamo,Seriate,sì
81/82,Bergamo,Bergamo,Treviglio,sì
81/82,Brescia,Brescia,Brescia,sì
81/82,Brescia,Brescia,Chiari,sì
81/82,Brescia,Brescia,Desenzano del Garda,sì
81/82,Brescia,Brescia,Lumezzane,sì
81/82,Brescia,Brescia,Palazzolo sull'Oglio,sì
81/82,Brescia,Brescia,Salò,sì
81/82,Brescia,Brescia,Val Camonica,no
82/83,Milano e comuni limitrofi,Milano,Milano,sì
82/83,Milano e comuni limitrofi,Milano,Bollate,sì
82/83,Milano e comuni limitrofi,Milano,Bresso,sì
82/83,Milano e comuni limitrofi,Milano,Buccinasco,sì
82/83,Milano e comuni limitrofi,Milano,Cesano Boscone,sì
82/83,Milano e comuni limitrofi,Milano,Corsico,sì
82/83,Milano e comuni limitrofi,Milano,Cinisello Balsamo,sì
82/83,Milano e comuni limitrofi,Milano,Cologno Monzese,sì
82/83,Milano e comuni limitrofi,Milano,Cusano Milanino,sì
82/83,Milano e comuni limitrofi,Milano,Novate Milanese,sì
82/83,Milano e comuni limitrofi,Milano,Pero,sì
82/83,Milano e comuni limitrofi,Milano,Peschiera Borromeo,sì
82/83,Milano e comuni limitrofi,Milano,Rozzano,sì
82/83,Milano e comuni limitrofi,Milano,San Donato Milanese,sì
82/83,Milano e comuni limitrofi,Milano,Segrate,sì
82/83,Milano e comuni limitrofi,Milano,Sesto San Giovanni,sì
82/83,Milano e comuni limitrofi,Milano,Settimo Milanese,sì
82/83,Milano e comuni limitrofi,Milano,Trezzano sul Naviglio,sì
82/83,Milano e comuni limitrofi,Milano,Vimodrone,sì
82/83,Bergamo,Bergamo,Bergamo,sì
82/83,Bergamo,Bergamo,Romano di Lombardia,sì
82/83,Bergamo,Bergamo,Seriate,sì
82/83,Bergamo,Bergamo,Treviglio,sì
82/83,Brescia,Brescia,Brescia,sì
82/83,Brescia,Brescia,Chiari,sì
82/83,Brescia,Brescia,Desenzano del Garda,sì
82/83,Brescia,Brescia,Lumezzane,sì
82/83,Brescia,Brescia,Palazzolo sull'Oglio,sì
82/83,Brescia,Brescia,Salò,sì
82/83,Brescia,Brescia,Val Camonica,no
83/84,Milano e comuni limitrofi,Milano,Milano,sì
83/84,Milano e comuni limitrofi,Milano,Bollate,sì
83/84,Milano e comuni limitrofi,Milano,Bresso,sì
83/84,Milano e comuni limitrofi,Milano,Buccinasco,sì
83/84,Milano e comuni limitrofi,Milano,Cesano Boscone,sì
83/84,Milano e comuni limitrofi,Milano,Corsico,sì
83/84,Milano e comuni limitrofi,Milano,Cinisello Balsamo,sì
83/84,Milano e comuni limitrofi,Milano,Cologno Monzese,sì
83/84,Milano e comuni limitrofi,Milano,Cormano,sì
83/84,Milano e comuni limitrofi,Milano,Corsico,sì
83/84,Milano e comuni limitrofi,Milano,Cusano Milanino,sì
83/84,Milano e comuni limitrofi,Milano,Novate Milanese,sì
83/84,Milano e comuni limitrofi,Milano,Pero,sì
83/84,Milano e comuni limitrofi,Milano,Peschiera Borromeo,sì
83/84,Milano e comuni limitrofi,Milano,Rozzano,sì
83/84,Milano e comuni limitrofi,Milano,San Donato Milanese,sì
83/84,Milano e comuni limitrofi,Milano,Segrate,sì
83/84,Milano e comuni limitrofi,Milano,Sesto San Giovanni,sì
83/84,Milano e comuni limitrofi,Milano,Settimo Milanese,sì
83/84,Milano e comuni limitrofi,Milano,Trezzano sul Naviglio,sì
83/84,Milano e comuni limitrofi,Milano,Vimodrone,sì
83/84,Provincia di Milano,Milano,Abbiategrasso,sì
83/84,Provincia di Milano,Milano,Arese,sì
83/84,Provincia di Milano,Milano,Brugherio,sì
83/84,Provincia di Milano,Milano,Cernusco sul Naviglio,sì
83/84,Provincia di Milano,Milano,Cesano Maderno,sì
83/84,Provincia di Milano,Milano,Desio,sì
83/84,Provincia di Milano,Milano,Garbagnate,sì
83/84,Provincia di Milano,Milano,Giussano,sì
83/84,Provincia di Milano,Milano,Lainate,sì
83/84,Provincia di Milano,Milano,Legnano,sì
83/84,Provincia di Milano,Milano,Limbiate,sì
83/84,Provincia di Milano,Milano,Lissone,sì
83/84,Provincia di Milano,Milano,Lodi,sì
83/84,Provincia di Milano,Milano,Magenta,sì
83/84,Provincia di Milano,Milano,Meda,sì
83/84,Provincia di Milano,Milano,Monza,sì
83/84,Provincia di Milano,Milano,Muggiò,sì
83/84,Provincia di Milano,Milano,Nova Milanese,sì
83/84,Provincia di Milano,Milano,Paderno Dugnano,sì
83/84,Provincia di Milano,Milano,Parabiago,sì
83/84,Provincia di Milano,Milano,Pioltello,sì
83/84,Provincia di Milano,Milano,Rho,sì
83/84,Provincia di Milano,Milano,San Giuliano Milanese,sì
83/84,Provincia di Milano,Milano,Seregno,sì
83/84,Provincia di Milano,Milano,Vimercate,sì
83/84,Bergamo,Bergamo,Bergamo,sì
83/84,Bergamo,Bergamo,Clusone,sì
83/84,Bergamo,Bergamo,Romano di Lombardia,sì
83/84,Bergamo,Bergamo,Seriate,sì
83/84,Bergamo,Bergamo,Treviglio,sì
83/84,Brescia,Brescia,Brescia,sì
83/84,Brescia,Brescia,Chiari,sì
83/84,Brescia,Brescia,Desenzano del Garda,sì
83/84,Brescia,Brescia,Lumezzane,sì
83/84,Brescia,Brescia,Manerbio,sì
83/84,Brescia,Brescia,Montichiari,sì
83/84,Brescia,Brescia,Palazzolo sull'Oglio,sì
83/84,Brescia,Brescia,Salò,sì
83/84,Brescia,Brescia,Val Camonica,no
83/84,Brescia,Brescia,Lago d'Iseo,no
83/84,Brescia,Brescia,Lago di Garda - Valtenesi,no
84/85,Milano e comuni limitrofi,Milano,Milano,sì
84/85,Milano e comuni limitrofi,Milano,Assago,sì
84/85,Milano e comuni limitrofi,Milano,Bollate,sì
84/85,Milano e comuni limitrofi,Milano,Bresso,sì
84/85,Milano e comuni limitrofi,Milano,Buccinasco,sì
84/85,Milano e comuni limitrofi,Milano,Cesano Boscone,sì
84/85,Milano e comuni limitrofi,Milano,Cinisello Balsamo,sì
84/85,Milano e comuni limitrofi,Milano,Cologno Monzese,sì
84/85,Milano e comuni limitrofi,Milano,Cormano,sì
84/85,Milano e comuni limitrofi,Milano,Corsico,sì
84/85,Milano e comuni limitrofi,Milano,Cusano Milanino,sì
84/85,Milano e comuni limitrofi,Milano,Novate Milanese,sì
84/85,Milano e comuni limitrofi,Milano,Pero,sì
84/85,Milano e comuni limitrofi,Milano,Peschiera Borromeo,sì
84/85,Milano e comuni limitrofi,Milano,Rozzano,sì
84/85,Milano e comuni limitrofi,Milano,San Donato Milanese,sì
84/85,Milano e comuni limitrofi,Milano,Segrate,sì
84/85,Milano e comuni limitrofi,Milano,Sesto San Giovanni,sì
84/85,Milano e comuni limitrofi,Milano,Settimo Milanese,sì
84/85,Milano e comuni limitrofi,Milano,Trezzano sul Naviglio,sì
84/85,Milano e comuni limitrofi,Milano,Vimodrone,sì
84/85,Provincia di Milano,Milano,Abbiategrasso,sì
84/85,Provincia di Milano,Milano,Arese,sì
84/85,Provincia di Milano,Milano,Brugherio,sì
84/85,Provincia di Milano,Milano,Cernusco sul Naviglio,sì
84/85,Provincia di Milano,Milano,Cesano Maderno,sì
84/85,Provincia di Milano,Milano,Desio,sì
84/85,Provincia di Milano,Milano,Garbagnate,sì
84/85,Provincia di Milano,Milano,Giussano,sì
84/85,Provincia di Milano,Milano,Lainate,sì
84/85,Provincia di Milano,Milano,Legnano,sì
84/85,Provincia di Milano,Milano,Limbiate,sì
84/85,Provincia di Milano,Milano,Lissone,sì
84/85,Provincia di Milano,Milano,Lodi,sì
84/85,Provincia di Milano,Milano,Magenta,sì
84/85,Provincia di Milano,Milano,Meda,sì
84/85,Provincia di Milano,Milano,Monza,sì
84/85,Provincia di Milano,Milano,Muggiò,sì
84/85,Provincia di Milano,Milano,Nova Milanese,sì
84/85,Provincia di Milano,Milano,Paderno Dugnano,sì
84/85,Provincia di Milano,Milano,Parabiago,sì
84/85,Provincia di Milano,Milano,Pioltello,sì
84/85,Provincia di Milano,Milano,Rho,sì
84/85,Provincia di Milano,Milano,San Giuliano Milanese,sì
84/85,Provincia di Milano,Milano,Seregno,sì
84/85,Provincia di Milano,Milano,Vimercate,sì
84/85,Provincia di Milano,Milano,Carugate,no
84/85,Pavia,Pavia,Pavia,sì
84/85,Pavia,Pavia,Broni,sì
84/85,Pavia,Pavia,Mortara,sì
84/85,Pavia,Pavia,Stradella,sì
84/85,Pavia,Pavia,Vigevano,sì
84/85,Pavia,Pavia,Voghera,sì
84/85,Sondrio,Sondrio,Sondrio,sì
84/85,Sondrio,Sondrio,Bormio,sì
84/85,Sondrio,Sondrio,Chiavenna,sì
84/85,Sondrio,Sondrio,Morbegno,sì
84/85,Sondrio,Sondrio,Tirano,sì
84/85,Bergamo,Bergamo,Bergamo,sì
84/85,Bergamo,Bergamo,Clusone,sì
84/85,Bergamo,Bergamo,Romano di Lombardia,sì
84/85,Bergamo,Bergamo,Seriate,sì
84/85,Bergamo,Bergamo,Treviglio,sì
84/85,Brescia,Brescia,Brescia,sì
84/85,Brescia,Brescia,Chiari,sì
84/85,Brescia,Brescia,Desenzano del Garda,sì
84/85,Brescia,Brescia,Lumezzane,sì
84/85,Brescia,Brescia,Palazzolo sull'Oglio,sì
84/85,Brescia,Brescia,Salò,sì
84/85,Brescia,Brescia,Val Camonica,no
84/85,Brescia,Brescia,Lago d'Iseo,no
85/86,Milano e comuni limitrofi,Milano,Milano,sì
85/86,Milano e comuni limitrofi,Milano,Assago,sì
85/86,Milano e comuni limitrofi,Milano,Bollate,sì
85/86,Milano e comuni limitrofi,Milano,Bresso,sì
85/86,Milano e comuni limitrofi,Milano,Buccinasco,sì
85/86,Milano e comuni limitrofi,Milano,Cesano Boscone,sì
85/86,Milano e comuni limitrofi,Milano,Cinisello Balsamo,sì
85/86,Milano e comuni limitrofi,Milano,Cologno Monzese,sì
85/86,Milano e comuni limitrofi,Milano,Cormano,sì
85/86,Milano e comuni limitrofi,Milano,Corsico,sì
85/86,Milano e comuni limitrofi,Milano,Cusano Milanino,sì
85/86,Milano e comuni limitrofi,Milano,Novate Milanese,sì
85/86,Milano e comuni limitrofi,Milano,Opera,sì
85/86,Milano e comuni limitrofi,Milano,Pero,sì
85/86,Milano e comuni limitrofi,Milano,Peschiera Borromeo,sì
85/86,Milano e comuni limitrofi,Milano,Rozzano,sì
85/86,Milano e comuni limitrofi,Milano,San Donato Milanese,sì
85/86,Milano e comuni limitrofi,Milano,Segrate,sì
85/86,Milano e comuni limitrofi,Milano,Sesto San Giovanni,sì
85/86,Milano e comuni limitrofi,Milano,Settimo Milanese,sì
85/86,Milano e comuni limitrofi,Milano,Trezzano sul Naviglio,sì
85/86,Milano e comuni limitrofi,Milano,Vimodrone,sì
85/86,Provincia di Milano,Milano,Abbiategrasso,sì
85/86,Provincia di Milano,Milano,Arese,sì
85/86,Provincia di Milano,Milano,Brugherio,sì
85/86,Provincia di Milano,Milano,Carugate,sì
85/86,Provincia di Milano,Milano,Cernusco sul Naviglio,sì
85/86,Provincia di Milano,Milano,Cesano Maderno,sì
85/86,Provincia di Milano,Milano,Corbetta,sì
85/86,Provincia di Milano,Milano,Desio,sì
85/86,Provincia di Milano,Milano,Garbagnate,sì
85/86,Provincia di Milano,Milano,Giussano,sì
85/86,Provincia di Milano,Milano,Lainate,sì
85/86,Provincia di Milano,Milano,Legnano,sì
85/86,Provincia di Milano,Milano,Limbiate,sì
85/86,Provincia di Milano,Milano,Lissone,sì
85/86,Provincia di Milano,Milano,Lodi,sì
85/86,Provincia di Milano,Milano,Magenta,sì
85/86,Provincia di Milano,Milano,Meda,sì
85/86,Provincia di Milano,Milano,Melegnano,sì
85/86,Provincia di Milano,Milano,Melzo,sì
85/86,Provincia di Milano,Milano,Monza,sì
85/86,Provincia di Milano,Milano,Muggiò,sì
85/86,Provincia di Milano,Milano,Nova Milanese,sì
85/86,Provincia di Milano,Milano,Paderno Dugnano,sì
85/86,Provincia di Milano,Milano,Parabiago,sì
85/86,Provincia di Milano,Milano,Pioltello,sì
85/86,Provincia di Milano,Milano,Rho,sì
85/86,Provincia di Milano,Milano,San Giuliano Milanese,sì
85/86,Provincia di Milano,Milano,Seregno,sì
85/86,Provincia di Milano,Milano,Trezzo sull'Adda,sì
85/86,Provincia di Milano,Milano,Turbigo,sì
85/86,Provincia di Milano,Milano,Varedo,sì
85/86,Provincia di Milano,Milano,Vimercate,sì
85/86,Como,Como,Como,sì
85/86,Como,Como,Cantù,sì
85/86,Como,Como,Erba,sì
85/86,Como,Como,Lecco,sì
85/86,Como,Como,Mariano Comense,sì
85/86,Bergamo,Bergamo,Bergamo,sì
85/86,Bergamo,Bergamo,Clusone,sì
85/86,Bergamo,Bergamo,Romano di Lombardia,sì
85/86,Bergamo,Bergamo,Seriate,sì
85/86,Bergamo,Bergamo,Treviglio,sì
85/86,Brescia,Brescia,Brescia,sì
85/86,Brescia,Brescia,Chiari,sì
85/86,Brescia,Brescia,Desenzano del Garda,sì
85/86,Brescia,Brescia,Lumezzane,sì
85/86,Brescia,Brescia,Palazzolo sull'Oglio,sì
85/86,Brescia,Brescia,Salò,sì
85/86,Brescia,Brescia,Val Camonica,no
85/86,Brescia,Brescia,Lago d'Iseo,no
86/87,Milano,Milano,Milano,sì
86/87,Milano,Milano,Assago,sì
86/87,Milano,Milano,Bollate,sì
86/87,Milano,Milano,Bresso,sì
86/87,Milano,Milano,Buccinasco,sì
86/87,Milano,Milano,Cesano Boscone,sì
86/87,Milano,Milano,Cinisello Balsamo,sì
86/87,Milano,Milano,Cologno Monzese,sì
86/87,Milano,Milano,Cormano,sì
86/87,Milano,Milano,Corsico,sì
86/87,Milano,Milano,Cusano Milanino,sì
86/87,Milano,Milano,Novate Milanese,sì
86/87,Milano,Milano,Opera,sì
86/87,Milano,Milano,Pero,sì
86/87,Milano,Milano,Peschiera Borromeo,sì
86/87,Milano,Milano,Rozzano,sì
86/87,Milano,Milano,San Donato Milanese,sì
86/87,Milano,Milano,Segrate,sì
86/87,Milano,Milano,Sesto San Giovanni,sì
86/87,Milano,Milano,Settimo Milanese,sì
86/87,Milano,Milano,Trezzano sul Naviglio,sì
86/87,Milano,Milano,Vimodrone,sì
86/87,Provincia di Milano,Milano,Abbiategrasso,sì
86/87,Provincia di Milano,Milano,Arese,sì
86/87,Provincia di Milano,Milano,Brugherio,sì
86/87,Provincia di Milano,Milano,Carugate,sì
86/87,Provincia di Milano,Milano,Cernusco sul Naviglio,sì
86/87,Provincia di Milano,Milano,Cesano Maderno,sì
86/87,Provincia di Milano,Milano,Corbetta,sì
86/87,Provincia di Milano,Milano,Desio,sì
86/87,Provincia di Milano,Milano,Garbagnate,sì
86/87,Provincia di Milano,Milano,Giussano,sì
86/87,Provincia di Milano,Milano,Lainate,sì
86/87,Provincia di Milano,Milano,Legnano,sì
86/87,Provincia di Milano,Milano,Limbiate,sì
86/87,Provincia di Milano,Milano,Lissone,sì
86/87,Provincia di Milano,Milano,Lodi,sì
86/87,Provincia di Milano,Milano,Magenta,sì
86/87,Provincia di Milano,Milano,Meda,sì
86/87,Provincia di Milano,Milano,Melegnano,sì
86/87,Provincia di Milano,Milano,Melzo,sì
86/87,Provincia di Milano,Milano,Monza,sì
86/87,Provincia di Milano,Milano,Muggiò,sì
86/87,Provincia di Milano,Milano,Nova Milanese,sì
86/87,Provincia di Milano,Milano,Paderno Dugnano,sì
86/87,Provincia di Milano,Milano,Parabiago,sì
86/87,Provincia di Milano,Milano,Pioltello,sì
86/87,Provincia di Milano,Milano,Rho,sì
86/87,Provincia di Milano,Milano,San Giuliano Milanese,sì
86/87,Provincia di Milano,Milano,Seregno,sì
86/87,Provincia di Milano,Milano,Trezzo sull'Adda,sì
86/87,Provincia di Milano,Milano,Turbigo,sì
86/87,Provincia di Milano,Milano,Varedo,sì
86/87,Provincia di Milano,Milano,Vimercate,sì
86/87,Como,Como,Como,sì
86/87,Como,Como,Cantù,sì
86/87,Como,Como,Erba,sì
86/87,Como,Como,Lecco,sì
86/87,Como,Como,Mariano Comense,sì
86/87,Cremona,Cremona,Cremona,sì
86/87,Cremona,Cremona,Casalmaggiore,sì
86/87,Cremona,Cremona,Castelleone,sì
86/87,Cremona,Cremona,Crema,sì
86/87,Cremona,Cremona,Pandino,sì
86/87,Cremona,Cremona,Pizzighettone,sì
86/87,Cremona,Cremona,Soncino,sì
86/87,Cremona,Cremona,Soresina,sì
86/87,Mantova,Mantova,Mantova,sì
86/87,Mantova,Mantova,Castiglione delle Stiviere,sì
86/87,Mantova,Mantova,Suzzara,sì
86/87,Mantova,Mantova,Viadana,sì
86/87,Mantova,Mantova,Ostiglia,no
86/87,Pavia,Pavia,Pavia,sì
86/87,Pavia,Pavia,Broni,sì
86/87,Pavia,Pavia,Garlasco,sì
86/87,Pavia,Pavia,Mortara,sì
86/87,Pavia,Pavia,Stradella,sì
86/87,Pavia,Pavia,Vigevano,sì
86/87,Pavia,Pavia,Voghera,sì
86/87,Pavia,Pavia,Casteggio,no
86/87,Pavia,Pavia,Mede,no
86/87,Pavia,Pavia,Robbio,no
86/87,Sondrio,Sondrio,Sondrio,sì
86/87,Sondrio,Sondrio,Bormio,sì
86/87,Sondrio,Sondrio,Chiavenna,sì
86/87,Sondrio,Sondrio,Morbegno,sì
86/87,Sondrio,Sondrio,Tirano,sì
86/87,Varese,Varese,Varese,sì
86/87,Varese,Varese,Busto Arsizio,sì
86/87,Varese,Varese,Cassano Magnago,sì
86/87,Varese,Varese,Gallarate,sì
86/87,Varese,Varese,Luino,sì
86/87,Varese,Varese,Saronno,sì
86/87,Varese,Varese,Somma Lombardo,sì
86/87,Varese,Varese,Tradate,sì
86/87,Varese,Varese,Laveno Mombello,no
86/87,Bergamo,Bergamo,Bergamo,sì
86/87,Bergamo,Bergamo,Clusone,sì
86/87,Bergamo,Bergamo,Romano di Lombardia,sì
86/87,Bergamo,Bergamo,Seriate,sì
86/87,Bergamo,Bergamo,Treviglio,sì
86/87,Brescia,Brescia,Brescia,sì
86/87,Brescia,Brescia,Chiari,sì
86/87,Brescia,Brescia,Desenzano del Garda,sì
86/87,Brescia,Brescia,Lumezzane,sì
86/87,Brescia,Brescia,Manerbio,sì
86/87,Brescia,Brescia,Montichiari,sì
86/87,Brescia,Brescia,Palazzolo sull'Oglio,sì
86/87,Brescia,Brescia,Salò,sì
86/87,Brescia,Brescia,Val Camonica,no
86/87,Brescia,Brescia,Lago d'Iseo,no
86/87,Brescia,Brescia,Lago di Garda - Valtenesi,no
87/88,Milano,Milano,Milano,sì
87/88,Milano,Milano,Assago,sì
87/88,Milano,Milano,Bollate,sì
87/88,Milano,Milano,Bresso,sì
87/88,Milano,Milano,Buccinasco,sì
87/88,Milano,Milano,Cesano Boscone,sì
87/88,Milano,Milano,Cinisello Balsamo,sì
87/88,Milano,Milano,Cologno Monzese,sì
87/88,Milano,Milano,Cormano,sì
87/88,Milano,Milano,Corsico,sì
87/88,Milano,Milano,Cusano Milanino,sì
87/88,Milano,Milano,Novate Milanese,sì
87/88,Milano,Milano,Opera,sì
87/88,Milano,Milano,Pero,sì
87/88,Milano,Milano,Peschiera Borromeo,sì
87/88,Milano,Milano,Rozzano,sì
87/88,Milano,Milano,San Donato Milanese,sì
87/88,Milano,Milano,Segrate,sì
87/88,Milano,Milano,Sesto San Giovanni,sì
87/88,Milano,Milano,Settimo Milanese,sì
87/88,Milano,Milano,Trezzano sul Naviglio,sì
87/88,Milano,Milano,Vimodrone,sì
87/88,Provincia di Milano,Milano,Abbiategrasso,sì
87/88,Provincia di Milano,Milano,Arese,sì
87/88,Provincia di Milano,Milano,Brugherio,sì
87/88,Provincia di Milano,Milano,Cernusco sul Naviglio,sì
87/88,Provincia di Milano,Milano,Cesano Maderno,sì
87/88,Provincia di Milano,Milano,Desio,sì
87/88,Provincia di Milano,Milano,Garbagnate,sì
87/88,Provincia di Milano,Milano,Giussano,sì
87/88,Provincia di Milano,Milano,Lainate,sì
87/88,Provincia di Milano,Milano,Legnano,sì
87/88,Provincia di Milano,Milano,Limbiate,sì
87/88,Provincia di Milano,Milano,Lissone,sì
87/88,Provincia di Milano,Milano,Lodi,sì
87/88,Provincia di Milano,Milano,Magenta,sì
87/88,Provincia di Milano,Milano,Meda,sì
87/88,Provincia di Milano,Milano,Monza,sì
87/88,Provincia di Milano,Milano,Muggiò,sì
87/88,Provincia di Milano,Milano,Nova Milanese,sì
87/88,Provincia di Milano,Milano,Paderno Dugnano,sì
87/88,Provincia di Milano,Milano,Parabiago,sì
87/88,Provincia di Milano,Milano,Pioltello,sì
87/88,Provincia di Milano,Milano,Rho,sì
87/88,Provincia di Milano,Milano,San Giuliano Milanese,sì
87/88,Provincia di Milano,Milano,Seregno,sì
87/88,Provincia di Milano,Milano,Vimercate,sì
87/88,Provincia di Milano,Milano,Carugate,no
87/88,Varese,Varese,Varese,sì
87/88,Varese,Varese,Busto Arsizio,sì
87/88,Varese,Varese,Cassano Magnago,sì
87/88,Varese,Varese,Gallarate,sì
87/88,Varese,Varese,Luino,sì
87/88,Varese,Varese,Saronno,sì
87/88,Varese,Varese,Somma Lombardo,sì
87/88,Varese,Varese,Tradate,sì
87/88,Varese,Varese,Gavirate,no
87/88,Varese,Varese,Laveno Mombello,no
87/88,Bergamo,Bergamo,Bergamo,sì
87/88,Bergamo,Bergamo,Clusone,sì
87/88,Bergamo,Bergamo,Romano di Lombardia,sì
87/88,Bergamo,Bergamo,Seriate,sì
87/88,Bergamo,Bergamo,Treviglio,sì
87/88,Brescia,Brescia,Brescia,sì
87/88,Brescia,Brescia,Chiari,sì
87/88,Brescia,Brescia,Desenzano del Garda,sì
87/88,Brescia,Brescia,Lumezzane,sì
87/88,Brescia,Brescia,Manerbio,sì
87/88,Brescia,Brescia,Montichiari,sì
87/88,Brescia,Brescia,Palazzolo sull'Oglio,sì
87/88,Brescia,Brescia,Salò,sì
87/88,Brescia,Brescia,Val Camonica,no
87/88,Brescia,Brescia,Lago d'Iseo,no
87/88,Brescia,Brescia,Lago di Garda - Valtenesi,no
88/89,Milano,Milano,Milano,sì
88/89,Milano,Milano,Assago,sì
88/89,Milano,Milano,Bollate,sì
88/89,Milano,Milano,Bresso,sì
88/89,Milano,Milano,Buccinasco,sì
88/89,Milano,Milano,Cesano Boscone,sì
88/89,Milano,Milano,Cinisello Balsamo,sì
88/89,Milano,Milano,Cologno Monzese,sì
88/89,Milano,Milano,Cormano,sì
88/89,Milano,Milano,Corsico,sì
88/89,Milano,Milano,Cusano Milanino,sì
88/89,Milano,Milano,Novate Milanese,sì
88/89,Milano,Milano,Opera,sì
88/89,Milano,Milano,Pero,sì
88/89,Milano,Milano,Peschiera Borromeo,sì
88/89,Milano,Milano,Rozzano,sì
88/89,Milano,Milano,San Donato Milanese,sì
88/89,Milano,Milano,Segrate,sì
88/89,Milano,Milano,Sesto San Giovanni,sì
88/89,Milano,Milano,Settimo Milanese,sì
88/89,Milano,Milano,Trezzano sul Naviglio,sì
88/89,Milano,Milano,Vimodrone,sì
88/89,Provincia di Milano,Milano,Abbiategrasso,sì
88/89,Provincia di Milano,Milano,Arese,sì
88/89,Provincia di Milano,Milano,Brugherio,sì
88/89,Provincia di Milano,Milano,Carugate,sì
88/89,Provincia di Milano,Milano,Cernusco sul Naviglio,sì
88/89,Provincia di Milano,Milano,Cesano Maderno,sì
88/89,Provincia di Milano,Milano,Concorezzo,sì
88/89,Provincia di Milano,Milano,Corbetta,sì
88/89,Provincia di Milano,Milano,Desio,sì
88/89,Provincia di Milano,Milano,Garbagnate,sì
88/89,Provincia di Milano,Milano,Giussano,sì
88/89,Provincia di Milano,Milano,Gorgonzola,sì
88/89,Provincia di Milano,Milano,Lainate,sì
88/89,Provincia di Milano,Milano,Legnano,sì
88/89,Provincia di Milano,Milano,Limbiate,sì
88/89,Provincia di Milano,Milano,Lissone,sì
88/89,Provincia di Milano,Milano,Lodi,sì
88/89,Provincia di Milano,Milano,Magenta,sì
88/89,Provincia di Milano,Milano,Meda,sì
88/89,Provincia di Milano,Milano,Melegnano,sì
88/89,Provincia di Milano,Milano,Melzo,sì
88/89,Provincia di Milano,Milano,Monza,sì
88/89,Provincia di Milano,Milano,Muggiò,sì
88/89,Provincia di Milano,Milano,Nova Milanese,sì
88/89,Provincia di Milano,Milano,Paderno Dugnano,sì
88/89,Provincia di Milano,Milano,Parabiago,sì
88/89,Provincia di Milano,Milano,Pioltello,sì
88/89,Provincia di Milano,Milano,Rho,sì
88/89,Provincia di Milano,Milano,San Giuliano Milanese,sì
88/89,Provincia di Milano,Milano,Seregno,sì
88/89,Provincia di Milano,Milano,Seveso,sì
88/89,Provincia di Milano,Milano,Trezzo sull'Adda,sì
88/89,Provincia di Milano,Milano,Turbigo,sì
88/89,Provincia di Milano,Milano,Varedo,sì
88/89,Provincia di Milano,Milano,Vimercate,sì
88/89,Como,Como,Como,sì
88/89,Como,Como,Cantù,sì
88/89,Como,Como,Erba,sì
88/89,Como,Como,Lecco,sì
88/89,Como,Como,Mariano Comense,sì
88/89,Cremona,Cremona,Cremona,sì
88/89,Cremona,Cremona,Casalmaggiore,sì
88/89,Cremona,Cremona,Castelleone,sì
88/89,Cremona,Cremona,Crema,sì
88/89,Cremona,Cremona,Pandino,sì
88/89,Cremona,Cremona,Pizzighettone,sì
88/89,Cremona,Cremona,Soncino,sì
88/89,Cremona,Cremona,Soresina,sì
88/89,Mantova,Mantova,Mantova,sì
88/89,Mantova,Mantova,Castiglione delle Stiviere,sì
88/89,Mantova,Mantova,Suzzara,sì
88/89,Mantova,Mantova,Viadana,sì
88/89,Mantova,Mantova,Ostiglia,no
88/89,Pavia,Pavia,Pavia,sì
88/89,Pavia,Pavia,Broni,sì
88/89,Pavia,Pavia,Belgioioso,sì
88/89,Pavia,Pavia,Casteggio,sì
88/89,Pavia,Pavia,Garlasco,sì
88/89,Pavia,Pavia,Mede,sì
88/89,Pavia,Pavia,Mortara,sì
88/89,Pavia,Pavia,Robbio,sì
88/89,Pavia,Pavia,Stradella,sì
88/89,Pavia,Pavia,Vigevano,sì
88/89,Pavia,Pavia,Voghera,sì
88/89,Sondrio,Sondrio,Sondrio,sì
88/89,Sondrio,Sondrio,Bormio,sì
88/89,Sondrio,Sondrio,Chiavenna,sì
88/89,Sondrio,Sondrio,Morbegno,sì
88/89,Sondrio,Sondrio,Tirano,sì
88/89,Varese,Varese,Varese,sì
88/89,Varese,Varese,Busto Arsizio,sì
88/89,Varese,Varese,Cassano Magnago,sì
88/89,Varese,Varese,Gallarate,sì
88/89,Varese,Varese,Luino,sì
88/89,Varese,Varese,Saronno,sì
88/89,Varese,Varese,Somma Lombardo,sì
88/89,Varese,Varese,Tradate,sì
88/89,Varese,Varese,Gavirate,no
88/89,Varese,Varese,Laveno Mombello,no
88/89,Bergamo,Bergamo,Bergamo,sì
88/89,Bergamo,Bergamo,Romano di Lombardia,sì
88/89,Bergamo,Bergamo,Seriate,sì
88/89,Bergamo,Bergamo,Treviglio,sì
88/89,Bergamo,Bergamo,Bariano,no
88/89,Brescia,Brescia,Brescia,sì
88/89,Brescia,Brescia,Chiari,sì
88/89,Brescia,Brescia,Desenzano del Garda,sì
88/89,Brescia,Brescia,Lumezzane,sì
88/89,Brescia,Brescia,Manerbio,sì
88/89,Brescia,Brescia,Montichiari,sì
88/89,Brescia,Brescia,Palazzolo sull'Oglio,sì
88/89,Brescia,Brescia,Salò,sì
88/89,Brescia,Brescia,Val Camonica,no
88/89,Brescia,Brescia,Lago d'Iseo,no
88/89,Brescia,Brescia,Lago di Garda - Valtenesi,no
89/90,Milano,Milano,Milano,sì
89/90,Milano,Milano,Assago,sì
89/90,Milano,Milano,Bollate,sì
89/90,Milano,Milano,Bresso,sì
89/90,Milano,Milano,Buccinasco,sì
89/90,Milano,Milano,Cesano Boscone,sì
89/90,Milano,Milano,Cinisello Balsamo,sì
89/90,Milano,Milano,Cologno Monzese,sì
89/90,Milano,Milano,Cormano,sì
89/90,Milano,Milano,Corsico,sì
89/90,Milano,Milano,Cusano Milanino,sì
89/90,Milano,Milano,Novate Milanese,sì
89/90,Milano,Milano,Opera,sì
89/90,Milano,Milano,Pero,sì
89/90,Milano,Milano,Peschiera Borromeo,sì
89/90,Milano,Milano,Rozzano,sì
89/90,Milano,Milano,San Donato Milanese,sì
89/90,Milano,Milano,Segrate,sì
89/90,Milano,Milano,Sesto San Giovanni,sì
89/90,Milano,Milano,Settimo Milanese,sì
89/90,Milano,Milano,Trezzano sul Naviglio,sì
89/90,Milano,Milano,Vimodrone,sì
89/90,Milano,Milano,Basiglio,no
89/90,Provincia di Milano,Milano,Abbiategrasso,sì
89/90,Provincia di Milano,Milano,Arese,sì
89/90,Provincia di Milano,Milano,Brugherio,sì
89/90,Provincia di Milano,Milano,Carugate,sì
89/90,Provincia di Milano,Milano,Cernusco sul Naviglio,sì
89/90,Provincia di Milano,Milano,Cesano Maderno,sì
89/90,Provincia di Milano,Milano,Concorezzo,sì
89/90,Provincia di Milano,Milano,Corbetta,sì
89/90,Provincia di Milano,Milano,Desio,sì
89/90,Provincia di Milano,Milano,Garbagnate,sì
89/90,Provincia di Milano,Milano,Giussano,sì
89/90,Provincia di Milano,Milano,Gorgonzola,sì
89/90,Provincia di Milano,Milano,Lainate,sì
89/90,Provincia di Milano,Milano,Legnano,sì
89/90,Provincia di Milano,Milano,Limbiate,sì
89/90,Provincia di Milano,Milano,Lissone,sì
89/90,Provincia di Milano,Milano,Lodi,sì
89/90,Provincia di Milano,Milano,Magenta,sì
89/90,Provincia di Milano,Milano,Meda,sì
89/90,Provincia di Milano,Milano,Melegnano,sì
89/90,Provincia di Milano,Milano,Melzo,sì
89/90,Provincia di Milano,Milano,Monza,sì
89/90,Provincia di Milano,Milano,Muggiò,sì
89/90,Provincia di Milano,Milano,Nova Milanese,sì
89/90,Provincia di Milano,Milano,Paderno Dugnano,sì
89/90,Provincia di Milano,Milano,Parabiago,sì
89/90,Provincia di Milano,Milano,Pioltello,sì
89/90,Provincia di Milano,Milano,Rho,sì
89/90,Provincia di Milano,Milano,San Giuliano Milanese,sì
89/90,Provincia di Milano,Milano,Senago,sì
89/90,Provincia di Milano,Milano,Seregno,sì
89/90,Provincia di Milano,Milano,Seveso,sì
89/90,Provincia di Milano,Milano,Trezzo sull'Adda,sì
89/90,Provincia di Milano,Milano,Turbigo,sì
89/90,Provincia di Milano,Milano,Varedo,sì
89/90,Provincia di Milano,Milano,Vimercate,sì
89/90,Como,Como,Como,sì
89/90,Como,Como,Cantù,sì
89/90,Como,Como,Canzo,sì
89/90,Como,Como,Erba,sì
89/90,Como,Como,Grandate,sì
89/90,Como,Como,Lecco,sì
89/90,Como,Como,Mariano Comense,sì
89/90,Como,Como,Merate,sì
89/90,Como,Como,Olgiate Comasco,sì
89/90,Como,Como,Valmadrera,sì
89/90,Como,Como,Valsassina-Valvarrone,sì
89/90,Sondrio,Sondrio,Sondrio,sì
89/90,Sondrio,Sondrio,Bormio,sì
89/90,Sondrio,Sondrio,Chiavenna,sì
89/90,Sondrio,Sondrio,Morbegno,sì
89/90,Sondrio,Sondrio,Tirano,sì
89/90,Sondrio,Sondrio,Livigno,no
89/90,Cremona,Cremona,Cremona,sì
89/90,Cremona,Cremona,Casalmaggiore,sì
89/90,Cremona,Cremona,Castelleone,sì
89/90,Cremona,Cremona,Crema,sì
89/90,Cremona,Cremona,Pandino,sì
89/90,Cremona,Cremona,Pizzighettone,sì
89/90,Cremona,Cremona,Soncino,sì
89/90,Cremona,Cremona,Soresina,sì
89/90,Mantova,Mantova,Mantova,sì
89/90,Mantova,Mantova,Castiglione delle Stiviere,sì
89/90,Mantova,Mantova,Suzzara,sì
89/90,Mantova,Mantova,Viadana,sì
89/90,Pavia,Pavia,Pavia,sì
89/90,Pavia,Pavia,Broni,sì
89/90,Pavia,Pavia,Belgioioso,sì
89/90,Pavia,Pavia,Casteggio,sì
89/90,Pavia,Pavia,Garlasco,sì
89/90,Pavia,Pavia,Mede,sì
89/90,Pavia,Pavia,Mortara,sì
89/90,Pavia,Pavia,Robbio,sì
89/90,Pavia,Pavia,Stradella,sì
89/90,Pavia,Pavia,Vigevano,sì
89/90,Pavia,Pavia,Voghera,sì
89/90,Varese,Varese,Varese,sì
89/90,Varese,Varese,Busto Arsizio,sì
89/90,Varese,Varese,Cassano Magnago,sì
89/90,Varese,Varese,Gallarate,sì
89/90,Varese,Varese,Luino,sì
89/90,Varese,Varese,Saronno,sì
89/90,Varese,Varese,Somma Lombardo,sì
89/90,Varese,Varese,Tradate,sì
89/90,Varese,Varese,Gavirate,no
89/90,Varese,Varese,Laveno,no
89/90,Bergamo,Bergamo,Bergamo,sì
89/90,Bergamo,Bergamo,Romano di Lombardia,sì
89/90,Bergamo,Bergamo,Seriate,sì
89/90,Bergamo,Bergamo,Treviglio,sì
89/90,Bergamo,Bergamo,Bariano,no
89/90,Brescia,Brescia,Brescia,sì
89/90,Brescia,Brescia,Chiari,sì
89/90,Brescia,Brescia,Desenzano del Garda,sì
89/90,Brescia,Brescia,Lumezzane,sì
89/90,Brescia,Brescia,Manerbio,sì
89/90,Brescia,Brescia,Montichiari,sì
89/90,Brescia,Brescia,Palazzolo sull'Oglio,sì
89/90,Brescia,Brescia,Salò,sì
89/90,Brescia,Brescia,Val Camonica,no
89/90,Brescia,Brescia,Lago d'Iseo,no
89/90,Brescia,Brescia,Lago di Garda - Valtenesi,no
90/91,Milano e dintorni,Milano,Milano,sì
90/91,Milano e dintorni,Milano,Assago,sì
90/91,Milano e dintorni,Milano,Bresso,sì
90/91,Milano e dintorni,Milano,Bollate,sì
90/91,Milano e dintorni,Milano,Buccinasco,sì
90/91,Milano e dintorni,Milano,Cesano Boscone,sì
90/91,Milano e dintorni,Milano,Cinisello Balsamo,sì
90/91,Milano e dintorni,Milano,Cologno Monzese,sì
90/91,Milano e dintorni,Milano,Cormano,sì
90/91,Milano e dintorni,Milano,Corsico,sì
90/91,Milano e dintorni,Milano,Cusano Milanino,sì
90/91,Milano e dintorni,Milano,Novate Milanese,sì
90/91,Milano e dintorni,Milano,Opera,sì
90/91,Milano e dintorni,Milano,Pero,sì
90/91,Milano e dintorni,Milano,Peschiera Borromeo,sì
90/91,Milano e dintorni,Milano,Rozzano,sì
90/91,Milano e dintorni,Milano,San Donato Milanese,sì
90/91,Milano e dintorni,Milano,Segrate,sì
90/91,Milano e dintorni,Milano,Sesto San Giovanni,sì
90/91,Milano e dintorni,Milano,Settimo Milanese,sì
90/91,Milano e dintorni,Milano,Trezzano sul Naviglio,sì
90/91,Milano e dintorni,Milano,Vimodrone,sì
90/91,Provincia di Milano,Milano,Abbiategrasso,sì
90/91,Provincia di Milano,Milano,Arese,sì
90/91,Provincia di Milano,Milano,Brugherio,sì
90/91,Provincia di Milano,Milano,Carugate,sì
90/91,Provincia di Milano,Milano,Cassina De' Pecchi,sì
90/91,Provincia di Milano,Milano,Cernusco sul Naviglio,sì
90/91,Provincia di Milano,Milano,Cesano Maderno,sì
90/91,Provincia di Milano,Milano,Concorezzo,sì
90/91,Provincia di Milano,Milano,Corbetta,sì
90/91,Provincia di Milano,Milano,Desio,sì
90/91,Provincia di Milano,Milano,Garbagnate,sì
90/91,Provincia di Milano,Milano,Giussano,sì
90/91,Provincia di Milano,Milano,Gorgonzola,sì
90/91,Provincia di Milano,Milano,Inzago,sì
90/91,Provincia di Milano,Milano,Lainate,sì
90/91,Provincia di Milano,Milano,Legnano,sì
90/91,Provincia di Milano,Milano,Limbiate,sì
90/91,Provincia di Milano,Milano,Lissone,sì
90/91,Provincia di Milano,Milano,Lodi,sì
90/91,Provincia di Milano,Milano,Magenta,sì
90/91,Provincia di Milano,Milano,Meda,sì
90/91,Provincia di Milano,Milano,Melegnano,sì
90/91,Provincia di Milano,Milano,Melzo,sì
90/91,Provincia di Milano,Milano,Monza,sì
90/91,Provincia di Milano,Milano,Muggiò,sì
90/91,Provincia di Milano,Milano,Nova Milanese,sì
90/91,Provincia di Milano,Milano,Paderno Dugnano,sì
90/91,Provincia di Milano,Milano,Parabiago,sì
90/91,Provincia di Milano,Milano,Pieve Emanuele,sì
90/91,Provincia di Milano,Milano,Pioltello,sì
90/91,Provincia di Milano,Milano,Rho,sì
90/91,Provincia di Milano,Milano,San Giuliano Milanese,sì
90/91,Provincia di Milano,Milano,Senago,sì
90/91,Provincia di Milano,Milano,Seregno,sì
90/91,Provincia di Milano,Milano,Seveso,sì
90/91,Provincia di Milano,Milano,Trezzo sull'Adda,sì
90/91,Provincia di Milano,Milano,Turbigo,sì
90/91,Provincia di Milano,Milano,Varedo,sì
90/91,Provincia di Milano,Milano,Vimercate,sì
90/91,Como,Como,Como,sì
90/91,Como,Como,Calolziocorte,sì
90/91,Como,Como,Cantù,sì
90/91,Como,Como,Canzo,sì
90/91,Como,Como,Cermenate,sì
90/91,Como,Como,Erba,sì
90/91,Como,Como,Fino Mornasco,sì
90/91,Como,Como,Galbiate,sì
90/91,Como,Como,Grandate,sì
90/91,Como,Como,Lecco,sì
90/91,Como,Como,Mariano Comense,sì
90/91,Como,Como,Merate,sì
90/91,Como,Como,Olgiate Comasco,sì
90/91,Como,Como,Valmadrera,sì
90/91,Sondrio,Sondrio,Sondrio,sì
90/91,Sondrio,Sondrio,Bormio,sì
90/91,Sondrio,Sondrio,Chiavenna,sì
90/91,Sondrio,Sondrio,Livigno,sì
90/91,Sondrio,Sondrio,Morbegno,sì
90/91,Sondrio,Sondrio,Tirano,sì
90/91,Cremona,Cremona,Cremona,sì
90/91,Cremona,Cremona,Casalmaggiore,sì
90/91,Cremona,Cremona,Castelleone,sì
90/91,Cremona,Cremona,Crema,sì
90/91,Cremona,Cremona,Pandino,sì
90/91,Cremona,Cremona,Piadena,sì
90/91,Cremona,Cremona,Pizzighettone,sì
90/91,Cremona,Cremona,Soncino,sì
90/91,Cremona,Cremona,Soresina,sì
90/91,Mantova,Mantova,Mantova,sì
90/91,Mantova,Mantova,Castiglione delle Stiviere,sì
90/91,Mantova,Mantova,Suzzara,sì
90/91,Mantova,Mantova,Viadana,sì
90/91,Pavia,Pavia,Pavia,sì
90/91,Pavia,Pavia,Belgioioso,sì
90/91,Pavia,Pavia,Broni,sì
90/91,Pavia,Pavia,Casteggio,sì
90/91,Pavia,Pavia,Garlasco,sì
90/91,Pavia,Pavia,Mede,sì
90/91,Pavia,Pavia,Mortara,sì
90/91,Pavia,Pavia,Robbio,sì
90/91,Pavia,Pavia,Stradella,sì
90/91,Pavia,Pavia,Vigevano,sì
90/91,Pavia,Pavia,Voghera,sì
90/91,Varese,Varese,Varese,sì
90/91,Varese,Varese,Busto Arsizio,sì
90/91,Varese,Varese,Cassano Magnago,sì
90/91,Varese,Varese,Gallarate,sì
90/91,Varese,Varese,Gavirate,sì
90/91,Varese,Varese,Luino,sì
90/91,Varese,Varese,Saronno,sì
90/91,Varese,Varese,Somma Lombardo,sì
90/91,Varese,Varese,Tradate,sì
90/91,Bergamo,Bergamo,Bergamo,sì
90/91,Bergamo,Bergamo,Albino,sì
90/91,Bergamo,Bergamo,Dalmine,sì
90/91,Bergamo,Bergamo,Gazzaniga,sì
90/91,Bergamo,Bergamo,Romano di Lombardia,sì
90/91,Bergamo,Bergamo,Seriate,sì
90/91,Bergamo,Bergamo,Treviglio,sì
90/91,Brescia,Brescia,Brescia,sì
90/91,Brescia,Brescia,Chiari,sì
90/91,Brescia,Brescia,Desenzano del Garda,sì
90/91,Brescia,Brescia,Lumezzane,sì
90/91,Brescia,Brescia,Manerbio,sì
90/91,Brescia,Brescia,Montichiari,sì
90/91,Brescia,Brescia,Palazzolo sull'Oglio,sì
90/91,Brescia,Brescia,Salò,sì
91/92,Milano e dintorni,Milano,Milano,sì
91/92,Milano e dintorni,Milano,Assago,sì
91/92,Milano e dintorni,Milano,Bollate,sì
91/92,Milano e dintorni,Milano,Bresso,sì
91/92,Milano e dintorni,Milano,Buccinasco,sì
91/92,Milano e dintorni,Milano,Cesano Boscone,sì
91/92,Milano e dintorni,Milano,Cinisello Balsamo,sì
91/92,Milano e dintorni,Milano,Cologno Monzese,sì
91/92,Milano e dintorni,Milano,Cormano,sì
91/92,Milano e dintorni,Milano,Corsico,sì
91/92,Milano e dintorni,Milano,Cusano Milanino,sì
91/92,Milano e dintorni,Milano,Novate Milanese,sì
91/92,Milano e dintorni,Milano,Opera,sì
91/92,Milano e dintorni,Milano,Pero,sì
91/92,Milano e dintorni,Milano,Peschiera Borromeo,sì
91/92,Milano e dintorni,Milano,Rozzano,sì
91/92,Milano e dintorni,Milano,San Donato Milanese,sì
91/92,Milano e dintorni,Milano,Segrate,sì
91/92,Milano e dintorni,Milano,Sesto San Giovanni,sì
91/92,Milano e dintorni,Milano,Settimo Milanese,sì
91/92,Milano e dintorni,Milano,Trezzano sul Naviglio,sì
91/92,Milano e dintorni,Milano,Vimodrone,sì
91/92,Provincia di Milano,Milano,Abbiategrasso,sì
91/92,Provincia di Milano,Milano,Arese,sì
91/92,Provincia di Milano,Milano,Barlassina,sì
91/92,Provincia di Milano,Milano,Brugherio,sì
91/92,Provincia di Milano,Milano,Carate Brianza,sì
91/92,Provincia di Milano,Milano,Carugate,sì
91/92,Provincia di Milano,Milano,Cassina De' Pecchi,sì
91/92,Provincia di Milano,Milano,Cernusco sul Naviglio,sì
91/92,Provincia di Milano,Milano,Cesano Maderno,sì
91/92,Provincia di Milano,Milano,Codogno,sì
91/92,Provincia di Milano,Milano,Concorezzo,sì
91/92,Provincia di Milano,Milano,Corbetta,sì
91/92,Provincia di Milano,Milano,Desio,sì
91/92,Provincia di Milano,Milano,Garbagnate,sì
91/92,Provincia di Milano,Milano,Giussano,sì
91/92,Provincia di Milano,Milano,Gorgonzola,sì
91/92,Provincia di Milano,Milano,Inzago,sì
91/92,Provincia di Milano,Milano,Lainate,sì
91/92,Provincia di Milano,Milano,Legnano,sì
91/92,Provincia di Milano,Milano,Limbiate,sì
91/92,Provincia di Milano,Milano,Lissone,sì
91/92,Provincia di Milano,Milano,Lodi,sì
91/92,Provincia di Milano,Milano,Magenta,sì
91/92,Provincia di Milano,Milano,Meda,sì
91/92,Provincia di Milano,Milano,Melegnano,sì
91/92,Provincia di Milano,Milano,Melzo,sì
91/92,Provincia di Milano,Milano,Monza,sì
91/92,Provincia di Milano,Milano,Muggiò,sì
91/92,Provincia di Milano,Milano,Nova Milanese,sì
91/92,Provincia di Milano,Milano,Paderno Dugnano,sì
91/92,Provincia di Milano,Milano,Parabiago,sì
91/92,Provincia di Milano,Milano,Pieve Emanuele,sì
91/92,Provincia di Milano,Milano,Pioltello,sì
91/92,Provincia di Milano,Milano,Rho,sì
91/92,Provincia di Milano,Milano,San Giuliano Milanese,sì
91/92,Provincia di Milano,Milano,Senago,sì
91/92,Provincia di Milano,Milano,Seregno,sì
91/92,Provincia di Milano,Milano,Seveso,sì
91/92,Provincia di Milano,Milano,Trezzo sull'Adda,sì
91/92,Provincia di Milano,Milano,Turbigo,sì
91/92,Provincia di Milano,Milano,Varedo,sì
91/92,Provincia di Milano,Milano,Vimercate,sì
91/92,Cremona,Cremona,Cremona,sì
91/92,Cremona,Cremona,Casalmaggiore,sì
91/92,Cremona,Cremona,Castelleone,sì
91/92,Cremona,Cremona,Crema,sì
91/92,Cremona,Cremona,Pandino,sì
91/92,Cremona,Cremona,Piadena,sì
91/92,Cremona,Cremona,Soncino,sì
91/92,Cremona,Cremona,Soresina,sì
91/92,Pavia,Pavia,Pavia,sì
91/92,Pavia,Pavia,Belgioioso,sì
91/92,Pavia,Pavia,Broni,sì
91/92,Pavia,Pavia,Casteggio,sì
91/92,Pavia,Pavia,Garlasco,sì
91/92,Pavia,Pavia,Mede,sì
91/92,Pavia,Pavia,Mortara,sì
91/92,Pavia,Pavia,Robbio,sì
91/92,Pavia,Pavia,Stradella,sì
91/92,Pavia,Pavia,Vigevano,sì
91/92,Pavia,Pavia,Voghera,sì
91/92,Varese,Varese,Varese,sì
91/92,Varese,Varese,Busto Arsizio,sì
91/92,Varese,Varese,Cassano Magnago,sì
91/92,Varese,Varese,Gallarate,sì
91/92,Varese,Varese,Gavirate,sì
91/92,Varese,Varese,Luino,sì
91/92,Varese,Varese,Saronno,sì
91/92,Varese,Varese,Somma Lombardo,sì
91/92,Varese,Varese,Tradate,sì
91/92,Bergamo,Bergamo,Bergamo,sì
91/92,Bergamo,Bergamo,Albino,sì
91/92,Bergamo,Bergamo,Caravaggio,sì
91/92,Bergamo,Bergamo,Dalmine,sì
91/92,Bergamo,Bergamo,Gazzaniga,sì
91/92,Bergamo,Bergamo,Romano di Lombardia,sì
91/92,Bergamo,Bergamo,Seriate,sì
91/92,Bergamo,Bergamo,Treviglio,sì
91/92,Brescia,Brescia,Brescia,sì
91/92,Brescia,Brescia,Chiari,sì
91/92,Brescia,Brescia,Desenzano del Garda,sì
91/92,Brescia,Brescia,Lumezzane,sì
91/92,Brescia,Brescia,Manerbio,sì
91/92,Brescia,Brescia,Montichiari,sì
91/92,Brescia,Brescia,Palazzolo sull'Oglio,sì
91/92,Brescia,Brescia,Salò,sì
92/93,Milano e dintorni,Milano,Milano,sì
92/93,Milano e dintorni,Milano,Assago,sì
92/93,Milano e dintorni,Milano,Bollate,sì
92/93,Milano e dintorni,Milano,Bresso,sì
92/93,Milano e dintorni,Milano,Buccinasco,sì
92/93,Milano e dintorni,Milano,Cesano Boscone,sì
92/93,Milano e dintorni,Milano,Cinisello Balsamo,sì
92/93,Milano e dintorni,Milano,Cologno Monzese,sì
92/93,Milano e dintorni,Milano,Cormano,sì
92/93,Milano e dintorni,Milano,Corsico,sì
92/93,Milano e dintorni,Milano,Cusano Milanino,sì
92/93,Milano e dintorni,Milano,Novate Milanese,sì
92/93,Milano e dintorni,Milano,Opera,sì
92/93,Milano e dintorni,Milano,Pero,sì
92/93,Milano e dintorni,Milano,Peschiera Borromeo,sì
92/93,Milano e dintorni,Milano,Rozzano,sì
92/93,Milano e dintorni,Milano,San Donato Milanese,sì
92/93,Milano e dintorni,Milano,Segrate,sì
92/93,Milano e dintorni,Milano,Sesto San Giovanni,sì
92/93,Milano e dintorni,Milano,Settimo Milanese,sì
92/93,Milano e dintorni,Milano,Trezzano sul Naviglio,sì
92/93,Milano e dintorni,Milano,Vimodrone,sì
92/93,Provincia di Milano,Milano,Abbiategrasso,sì
92/93,Provincia di Milano,Milano,Agrate Brianza,sì
92/93,Provincia di Milano,Milano,Arcore,sì
92/93,Provincia di Milano,Milano,Arese,sì
92/93,Provincia di Milano,Milano,Bareggio,sì
92/93,Provincia di Milano,Milano,Barlassina,sì
92/93,Provincia di Milano,Milano,Brugherio,sì
92/93,Provincia di Milano,Milano,Carate Brianza,sì
92/93,Provincia di Milano,Milano,Carugate,sì
92/93,Provincia di Milano,Milano,Casalpusterlengo,sì
92/93,Provincia di Milano,Milano,Cassina De' Pecchi,sì
92/93,Provincia di Milano,Milano,Cernusco sul Naviglio,sì
92/93,Provincia di Milano,Milano,Cesano Maderno,sì
92/93,Provincia di Milano,Milano,Codogno,sì
92/93,Provincia di Milano,Milano,Concorezzo,sì
92/93,Provincia di Milano,Milano,Corbetta,sì
92/93,Provincia di Milano,Milano,Cornaredo,sì
92/93,Provincia di Milano,Milano,Cusago,sì
92/93,Provincia di Milano,Milano,Desio,sì
92/93,Provincia di Milano,Milano,Garbagnate,sì
92/93,Provincia di Milano,Milano,Giussano,sì
92/93,Provincia di Milano,Milano,Gorgonzola,sì
92/93,Provincia di Milano,Milano,Inzago,sì
92/93,Provincia di Milano,Milano,Lainate,sì
92/93,Provincia di Milano,Milano,Legnano,sì
92/93,Provincia di Milano,Milano,Limbiate,sì
92/93,Provincia di Milano,Milano,Lissone,sì
92/93,Provincia di Milano,Milano,Lodi,sì
92/93,Provincia di Milano,Milano,Magenta,sì
92/93,Provincia di Milano,Milano,Meda,sì
92/93,Provincia di Milano,Milano,Melegnano,sì
92/93,Provincia di Milano,Milano,Melzo,sì
92/93,Provincia di Milano,Milano,Monza,sì
92/93,Provincia di Milano,Milano,Muggiò,sì
92/93,Provincia di Milano,Milano,Nova Milanese,sì
92/93,Provincia di Milano,Milano,Paderno Dugnano,sì
92/93,Provincia di Milano,Milano,Parabiago,sì
92/93,Provincia di Milano,Milano,Pieve Emanuele,sì
92/93,Provincia di Milano,Milano,Pioltello,sì
92/93,Provincia di Milano,Milano,Rho,sì
92/93,Provincia di Milano,Milano,San Giuliano Milanese,sì
92/93,Provincia di Milano,Milano,Senago,sì
92/93,Provincia di Milano,Milano,Seregno,sì
92/93,Provincia di Milano,Milano,Seveso,sì
92/93,Provincia di Milano,Milano,Trezzo sull'Adda,sì
92/93,Provincia di Milano,Milano,Turbigo,sì
92/93,Provincia di Milano,Milano,Varedo,sì
92/93,Provincia di Milano,Milano,Villasanta,sì
92/93,Provincia di Milano,Milano,Vimercate,sì
92/93,Como,Como,Como,sì
92/93,Como,Como,Cabiate,sì
92/93,Como,Como,Calolziocorte,sì
92/93,Como,Como,Cantù,sì
92/93,Como,Como,Erba,sì
92/93,Como,Como,Fino Mornasco,sì
92/93,Como,Como,Grandate,sì
92/93,Como,Como,Lecco,sì
92/93,Como,Como,Mariano Comense,sì
92/93,Como,Como,Merate,sì
92/93,Como,Como,Oggiono,sì
92/93,Como,Como,Olgiate Comasco,sì
92/93,Como,Como,Valmadrera,sì
92/93,Sondrio,Sondrio,Sondrio,sì
92/93,Sondrio,Sondrio,Bormio,sì
92/93,Sondrio,Sondrio,Chiavenna,sì
92/93,Sondrio,Sondrio,Livigno,sì
92/93,Sondrio,Sondrio,Morbegno,sì
92/93,Sondrio,Sondrio,Tirano,sì
92/93,Cremona,Cremona,Cremona,sì
92/93,Cremona,Cremona,Casalmaggiore,sì
92/93,Cremona,Cremona,Castelleone,sì
92/93,Cremona,Cremona,Crema,sì
92/93,Cremona,Cremona,Pandino,sì
92/93,Cremona,Cremona,Piadena,sì
92/93,Cremona,Cremona,Soncino,sì
92/93,Cremona,Cremona,Soresina,sì
92/93,Mantova,Mantova,Mantova,sì
92/93,Mantova,Mantova,Castelgoffredo,sì
92/93,Mantova,Mantova,Castiglione delle Stiviere,sì
92/93,Mantova,Mantova,Suzzara,sì
92/93,Mantova,Mantova,Viadana,sì
92/93,Pavia,Pavia,Pavia,sì
92/93,Pavia,Pavia,Belgioioso,sì
92/93,Pavia,Pavia,Broni,sì
92/93,Pavia,Pavia,Casteggio,sì
92/93,Pavia,Pavia,Garlasco,sì
92/93,Pavia,Pavia,Mede,sì
92/93,Pavia,Pavia,Mortara,sì
92/93,Pavia,Pavia,Robbio,sì
92/93,Pavia,Pavia,Stradella,sì
92/93,Pavia,Pavia,Vigevano,sì
92/93,Pavia,Pavia,Voghera,sì
92/93,Varese,Varese,Varese,sì
92/93,Varese,Varese,Busto Arsizio,sì
92/93,Varese,Varese,Cassano Magnago,sì
92/93,Varese,Varese,Gallarate,sì
92/93,Varese,Varese,Gavirate,sì
92/93,Varese,Varese,Luino,sì
92/93,Varese,Varese,Saronno,sì
92/93,Varese,Varese,Somma Lombardo,sì
92/93,Varese,Varese,Tradate,sì
92/93,Bergamo,Bergamo,Bergamo,sì
92/93,Bergamo,Bergamo,Albino,sì
92/93,Bergamo,Bergamo,Caravaggio,sì
92/93,Bergamo,Bergamo,Clusone,sì
92/93,Bergamo,Bergamo,Dalmine,sì
92/93,Bergamo,Bergamo,Gazzaniga,sì
92/93,Bergamo,Bergamo,Ponte San Pietro,sì
92/93,Bergamo,Bergamo,Romano di Lombardia,sì
92/93,Bergamo,Bergamo,Seriate,sì
92/93,Bergamo,Bergamo,Treviglio,sì
92/93,Brescia,Brescia,Brescia,sì
92/93,Brescia,Brescia,Botticino,sì
92/93,Brescia,Brescia,Chiari,sì
92/93,Brescia,Brescia,Desenzano del Garda,sì
92/93,Brescia,Brescia,Lumezzane,sì
92/93,Brescia,Brescia,Manerbio,sì
92/93,Brescia,Brescia,Montichiari,sì
92/93,Brescia,Brescia,Palazzolo sull'Oglio,sì
92/93,Brescia,Brescia,Salò,sì
93/94,Milano e dintorni,Milano,Milano,sì
93/94,Milano e dintorni,Milano,Assago,sì
93/94,Milano e dintorni,Milano,Bollate,sì
93/94,Milano e dintorni,Milano,Bresso,sì
93/94,Milano e dintorni,Milano,Buccinasco,sì
93/94,Milano e dintorni,Milano,Cesano Boscone,sì
93/94,Milano e dintorni,Milano,Cinisello Balsamo,sì
93/94,Milano e dintorni,Milano,Cologno Monzese,sì
93/94,Milano e dintorni,Milano,Cormano,sì
93/94,Milano e dintorni,Milano,Corsico,sì
93/94,Milano e dintorni,Milano,Cusano Milanino,sì
93/94,Milano e dintorni,Milano,Novate Milanese,sì
93/94,Milano e dintorni,Milano,Opera,sì
93/94,Milano e dintorni,Milano,Pero,sì
93/94,Milano e dintorni,Milano,Peschiera Borromeo,sì
93/94,Milano e dintorni,Milano,Rozzano,sì
93/94,Milano e dintorni,Milano,San Donato Milanese,sì
93/94,Milano e dintorni,Milano,Segrate,sì
93/94,Milano e dintorni,Milano,Sesto San Giovanni,sì
93/94,Milano e dintorni,Milano,Settimo Milanese,sì
93/94,Milano e dintorni,Milano,Trezzano sul Naviglio,sì
93/94,Milano e dintorni,Milano,Vimodrone,sì
93/94,Provincia di Milano,Milano,Abbiategrasso,sì
93/94,Provincia di Milano,Milano,Agrate Brianza,sì
93/94,Provincia di Milano,Milano,Arcore,sì
93/94,Provincia di Milano,Milano,Arese,sì
93/94,Provincia di Milano,Milano,Bareggio,sì
93/94,Provincia di Milano,Milano,Barlassina,sì
93/94,Provincia di Milano,Milano,Brugherio,sì
93/94,Provincia di Milano,Milano,Carate Brianza,sì
93/94,Provincia di Milano,Milano,Carugate,sì
93/94,Provincia di Milano,Milano,Casalpusterlengo,sì
93/94,Provincia di Milano,Milano,Cassina De' Pecchi,sì
93/94,Provincia di Milano,Milano,Cernusco sul Naviglio,sì
93/94,Provincia di Milano,Milano,Cesano Maderno,sì
93/94,Provincia di Milano,Milano,Codogno,sì
93/94,Provincia di Milano,Milano,Concorezzo,sì
93/94,Provincia di Milano,Milano,Corbetta,sì
93/94,Provincia di Milano,Milano,Cornaredo,sì
93/94,Provincia di Milano,Milano,Cusago,sì
93/94,Provincia di Milano,Milano,Desio,sì
93/94,Provincia di Milano,Milano,Garbagnate,sì
93/94,Provincia di Milano,Milano,Giussano,sì
93/94,Provincia di Milano,Milano,Gorgonzola,sì
93/94,Provincia di Milano,Milano,Inzago,sì
93/94,Provincia di Milano,Milano,Lainate,sì
93/94,Provincia di Milano,Milano,Legnano,sì
93/94,Provincia di Milano,Milano,Limbiate,sì
93/94,Provincia di Milano,Milano,Lissone,sì
93/94,Provincia di Milano,Milano,Lodi,sì
93/94,Provincia di Milano,Milano,Magenta,sì
93/94,Provincia di Milano,Milano,Meda,sì
93/94,Provincia di Milano,Milano,Melegnano,sì
93/94,Provincia di Milano,Milano,Melzo,sì
93/94,Provincia di Milano,Milano,Monza,sì
93/94,Provincia di Milano,Milano,Muggiò,sì
93/94,Provincia di Milano,Milano,Nova Milanese,sì
93/94,Provincia di Milano,Milano,Paderno Dugnano,sì
93/94,Provincia di Milano,Milano,Parabiago,sì
93/94,Provincia di Milano,Milano,Pieve Emanuele,sì
93/94,Provincia di Milano,Milano,Pioltello,sì
93/94,Provincia di Milano,Milano,Rho,sì
93/94,Provincia di Milano,Milano,Sant'Angelo Lodigiano,sì
93/94,Provincia di Milano,Milano,San Giuliano Milanese,sì
93/94,Provincia di Milano,Milano,Senago,sì
93/94,Provincia di Milano,Milano,Seregno,sì
93/94,Provincia di Milano,Milano,Seveso,sì
93/94,Provincia di Milano,Milano,Trezzo sull'Adda,sì
93/94,Provincia di Milano,Milano,Turbigo,sì
93/94,Provincia di Milano,Milano,Varedo,sì
93/94,Provincia di Milano,Milano,Villasanta,sì
93/94,Provincia di Milano,Milano,Vimercate,sì
93/94,Como,Como,Como,sì
93/94,Como,Como,Cabiate,sì
93/94,Como,Como,Calolziocorte,sì
93/94,Como,Como,Cantù,sì
93/94,Como,Como,Erba,sì
93/94,Como,Como,Fino Mornasco,sì
93/94,Como,Como,Galbiate,sì
93/94,Como,Como,Grandate,sì
93/94,Como,Como,Lecco,sì
93/94,Como,Como,Mariano Comense,sì
93/94,Como,Como,Menaggio,sì
93/94,Como,Como,Merate,sì
93/94,Como,Como,Oggiono,sì
93/94,Como,Como,Olgiate Comasco,sì
93/94,Como,Como,Valmadrera,sì
93/94,Sondrio,Sondrio,Sondrio,sì
93/94,Sondrio,Sondrio,Bormio,sì
93/94,Sondrio,Sondrio,Chiavenna,sì
93/94,Sondrio,Sondrio,Livigno,sì
93/94,Sondrio,Sondrio,Morbegno,sì
93/94,Sondrio,Sondrio,Tirano,sì
93/94,Cremona,Cremona,Cremona,sì
93/94,Cremona,Cremona,Casalmaggiore,sì
93/94,Cremona,Cremona,Castelleone,sì
93/94,Cremona,Cremona,Crema,sì
93/94,Cremona,Cremona,Pandino,sì
93/94,Cremona,Cremona,Piadena,sì
93/94,Cremona,Cremona,Soncino,sì
93/94,Cremona,Cremona,Soresina,sì
93/94,Varese,Varese,Varese,sì
93/94,Varese,Varese,Busto Arsizio,sì
93/94,Varese,Varese,Cassano Magnago,sì
93/94,Varese,Varese,Gallarate,sì
93/94,Varese,Varese,Gavirate,sì
93/94,Varese,Varese,Luino,sì
93/94,Varese,Varese,Saronno,sì
93/94,Varese,Varese,Sesto Calende,sì
93/94,Varese,Varese,Somma Lombardo,sì
93/94,Varese,Varese,Tradate,sì
93/94,Bergamo,Bergamo,Bergamo,sì
93/94,Bergamo,Bergamo,Albino,sì
93/94,Bergamo,Bergamo,Caravaggio,sì
93/94,Bergamo,Bergamo,Clusone,sì
93/94,Bergamo,Bergamo,Dalmine,sì
93/94,Bergamo,Bergamo,Gazzaniga,sì
93/94,Bergamo,Bergamo,Ponte San Pietro,sì
93/94,Bergamo,Bergamo,Romano di Lombardia,sì
93/94,Bergamo,Bergamo,Seriate,sì
93/94,Bergamo,Bergamo,Treviglio,sì
93/94,Bergamo,Bergamo,Verdello,sì
93/94,Brescia,Brescia,Brescia,sì
93/94,Brescia,Brescia,Botticino,sì
93/94,Brescia,Brescia,Chiari,sì
93/94,Brescia,Brescia,Desenzano del Garda,sì
93/94,Brescia,Brescia,Lumezzane,sì
93/94,Brescia,Brescia,Manerbio,sì
93/94,Brescia,Brescia,Montichiari,sì
93/94,Brescia,Brescia,Palazzolo sull'Oglio,sì
93/94,Brescia,Brescia,Salò,sì
94/95,Milano e dintorni,Milano,Milano,sì
94/95,Milano e dintorni,Milano,Assago,sì
94/95,Milano e dintorni,Milano,Bollate,sì
94/95,Milano e dintorni,Milano,Bresso,sì
94/95,Milano e dintorni,Milano,Buccinasco,sì
94/95,Milano e dintorni,Milano,Cesano Boscone,sì
94/95,Milano e dintorni,Milano,Cinisello Balsamo,sì
94/95,Milano e dintorni,Milano,Cologno Monzese,sì
94/95,Milano e dintorni,Milano,Cormano,sì
94/95,Milano e dintorni,Milano,Corsico,sì
94/95,Milano e dintorni,Milano,Cusano Milanino,sì
94/95,Milano e dintorni,Milano,Novate Milanese,sì
94/95,Milano e dintorni,Milano,Opera,sì
94/95,Milano e dintorni,Milano,Pero,sì
94/95,Milano e dintorni,Milano,Peschiera Borromeo,sì
94/95,Milano e dintorni,Milano,Rozzano,sì
94/95,Milano e dintorni,Milano,San Donato Milanese,sì
94/95,Milano e dintorni,Milano,Segrate,sì
94/95,Milano e dintorni,Milano,Sesto San Giovanni,sì
94/95,Milano e dintorni,Milano,Settimo Milanese,sì
94/95,Milano e dintorni,Milano,Trezzano sul Naviglio,sì
94/95,Milano e dintorni,Milano,Vimodrone,sì
94/95,Provincia di Milano,Milano,Abbiategrasso,sì
94/95,Provincia di Milano,Milano,Agrate Brianza,sì
94/95,Provincia di Milano,Milano,Arcore,sì
94/95,Provincia di Milano,Milano,Arese,sì
94/95,Provincia di Milano,Milano,Bareggio,sì
94/95,Provincia di Milano,Milano,Barlassina,sì
94/95,Provincia di Milano,Milano,Binasco,sì
94/95,Provincia di Milano,Milano,Bovisio Masciago,sì
94/95,Provincia di Milano,Milano,Brugherio,sì
94/95,Provincia di Milano,Milano,Carate Brianza,sì
94/95,Provincia di Milano,Milano,Carugate,sì
94/95,Provincia di Milano,Milano,Casalpusterlengo,sì
94/95,Provincia di Milano,Milano,Cassina De' Pecchi,sì
94/95,Provincia di Milano,Milano,Cernusco sul Naviglio,sì
94/95,Provincia di Milano,Milano,Cesano Maderno,sì
94/95,Provincia di Milano,Milano,Codogno,sì
94/95,Provincia di Milano,Milano,Concorezzo,sì
94/95,Provincia di Milano,Milano,Corbetta,sì
94/95,Provincia di Milano,Milano,Cornaredo,sì
94/95,Provincia di Milano,Milano,Cusago,sì
94/95,Provincia di Milano,Milano,Desio,sì
94/95,Provincia di Milano,Milano,Garbagnate,sì
94/95,Provincia di Milano,Milano,Giussano,sì
94/95,Provincia di Milano,Milano,Gorgonzola,sì
94/95,Provincia di Milano,Milano,Inzago,sì
94/95,Provincia di Milano,Milano,Lainate,sì
94/95,Provincia di Milano,Milano,Legnano,sì
94/95,Provincia di Milano,Milano,Lentate sul Seveso,sì
94/95,Provincia di Milano,Milano,Limbiate,sì
94/95,Provincia di Milano,Milano,Lissone,sì
94/95,Provincia di Milano,Milano,Lodi,sì
94/95,Provincia di Milano,Milano,Magenta,sì
94/95,Provincia di Milano,Milano,Meda,sì
94/95,Provincia di Milano,Milano,Melegnano,sì
94/95,Provincia di Milano,Milano,Melzo,sì
94/95,Provincia di Milano,Milano,Monza,sì
94/95,Provincia di Milano,Milano,Muggiò,sì
94/95,Provincia di Milano,Milano,Nerviano,sì
94/95,Provincia di Milano,Milano,Nova Milanese,sì
94/95,Provincia di Milano,Milano,Paderno Dugnano,sì
94/95,Provincia di Milano,Milano,Parabiago,sì
94/95,Provincia di Milano,Milano,Paullo,sì
94/95,Provincia di Milano,Milano,Pieve Emanuele,sì
94/95,Provincia di Milano,Milano,Pioltello,sì
94/95,Provincia di Milano,Milano,Rho,sì
94/95,Provincia di Milano,Milano,Sant'Angelo Lodigiano,sì
94/95,Provincia di Milano,Milano,San Giuliano Milanese,sì
94/95,Provincia di Milano,Milano,Senago,sì
94/95,Provincia di Milano,Milano,Seregno,sì
94/95,Provincia di Milano,Milano,Seveso,sì
94/95,Provincia di Milano,Milano,Trezzo sull'Adda,sì
94/95,Provincia di Milano,Milano,Turbigo,sì
94/95,Provincia di Milano,Milano,Varedo,sì
94/95,Provincia di Milano,Milano,Villasanta,sì
94/95,Provincia di Milano,Milano,Vimercate,sì
94/95,Sondrio,Sondrio,Sondrio,sì
94/95,Sondrio,Sondrio,Bormio,sì
94/95,Sondrio,Sondrio,Chiavenna,sì
94/95,Sondrio,Sondrio,Livigno,sì
94/95,Sondrio,Sondrio,Morbegno,sì
94/95,Sondrio,Sondrio,Tirano,sì
94/95,Varese,Varese,Varese,sì
94/95,Varese,Varese,Angera,sì
94/95,Varese,Varese,Busto Arsizio,sì
94/95,Varese,Varese,Cassano Magnago,sì
94/95,Varese,Varese,Gallarate,sì
94/95,Varese,Varese,Gavirate,sì
94/95,Varese,Varese,Luino,sì
94/95,Varese,Varese,Saronno,sì
94/95,Varese,Varese,Sesto Calende,sì
94/95,Varese,Varese,Somma Lombardo,sì
94/95,Varese,Varese,Tradate,sì
94/95,Mantova,Mantova,Mantova,sì
94/95,Mantova,Mantova,Castelgoffredo,sì
94/95,Mantova,Mantova,Castiglione delle Stiviere,sì
94/95,Mantova,Mantova,Suzzara,sì
94/95,Mantova,Mantova,Viadana,sì
95/96,Milano e dintorni,Milano,Milano,sì
95/96,Milano e dintorni,Milano,Assago,sì
95/96,Milano e dintorni,Milano,Bollate,sì
95/96,Milano e dintorni,Milano,Bresso,sì
95/96,Milano e dintorni,Milano,Buccinasco,sì
95/96,Milano e dintorni,Milano,Cesano Boscone,sì
95/96,Milano e dintorni,Milano,Cinisello Balsamo,sì
95/96,Milano e dintorni,Milano,Cologno Monzese,sì
95/96,Milano e dintorni,Milano,Cormano,sì
95/96,Milano e dintorni,Milano,Corsico,sì
95/96,Milano e dintorni,Milano,Cusano Milanino,sì
95/96,Milano e dintorni,Milano,Novate Milanese,sì
95/96,Milano e dintorni,Milano,Opera,sì
95/96,Milano e dintorni,Milano,Pero,sì
95/96,Milano e dintorni,Milano,Peschiera Borromeo,sì
95/96,Milano e dintorni,Milano,Rozzano,sì
95/96,Milano e dintorni,Milano,San Donato Milanese,sì
95/96,Milano e dintorni,Milano,Segrate,sì
95/96,Milano e dintorni,Milano,Sesto San Giovanni,sì
95/96,Milano e dintorni,Milano,Settimo Milanese,sì
95/96,Milano e dintorni,Milano,Trezzano sul Naviglio,sì
95/96,Milano e dintorni,Milano,Vimodrone,sì
95/96,Provincia di Milano,Milano,Abbiategrasso,sì
95/96,Provincia di Milano,Milano,Agrate Brianza,sì
95/96,Provincia di Milano,Milano,Arcore,sì
95/96,Provincia di Milano,Milano,Arese,sì
95/96,Provincia di Milano,Milano,Bareggio,sì
95/96,Provincia di Milano,Milano,Barlassina,sì
95/96,Provincia di Milano,Milano,Binasco,sì
95/96,Provincia di Milano,Milano,Bovisio Masciago,sì
95/96,Provincia di Milano,Milano,Brugherio,sì
95/96,Provincia di Milano,Milano,Carate Brianza,sì
95/96,Provincia di Milano,Milano,Carugate,sì
95/96,Provincia di Milano,Milano,Casalpusterlengo,sì
95/96,Provincia di Milano,Milano,Cassina De' Pecchi,sì
95/96,Provincia di Milano,Milano,Castano Primo,sì
95/96,Provincia di Milano,Milano,Cernusco sul Naviglio,sì
95/96,Provincia di Milano,Milano,Cesano Maderno,sì
95/96,Provincia di Milano,Milano,Codogno,sì
95/96,Provincia di Milano,Milano,Concorezzo,sì
95/96,Provincia di Milano,Milano,Corbetta,sì
95/96,Provincia di Milano,Milano,Cornaredo,sì
95/96,Provincia di Milano,Milano,Cusago,sì
95/96,Provincia di Milano,Milano,Desio,sì
95/96,Provincia di Milano,Milano,Garbagnate,sì
95/96,Provincia di Milano,Milano,Giussano,sì
95/96,Provincia di Milano,Milano,Gorgonzola,sì
95/96,Provincia di Milano,Milano,Inzago,sì
95/96,Provincia di Milano,Milano,Lainate,sì
95/96,Provincia di Milano,Milano,Legnano,sì
95/96,Provincia di Milano,Milano,Lentate sul Seveso,sì
95/96,Provincia di Milano,Milano,Limbiate,sì
95/96,Provincia di Milano,Milano,Lissone,sì
95/96,Provincia di Milano,Milano,Lodi,sì
95/96,Provincia di Milano,Milano,Magenta,sì
95/96,Provincia di Milano,Milano,Meda,sì
95/96,Provincia di Milano,Milano,Melegnano,sì
95/96,Provincia di Milano,Milano,Melzo,sì
95/96,Provincia di Milano,Milano,Monza,sì
95/96,Provincia di Milano,Milano,Muggiò,sì
95/96,Provincia di Milano,Milano,Nerviano,sì
95/96,Provincia di Milano,Milano,Nova Milanese,sì
95/96,Provincia di Milano,Milano,Paderno Dugnano,sì
95/96,Provincia di Milano,Milano,Parabiago,sì
95/96,Provincia di Milano,Milano,Paullo,sì
95/96,Provincia di Milano,Milano,Pieve Emanuele,sì
95/96,Provincia di Milano,Milano,Pioltello,sì
95/96,Provincia di Milano,Milano,Rho,sì
95/96,Provincia di Milano,Milano,Sant'Angelo Lodigiano,sì
95/96,Provincia di Milano,Milano,San Giuliano Milanese,sì
95/96,Provincia di Milano,Milano,Senago,sì
95/96,Provincia di Milano,Milano,Seregno,sì
95/96,Provincia di Milano,Milano,Seveso,sì
95/96,Provincia di Milano,Milano,Trezzo sull'Adda,sì
95/96,Provincia di Milano,Milano,Turbigo,sì
95/96,Provincia di Milano,Milano,Varedo,sì
95/96,Provincia di Milano,Milano,Villasanta,sì
95/96,Provincia di Milano,Milano,Vimercate,sì
95/96,Como - Lecco,Como,Como,sì
95/96,Como - Lecco,Como,Cantù,sì
95/96,Como - Lecco,Como,Cernobbio,sì
95/96,Como - Lecco,Como,Erba,sì
95/96,Como - Lecco,Como,Fino Mornasco,sì
95/96,Como - Lecco,Como,Grandate,sì
95/96,Como - Lecco,Como,Inverigo,sì
95/96,Como - Lecco,Como,Lurate Caccivio,sì
95/96,Como - Lecco,Como,Mariano Comense,sì
95/96,Como - Lecco,Como,Menaggio,sì
95/96,Como - Lecco,Como,Olgiate Comasco,sì
95/96,Como - Lecco,Como,Lecco,sì
95/96,Como - Lecco,Como,Calolziocorte,sì
95/96,Como - Lecco,Lecco,Colico,sì
95/96,Como - Lecco,Lecco,Costa Masnaga,sì
95/96,Como - Lecco,Lecco,Mandello del Lario,sì
95/96,Como - Lecco,Como,Merate,sì
95/96,Como - Lecco,Como,Oggiono,sì
95/96,Sondrio,Sondrio,Sondrio,sì
95/96,Sondrio,Sondrio,Bormio,sì
95/96,Sondrio,Sondrio,Chiavenna,sì
95/96,Sondrio,Sondrio,Livigno,sì
95/96,Sondrio,Sondrio,Morbegno,sì
95/96,Sondrio,Sondrio,Tirano,sì
95/96,Varese,Varese,Varese,sì
95/96,Varese,Varese,Angera,sì
95/96,Varese,Varese,Busto Arsizio,sì
95/96,Varese,Varese,Cassano Magnago,sì
95/96,Varese,Varese,Gallarate,sì
95/96,Varese,Varese,Gavirate,sì
95/96,Varese,Varese,Luino,sì
95/96,Varese,Varese,Saronno,sì
95/96,Varese,Varese,Sesto Calende,sì
95/96,Varese,Varese,Somma Lombardo,sì
95/96,Varese,Varese,Tradate,sì
95/96,Brescia,Brescia,Brescia,sì
95/96,Brescia,Brescia,Bagnolo Mella,sì
95/96,Brescia,Brescia,Botticino,sì
95/96,Brescia,Brescia,Chiari,sì
95/96,Brescia,Brescia,Desenzano del Garda,sì
95/96,Brescia,Brescia,Lumezzane,sì
95/96,Brescia,Brescia,Manerbio,sì
95/96,Brescia,Brescia,Montichiari,sì
95/96,Brescia,Brescia,Palazzolo sull'Oglio,sì
95/96,Brescia,Brescia,Rezzato,sì
95/96,Brescia,Brescia,Salò,sì
95/96,Cremona,Cremona,Cremona,sì
95/96,Cremona,Cremona,Casalmaggiore,sì
95/96,Cremona,Cremona,Castelleone,sì
95/96,Cremona,Cremona,Crema,sì
95/96,Cremona,Cremona,Pandino,sì
95/96,Cremona,Cremona,Piadena,sì
95/96,Cremona,Cremona,Soncino,sì
95/96,Cremona,Cremona,Soresina,sì
95/96,Mantova,Mantova,Mantova,sì
95/96,Mantova,Mantova,Castelgoffredo,sì
95/96,Mantova,Mantova,Castiglione delle Stiviere,sì
95/96,Mantova,Mantova,Suzzara,sì
95/96,Mantova,Mantova,Viadana,sì
95/96,Pavia,Pavia,Pavia,sì
95/96,Pavia,Pavia,Belgioioso,sì
95/96,Pavia,Pavia,Broni,sì
95/96,Pavia,Pavia,Casteggio,sì
95/96,Pavia,Pavia,Garlasco,sì
95/96,Pavia,Pavia,Mede,sì
95/96,Pavia,Pavia,Mortara,sì
95/96,Pavia,Pavia,Stradella,sì
95/96,Pavia,Pavia,Vigevano,sì
95/96,Pavia,Pavia,Voghera,sì
95/96,Bergamo,Bergamo,Bergamo,sì
95/96,Bergamo,Bergamo,Albino,sì
95/96,Bergamo,Bergamo,Caravaggio,sì
95/96,Bergamo,Bergamo,Clusone,sì
95/96,Bergamo,Bergamo,Dalmine,sì
95/96,Bergamo,Bergamo,Ponte San Pietro,sì
95/96,Bergamo,Bergamo,Romano di Lombardia,sì
95/96,Bergamo,Bergamo,Seriate,sì
95/96,Bergamo,Bergamo,Treviglio,sì
95/96,Bergamo,Bergamo,Verdello,sì
95/96,Bergamo,Bergamo,Zingonia,sì
96/97,Milano e dintorni,Milano,Milano,sì
96/97,Milano e dintorni,Milano,Assago,sì
96/97,Milano e dintorni,Milano,Bollate,sì
96/97,Milano e dintorni,Milano,Bresso,sì
96/97,Milano e dintorni,Milano,Buccinasco,sì
96/97,Milano e dintorni,Milano,Cesano Boscone,sì
96/97,Milano e dintorni,Milano,Cinisello Balsamo,sì
96/97,Milano e dintorni,Milano,Cologno Monzese,sì
96/97,Milano e dintorni,Milano,Cormano,sì
96/97,Milano e dintorni,Milano,Corsico,sì
96/97,Milano e dintorni,Milano,Cusano Milanino,sì
96/97,Milano e dintorni,Milano,Novate Milanese,sì
96/97,Milano e dintorni,Milano,Opera,sì
96/97,Milano e dintorni,Milano,Pero,sì
96/97,Milano e dintorni,Milano,Peschiera Borromeo,sì
96/97,Milano e dintorni,Milano,Rozzano,sì
96/97,Milano e dintorni,Milano,San Donato Milanese,sì
96/97,Milano e dintorni,Milano,Segrate,sì
96/97,Milano e dintorni,Milano,Sesto San Giovanni,sì
96/97,Milano e dintorni,Milano,Settimo Milanese,sì
96/97,Milano e dintorni,Milano,Trezzano sul Naviglio,sì
96/97,Milano e dintorni,Milano,Vimodrone,sì
96/97,Lodi - Provincia di Milano,Milano,Lodi,sì
96/97,Lodi - Provincia di Milano,Milano,Casalpusterlengo,sì
96/97,Lodi - Provincia di Milano,Milano,Codogno,sì
96/97,Lodi - Provincia di Milano,Milano,Sant'Angelo Lodigiano,sì
96/97,Lodi - Provincia di Milano,Milano,Abbiategrasso,sì
96/97,Lodi - Provincia di Milano,Milano,Agrate Brianza,sì
96/97,Lodi - Provincia di Milano,Milano,Arcore,sì
96/97,Lodi - Provincia di Milano,Milano,Arese,sì
96/97,Lodi - Provincia di Milano,Milano,Bareggio,sì
96/97,Lodi - Provincia di Milano,Milano,Barlassina,sì
96/97,Lodi - Provincia di Milano,Milano,Binasco,sì
96/97,Lodi - Provincia di Milano,Milano,Bovisio Masciago,sì
96/97,Lodi - Provincia di Milano,Milano,Brugherio,sì
96/97,Lodi - Provincia di Milano,Milano,Carate Brianza,sì
96/97,Lodi - Provincia di Milano,Milano,Carugate,sì
96/97,Lodi - Provincia di Milano,Milano,Cassina De' Pecchi,sì
96/97,Lodi - Provincia di Milano,Milano,Castano Primo,sì
96/97,Lodi - Provincia di Milano,Milano,Cernusco sul Naviglio,sì
96/97,Lodi - Provincia di Milano,Milano,Cesano Maderno,sì
96/97,Lodi - Provincia di Milano,Milano,Concorezzo,sì
96/97,Lodi - Provincia di Milano,Milano,Corbetta,sì
96/97,Lodi - Provincia di Milano,Milano,Cornaredo,sì
96/97,Lodi - Provincia di Milano,Milano,Cusago,sì
96/97,Lodi - Provincia di Milano,Milano,Desio,sì
96/97,Lodi - Provincia di Milano,Milano,Garbagnate,sì
96/97,Lodi - Provincia di Milano,Milano,Giussano,sì
96/97,Lodi - Provincia di Milano,Milano,Gorgonzola,sì
96/97,Lodi - Provincia di Milano,Milano,Inzago,sì
96/97,Lodi - Provincia di Milano,Milano,Lainate,sì
96/97,Lodi - Provincia di Milano,Milano,Legnano,sì
96/97,Lodi - Provincia di Milano,Milano,Lentate sul Seveso,sì
96/97,Lodi - Provincia di Milano,Milano,Limbiate,sì
96/97,Lodi - Provincia di Milano,Milano,Lissone,sì
96/97,Lodi - Provincia di Milano,Milano,Magenta,sì
96/97,Lodi - Provincia di Milano,Milano,Meda,sì
96/97,Lodi - Provincia di Milano,Milano,Melegnano,sì
96/97,Lodi - Provincia di Milano,Milano,Melzo,sì
96/97,Lodi - Provincia di Milano,Milano,Monza,sì
96/97,Lodi - Provincia di Milano,Milano,Muggiò,sì
96/97,Lodi - Provincia di Milano,Milano,Nerviano,sì
96/97,Lodi - Provincia di Milano,Milano,Nova Milanese,sì
96/97,Lodi - Provincia di Milano,Milano,Paderno Dugnano,sì
96/97,Lodi - Provincia di Milano,Milano,Parabiago,sì
96/97,Lodi - Provincia di Milano,Milano,Paullo,sì
96/97,Lodi - Provincia di Milano,Milano,Pieve Emanuele,sì
96/97,Lodi - Provincia di Milano,Milano,Pioltello,sì
96/97,Lodi - Provincia di Milano,Milano,Rho,sì
96/97,Lodi - Provincia di Milano,Milano,San Giuliano Milanese,sì
96/97,Lodi - Provincia di Milano,Milano,Senago,sì
96/97,Lodi - Provincia di Milano,Milano,Seregno,sì
96/97,Lodi - Provincia di Milano,Milano,Seveso,sì
96/97,Lodi - Provincia di Milano,Milano,Trezzo sull'Adda,sì
96/97,Lodi - Provincia di Milano,Milano,Turbigo,sì
96/97,Lodi - Provincia di Milano,Milano,Varedo,sì
96/97,Lodi - Provincia di Milano,Milano,Villasanta,sì
96/97,Lodi - Provincia di Milano,Milano,Vimercate,sì
96/97,Como - Lecco,Como,Como,sì
96/97,Como - Lecco,Como,Cantù,sì
96/97,Como - Lecco,Como,Cernobbio,sì
96/97,Como - Lecco,Como,Erba,sì
96/97,Como - Lecco,Como,Fino Mornasco,sì
96/97,Como - Lecco,Como,Inverigo,sì
96/97,Como - Lecco,Como,Lurate Caccivio,sì
96/97,Como - Lecco,Como,Mariano Comense,sì
96/97,Como - Lecco,Como,Menaggio,sì
96/97,Como - Lecco,Como,Olgiate Comasco,sì
96/97,Como - Lecco,Como,Lecco,sì
96/97,Como - Lecco,Como,Calolziocorte,sì
96/97,Como - Lecco,Lecco,Colico,sì
96/97,Como - Lecco,Lecco,Mandello del Lario,sì
96/97,Como - Lecco,Como,Merate,sì
96/97,Como - Lecco,Como,Oggiono,sì
96/97,Como - Lecco,Lecco,Olginate,sì
96/97,Sondrio,Sondrio,Sondrio,sì
96/97,Sondrio,Sondrio,Bormio,sì
96/97,Sondrio,Sondrio,Chiavenna,sì
96/97,Sondrio,Sondrio,Morbegno,sì
96/97,Sondrio,Sondrio,Tirano,sì
96/97,Cremona,Cremona,Cremona,sì
96/97,Cremona,Cremona,Casalmaggiore,sì
96/97,Cremona,Cremona,Castelleone,sì
96/97,Cremona,Cremona,Crema,sì
96/97,Cremona,Cremona,Pandino,sì
96/97,Cremona,Cremona,Piadena,sì
96/97,Cremona,Cremona,Soncino,sì
96/97,Cremona,Cremona,Soresina,sì
96/97,Mantova,Mantova,Mantova,sì
96/97,Mantova,Mantova,Castelgoffredo,sì
96/97,Mantova,Mantova,Castiglione delle Stiviere,sì
96/97,Mantova,Mantova,Suzzara,sì
96/97,Mantova,Mantova,Viadana,sì
96/97,Pavia,Pavia,Pavia,sì
96/97,Pavia,Pavia,Belgioioso,sì
96/97,Pavia,Pavia,Broni,sì
96/97,Pavia,Pavia,Casteggio,sì
96/97,Pavia,Pavia,Garlasco,sì
96/97,Pavia,Pavia,Mede,sì
96/97,Pavia,Pavia,Mortara,sì
96/97,Pavia,Pavia,Stradella,sì
96/97,Pavia,Pavia,Vigevano,sì
96/97,Pavia,Pavia,Voghera,sì
96/97,Brescia,Brescia,Brescia,sì
96/97,Brescia,Brescia,Bagnolo Mella,sì
96/97,Brescia,Brescia,Botticino,sì
96/97,Brescia,Brescia,Chiari,sì
96/97,Brescia,Brescia,Desenzano del Garda,sì
96/97,Brescia,Brescia,Ghedi,sì
96/97,Brescia,Brescia,Lumezzane,sì
96/97,Brescia,Brescia,Manerbio,sì
96/97,Brescia,Brescia,Montichiari,sì
96/97,Brescia,Brescia,Palazzolo sull'Oglio,sì
96/97,Brescia,Brescia,Rezzato,sì
96/97,Brescia,Brescia,Salò,sì
96/97,Bergamo,Bergamo,Bergamo,sì
96/97,Bergamo,Bergamo,Albino,sì
96/97,Bergamo,Bergamo,Caravaggio,sì
96/97,Bergamo,Bergamo,Clusone,sì
96/97,Bergamo,Bergamo,Dalmine,sì
96/97,Bergamo,Bergamo,Gazzaniga,sì
96/97,Bergamo,Bergamo,Ponte San Pietro,sì
96/97,Bergamo,Bergamo,Romano di Lombardia,sì
96/97,Bergamo,Bergamo,Seriate,sì
96/97,Bergamo,Bergamo,Trescore Balneario,sì
96/97,Bergamo,Bergamo,Treviglio,sì
96/97,Bergamo,Bergamo,Verdello,sì
96/97,Bergamo,Bergamo,Zingonia,sì
96/97,Bergamo,Bergamo,Medolago,no
97/98,Milano e dintorni,Milano,Milano,sì
97/98,Milano e dintorni,Milano,Assago,sì
97/98,Milano e dintorni,Milano,Bollate,sì
97/98,Milano e dintorni,Milano,Bresso,sì
97/98,Milano e dintorni,Milano,Buccinasco,sì
97/98,Milano e dintorni,Milano,Cesano Boscone,sì
97/98,Milano e dintorni,Milano,Cinisello Balsamo,sì
97/98,Milano e dintorni,Milano,Cologno Monzese,sì
97/98,Milano e dintorni,Milano,Cormano,sì
97/98,Milano e dintorni,Milano,Corsico,sì
97/98,Milano e dintorni,Milano,Cusano Milanino,sì
97/98,Milano e dintorni,Milano,Novate Milanese,sì
97/98,Milano e dintorni,Milano,Opera,sì
97/98,Milano e dintorni,Milano,Pero,sì
97/98,Milano e dintorni,Milano,Peschiera Borromeo,sì
97/98,Milano e dintorni,Milano,Rozzano,sì
97/98,Milano e dintorni,Milano,San Donato Milanese,sì
97/98,Milano e dintorni,Milano,Segrate,sì
97/98,Milano e dintorni,Milano,Sesto San Giovanni,sì
97/98,Milano e dintorni,Milano,Settimo Milanese,sì
97/98,Milano e dintorni,Milano,Trezzano sul Naviglio,sì
97/98,Milano e dintorni,Milano,Vimodrone,sì
97/98,Lodi - Provincia di Milano,Milano,Lodi,sì
97/98,Lodi - Provincia di Milano,Milano,Casalpusterlengo,sì
97/98,Lodi - Provincia di Milano,Milano,Codogno,sì
97/98,Lodi - Provincia di Milano,Milano,Sant'Angelo Lodigiano,sì
97/98,Lodi - Provincia di Milano,Milano,Abbiategrasso,sì
97/98,Lodi - Provincia di Milano,Milano,Agrate Brianza,sì
97/98,Lodi - Provincia di Milano,Milano,Arcore,sì
97/98,Lodi - Provincia di Milano,Milano,Arese,sì
97/98,Lodi - Provincia di Milano,Milano,Bareggio,sì
97/98,Lodi - Provincia di Milano,Milano,Barlassina,sì
97/98,Lodi - Provincia di Milano,Milano,Biassono,sì
97/98,Lodi - Provincia di Milano,Milano,Binasco,sì
97/98,Lodi - Provincia di Milano,Milano,Bovisio Masciago,sì
97/98,Lodi - Provincia di Milano,Milano,Brugherio,sì
97/98,Lodi - Provincia di Milano,Milano,Carate Brianza,sì
97/98,Lodi - Provincia di Milano,Milano,Carugate,sì
97/98,Lodi - Provincia di Milano,Milano,Cassina De' Pecchi,sì
97/98,Lodi - Provincia di Milano,Milano,Castano Primo,sì
97/98,Lodi - Provincia di Milano,Milano,Cernusco sul Naviglio,sì
97/98,Lodi - Provincia di Milano,Milano,Cesano Maderno,sì
97/98,Lodi - Provincia di Milano,Milano,Concorezzo,sì
97/98,Lodi - Provincia di Milano,Milano,Corbetta,sì
97/98,Lodi - Provincia di Milano,Milano,Cornaredo,sì
97/98,Lodi - Provincia di Milano,Milano,Cusago,sì
97/98,Lodi - Provincia di Milano,Milano,Desio,sì
97/98,Lodi - Provincia di Milano,Milano,Garbagnate,sì
97/98,Lodi - Provincia di Milano,Milano,Giussano,sì
97/98,Lodi - Provincia di Milano,Milano,Gorgonzola,sì
97/98,Lodi - Provincia di Milano,Milano,Inzago,sì
97/98,Lodi - Provincia di Milano,Milano,Lainate,sì
97/98,Lodi - Provincia di Milano,Milano,Legnano,sì
97/98,Lodi - Provincia di Milano,Milano,Lentate sul Seveso,sì
97/98,Lodi - Provincia di Milano,Milano,Limbiate,sì
97/98,Lodi - Provincia di Milano,Milano,Lissone,sì
97/98,Lodi - Provincia di Milano,Milano,Magenta,sì
97/98,Lodi - Provincia di Milano,Milano,Meda,sì
97/98,Lodi - Provincia di Milano,Milano,Melegnano,sì
97/98,Lodi - Provincia di Milano,Milano,Melzo,sì
97/98,Lodi - Provincia di Milano,Milano,Monza,sì
97/98,Lodi - Provincia di Milano,Milano,Muggiò,sì
97/98,Lodi - Provincia di Milano,Milano,Nerviano,sì
97/98,Lodi - Provincia di Milano,Milano,Nova Milanese,sì
97/98,Lodi - Provincia di Milano,Milano,Paderno Dugnano,sì
97/98,Lodi - Provincia di Milano,Milano,Parabiago,sì
97/98,Lodi - Provincia di Milano,Milano,Paullo,sì
97/98,Lodi - Provincia di Milano,Milano,Pieve Emanuele,sì
97/98,Lodi - Provincia di Milano,Milano,Pioltello,sì
97/98,Lodi - Provincia di Milano,Milano,Rho,sì
97/98,Lodi - Provincia di Milano,Milano,San Giuliano Milanese,sì
97/98,Lodi - Provincia di Milano,Milano,Senago,sì
97/98,Lodi - Provincia di Milano,Milano,Seregno,sì
97/98,Lodi - Provincia di Milano,Milano,Seveso,sì
97/98,Lodi - Provincia di Milano,Milano,Trezzo sull'Adda,sì
97/98,Lodi - Provincia di Milano,Milano,Turbigo,sì
97/98,Lodi - Provincia di Milano,Milano,Varedo,sì
97/98,Lodi - Provincia di Milano,Milano,Villasanta,sì
97/98,Lodi - Provincia di Milano,Milano,Vimercate,sì
97/98,Sondrio,Sondrio,Sondrio,sì
97/98,Sondrio,Sondrio,Bormio,sì
97/98,Sondrio,Sondrio,Chiavenna,sì
97/98,Sondrio,Sondrio,Morbegno,sì
97/98,Sondrio,Sondrio,Tirano,sì
97/98,Mantova,Mantova,Mantova,sì
97/98,Mantova,Mantova,Castelgoffredo,sì
97/98,Mantova,Mantova,Castiglione delle Stiviere,sì
97/98,Mantova,Mantova,Suzzara,sì
97/98,Mantova,Mantova,Viadana,sì
97/98,Pavia,Pavia,Pavia,sì
97/98,Pavia,Pavia,Belgioioso,sì
97/98,Pavia,Pavia,Broni,sì
97/98,Pavia,Pavia,Casteggio,sì
97/98,Pavia,Pavia,Garlasco,sì
97/98,Pavia,Pavia,Mede,sì
97/98,Pavia,Pavia,Mortara,sì
97/98,Pavia,Pavia,Stradella,sì
97/98,Pavia,Pavia,Vigevano,sì
97/98,Pavia,Pavia,Voghera,sì
97/98,Varese,Varese,Varese,sì
97/98,Varese,Varese,Angera,sì
97/98,Varese,Varese,Arsago Seprio,sì
97/98,Varese,Varese,Besozzo,sì
97/98,Varese,Varese,Busto Arsizio,sì
97/98,Varese,Varese,Caronno Pertusella,sì
97/98,Varese,Varese,Cassano Magnago,sì
97/98,Varese,Varese,Gallarate,sì
97/98,Varese,Varese,Gavirate,sì
97/98,Varese,Varese,Luino,sì
97/98,Varese,Varese,Saronno,sì
97/98,Varese,Varese,Sesto Calende,sì
97/98,Varese,Varese,Somma Lombardo,sì
97/98,Varese,Varese,Tradate,sì
97/98,Varese,Varese,Arcisate,no
97/98,Varese,Varese,Induno Olona,no
97/98,Bergamo,Bergamo,Bergamo,sì
97/98,Bergamo,Bergamo,Albino,sì
97/98,Bergamo,Bergamo,Caravaggio,sì
97/98,Bergamo,Bergamo,Clusone,sì
97/98,Bergamo,Bergamo,Dalmine,sì
97/98,Bergamo,Bergamo,Nembro,sì
97/98,Bergamo,Bergamo,Ponte San Pietro,sì
97/98,Bergamo,Bergamo,Romano di Lombardia,sì
97/98,Bergamo,Bergamo,Seriate,sì
97/98,Bergamo,Bergamo,Trescore Balneario,sì
97/98,Bergamo,Bergamo,Treviglio,sì
97/98,Bergamo,Bergamo,Verdello,sì
97/98,Bergamo,Bergamo,Zingonia,sì
98/99,Milano e dintorni,Milano,Milano,sì
98/99,Milano e dintorni,Milano,Assago,sì
98/99,Milano e dintorni,Milano,Bollate,sì
98/99,Milano e dintorni,Milano,Bresso,sì
98/99,Milano e dintorni,Milano,Buccinasco,sì
98/99,Milano e dintorni,Milano,Cesano Boscone,sì
98/99,Milano e dintorni,Milano,Cinisello Balsamo,sì
98/99,Milano e dintorni,Milano,Cologno Monzese,sì
98/99,Milano e dintorni,Milano,Cormano,sì
98/99,Milano e dintorni,Milano,Corsico,sì
98/99,Milano e dintorni,Milano,Cusano Milanino,sì
98/99,Milano e dintorni,Milano,Novate Milanese,sì
98/99,Milano e dintorni,Milano,Opera,sì
98/99,Milano e dintorni,Milano,Pero,sì
98/99,Milano e dintorni,Milano,Peschiera Borromeo,sì
98/99,Milano e dintorni,Milano,Rozzano,sì
98/99,Milano e dintorni,Milano,San Donato Milanese,sì
98/99,Milano e dintorni,Milano,Segrate,sì
98/99,Milano e dintorni,Milano,Sesto San Giovanni,sì
98/99,Milano e dintorni,Milano,Settimo Milanese,sì
98/99,Milano e dintorni,Milano,Trezzano sul Naviglio,sì
98/99,Milano e dintorni,Milano,Vimodrone,sì
98/99,Lodi - Provincia di Milano,Milano,Lodi,sì
98/99,Lodi - Provincia di Milano,Milano,Casalpusterlengo,sì
98/99,Lodi - Provincia di Milano,Milano,Codogno,sì
98/99,Lodi - Provincia di Milano,Milano,Sant'Angelo Lodigiano,sì
98/99,Lodi - Provincia di Milano,Milano,Abbiategrasso,sì
98/99,Lodi - Provincia di Milano,Milano,Agrate Brianza,sì
98/99,Lodi - Provincia di Milano,Milano,Arcore,sì
98/99,Lodi - Provincia di Milano,Milano,Arese,sì
98/99,Lodi - Provincia di Milano,Milano,Bareggio,sì
98/99,Lodi - Provincia di Milano,Milano,Biassono,sì
98/99,Lodi - Provincia di Milano,Milano,Binasco,sì
98/99,Lodi - Provincia di Milano,Milano,Bovisio Masciago,sì
98/99,Lodi - Provincia di Milano,Milano,Brugherio,sì
98/99,Lodi - Provincia di Milano,Milano,Carate Brianza,sì
98/99,Lodi - Provincia di Milano,Milano,Carugate,sì
98/99,Lodi - Provincia di Milano,Milano,Cassina De' Pecchi,sì
98/99,Lodi - Provincia di Milano,Milano,Castano Primo,sì
98/99,Lodi - Provincia di Milano,Milano,Cernusco sul Naviglio,sì
98/99,Lodi - Provincia di Milano,Milano,Cesano Maderno,sì
98/99,Lodi - Provincia di Milano,Milano,Concorezzo,sì
98/99,Lodi - Provincia di Milano,Milano,Corbetta,sì
98/99,Lodi - Provincia di Milano,Milano,Cornaredo,sì
98/99,Lodi - Provincia di Milano,Milano,Cusago,sì
98/99,Lodi - Provincia di Milano,Milano,Desio,sì
98/99,Lodi - Provincia di Milano,Milano,Garbagnate Milanese,sì
98/99,Lodi - Provincia di Milano,Milano,Giussano,sì
98/99,Lodi - Provincia di Milano,Milano,Gorgonzola,sì
98/99,Lodi - Provincia di Milano,Milano,Inzago,sì
98/99,Lodi - Provincia di Milano,Milano,Lainate,sì
98/99,Lodi - Provincia di Milano,Milano,Legnano,sì
98/99,Lodi - Provincia di Milano,Milano,Lentate sul Seveso,sì
98/99,Lodi - Provincia di Milano,Milano,Limbiate,sì
98/99,Lodi - Provincia di Milano,Milano,Lissone,sì
98/99,Lodi - Provincia di Milano,Milano,Magenta,sì
98/99,Lodi - Provincia di Milano,Milano,Meda,sì
98/99,Lodi - Provincia di Milano,Milano,Melegnano,sì
98/99,Lodi - Provincia di Milano,Milano,Melzo,sì
98/99,Lodi - Provincia di Milano,Milano,Monza,sì
98/99,Lodi - Provincia di Milano,Milano,Muggiò,sì
98/99,Lodi - Provincia di Milano,Milano,Nerviano,sì
98/99,Lodi - Provincia di Milano,Milano,Nova Milanese,sì
98/99,Lodi - Provincia di Milano,Milano,Paderno Dugnano,sì
98/99,Lodi - Provincia di Milano,Milano,Parabiago,sì
98/99,Lodi - Provincia di Milano,Milano,Paullo,sì
98/99,Lodi - Provincia di Milano,Milano,Pieve Emanuele,sì
98/99,Lodi - Provincia di Milano,Milano,Pioltello,sì
98/99,Lodi - Provincia di Milano,Milano,Rho,sì
98/99,Lodi - Provincia di Milano,Milano,San Giuliano Milanese,sì
98/99,Lodi - Provincia di Milano,Milano,Senago,sì
98/99,Lodi - Provincia di Milano,Milano,Seregno,sì
98/99,Lodi - Provincia di Milano,Milano,Seveso,sì
98/99,Lodi - Provincia di Milano,Milano,Trezzo sull'Adda,sì
98/99,Lodi - Provincia di Milano,Milano,Turbigo,sì
98/99,Lodi - Provincia di Milano,Milano,Varedo,sì
98/99,Lodi - Provincia di Milano,Milano,Villasanta,sì
98/99,Lodi - Provincia di Milano,Milano,Vimercate,sì
98/99,Como - Lecco,Como,Como,sì
98/99,Como - Lecco,Como,Arosio,sì
98/99,Como - Lecco,Como,Cantù,sì
98/99,Como - Lecco,Como,Carugo,sì
98/99,Como - Lecco,Como,Cermenate,sì
98/99,Como - Lecco,Como,Cernobbio,sì
98/99,Como - Lecco,Como,Erba,sì
98/99,Como - Lecco,Como,Fino Mornasco,sì
98/99,Como - Lecco,Como,Inverigo,sì
98/99,Como - Lecco,Como,Lambrusco,sì
98/99,Como - Lecco,Como,Lurago d'Erba,sì
98/99,Como - Lecco,Como,Lurate Caccivio,sì
98/99,Como - Lecco,Como,Mariano Comense,sì
98/99,Como - Lecco,Como,Menaggio,sì
98/99,Como - Lecco,Como,Olgiate Comasco,sì
98/99,Como - Lecco,Como,Porlezza,sì
98/99,Como - Lecco,Como,Lecco,sì
98/99,Como - Lecco,Lecco,Barzanò,sì
98/99,Como - Lecco,Lecco,Bellano,sì
98/99,Como - Lecco,Lecco,Brivio,sì
98/99,Como - Lecco,Como,Calolziocorte,sì
98/99,Como - Lecco,Lecco,Casatenovo,sì
98/99,Como - Lecco,Lecco,Colico,sì
98/99,Como - Lecco,Lecco,Dervio,sì
98/99,Como - Lecco,Lecco,Dolzago,sì
98/99,Como - Lecco,Lecco,Mandello del Lario,sì
98/99,Como - Lecco,Como,Merate,sì
98/99,Como - Lecco,Lecco,Missaglia,sì
98/99,Como - Lecco,Como,Oggiono,sì
98/99,Como - Lecco,Lecco,Olgiate Molgora,sì
98/99,Como - Lecco,Lecco,Olginate,sì
98/99,Cremona,Cremona,Cremona,sì
98/99,Cremona,Cremona,Casalmaggiore,sì
98/99,Cremona,Cremona,Castelleone,sì
98/99,Cremona,Cremona,Crema,sì
98/99,Cremona,Cremona,Pandino,sì
98/99,Cremona,Cremona,Piadena,sì
98/99,Cremona,Cremona,Soncino,sì
98/99,Cremona,Cremona,Soresina,sì
98/99,Pavia,Pavia,Pavia,sì
98/99,Pavia,Pavia,Belgioioso,sì
98/99,Pavia,Pavia,Broni,sì
98/99,Pavia,Pavia,Casteggio,sì
98/99,Pavia,Pavia,Garlasco,sì
98/99,Pavia,Pavia,Mede,sì
98/99,Pavia,Pavia,Mortara,sì
98/99,Pavia,Pavia,Stradella,sì
98/99,Pavia,Pavia,Vigevano,sì
98/99,Pavia,Pavia,Voghera,sì
98/99,Varese,Varese,Varese,sì
98/99,Varese,Varese,Angera,sì
98/99,Varese,Varese,Arcisate,sì
98/99,Varese,Varese,Arsago Seprio,sì
98/99,Varese,Varese,Besozzo,sì
98/99,Varese,Varese,Busto Arsizio,sì
98/99,Varese,Varese,Caronno Pertusella,sì
98/99,Varese,Varese,Cassano Magnago,sì
98/99,Varese,Varese,Fagnano Olona,sì
98/99,Varese,Varese,Gallarate,sì
98/99,Varese,Varese,Gavirate,sì
98/99,Varese,Varese,Gerenzano,sì
98/99,Varese,Varese,Induno Olona,sì
98/99,Varese,Varese,Lonate Pozzolo,sì
98/99,Varese,Varese,Luino,sì
98/99,Varese,Varese,Samarate,sì
98/99,Varese,Varese,Saronno,sì
98/99,Varese,Varese,Sesto Calende,sì
98/99,Varese,Varese,Somma Lombardo,sì
98/99,Varese,Varese,Tradate,sì
98/99,Varese,Varese,Uboldo,sì
98/99,Bergamo,Bergamo,Bergamo,sì
98/99,Bergamo,Bergamo,Albino,sì
98/99,Bergamo,Bergamo,Almè,sì
98/99,Bergamo,Bergamo,Caravaggio,sì
98/99,Bergamo,Bergamo,Clusone,sì
98/99,Bergamo,Bergamo,Curno,sì
98/99,Bergamo,Bergamo,Dalmine,sì
98/99,Bergamo,Bergamo,Grassobbio,sì
98/99,Bergamo,Bergamo,Nembro,sì
98/99,Bergamo,Bergamo,Osio Sotto,sì
98/99,Bergamo,Bergamo,Ponte San Pietro,sì
98/99,Bergamo,Bergamo,Romano di Lombardia,sì
98/99,Bergamo,Bergamo,Seriate,sì
98/99,Bergamo,Bergamo,Trescore Balneario,sì
98/99,Bergamo,Bergamo,Treviglio,sì
98/99,Bergamo,Bergamo,Verdello,sì
98/99,Bergamo,Bergamo,Zingonia,sì
98/99,Bergamo,Bergamo,Zogno,sì
98/99,Brescia,Brescia,Brescia,sì
98/99,Brescia,Brescia,Botticino,sì
98/99,Brescia,Brescia,Chiari,sì
98/99,Brescia,Brescia,Clusane,sì
98/99,Brescia,Brescia,Concesio,sì
98/99,Brescia,Brescia,Darfo Boario Terme,sì
98/99,Brescia,Brescia,Desenzano del Garda,sì
98/99,Brescia,Brescia,Ghedi,sì
98/99,Brescia,Brescia,Gussago,sì
98/99,Brescia,Brescia,Iseo,sì
98/99,Brescia,Brescia,Lumezzane,sì
98/99,Brescia,Brescia,Manerbio,sì
98/99,Brescia,Brescia,Mazzano,sì
98/99,Brescia,Brescia,Montichiari,sì
98/99,Brescia,Brescia,Palazzolo sull'Oglio,sì
98/99,Brescia,Brescia,Rezzato,sì
98/99,Brescia,Brescia,Rovato,sì
98/99,Brescia,Brescia,Salò,sì
98/99,Brescia,Brescia,Sarezzo,sì
98/99,Brescia,Brescia,San Zeno Naviglio,sì
99/00,Milano e dintorni,Milano,Milano,sì
99/00,Milano e dintorni,Milano,Assago,sì
99/00,Milano e dintorni,Milano,Bollate,sì
99/00,Milano e dintorni,Milano,Bresso,sì
99/00,Milano e dintorni,Milano,Buccinasco,sì
99/00,Milano e dintorni,Milano,Cesano Boscone,sì
99/00,Milano e dintorni,Milano,Cinisello Balsamo,sì
99/00,Milano e dintorni,Milano,Cologno Monzese,sì
99/00,Milano e dintorni,Milano,Cormano,sì
99/00,Milano e dintorni,Milano,Corsico,sì
99/00,Milano e dintorni,Milano,Cusano Milanino,sì
99/00,Milano e dintorni,Milano,Novate Milanese,sì
99/00,Milano e dintorni,Milano,Opera,sì
99/00,Milano e dintorni,Milano,Pero,sì
99/00,Milano e dintorni,Milano,Peschiera Borromeo,sì
99/00,Milano e dintorni,Milano,Rozzano,sì
99/00,Milano e dintorni,Milano,San Donato Milanese,sì
99/00,Milano e dintorni,Milano,Segrate,sì
99/00,Milano e dintorni,Milano,Sesto San Giovanni,sì
99/00,Milano e dintorni,Milano,Settimo Milanese,sì
99/00,Milano e dintorni,Milano,Trezzano sul Naviglio,sì
99/00,Milano e dintorni,Milano,Vimodrone,sì
99/00,Provincia di Milano Nord,Milano,Agrate Brianza,sì
99/00,Provincia di Milano Nord,Milano,Arcore,sì
99/00,Provincia di Milano Nord,Milano,Arese,sì
99/00,Provincia di Milano Nord,Milano,Biassono,sì
99/00,Provincia di Milano Nord,Milano,Bovisio Masciago,sì
99/00,Provincia di Milano Nord,Milano,Brugherio,sì
99/00,Provincia di Milano Nord,Milano,Busto Garolfo,sì
99/00,Provincia di Milano Nord,Milano,Carate Brianza,sì
99/00,Provincia di Milano Nord,Milano,Castano Primo,sì
99/00,Provincia di Milano Nord,Varese,Castellanza,sì
99/00,Provincia di Milano Nord,Milano,Cesano Maderno,sì
99/00,Provincia di Milano Nord,Milano,Concorezzo,sì
99/00,Provincia di Milano Nord,Milano,Cornaredo,sì
99/00,Provincia di Milano Nord,Milano,Desio,sì
99/00,Provincia di Milano Nord,Milano,Garbagnate Milanese,sì
99/00,Provincia di Milano Nord,Milano,Giussano,sì
99/00,Provincia di Milano Nord,Milano,Lainate,sì
99/00,Provincia di Milano Nord,Milano,Legnano,sì
99/00,Provincia di Milano Nord,Milano,Lentate sul Seveso,sì
99/00,Provincia di Milano Nord,Milano,Limbiate,sì
99/00,Provincia di Milano Nord,Milano,Lissone,sì
99/00,Provincia di Milano Nord,Milano,Macherio,sì
99/00,Provincia di Milano Nord,Milano,Meda,sì
99/00,Provincia di Milano Nord,Milano,Monza,sì
99/00,Provincia di Milano Nord,Milano,Muggiò,sì
99/00,Provincia di Milano Nord,Milano,Nerviano,sì
99/00,Provincia di Milano Nord,Milano,Nova Milanese,sì
99/00,Provincia di Milano Nord,Milano,Paderno Dugnano,sì
99/00,Provincia di Milano Nord,Milano,Parabiago,sì
99/00,Provincia di Milano Nord,Milano,Rho,sì
99/00,Provincia di Milano Nord,Milano,Senago,sì
99/00,Provincia di Milano Nord,Milano,Seregno,sì
99/00,Provincia di Milano Nord,Milano,Seveso,sì
99/00,Provincia di Milano Nord,Milano,Turbigo,sì
99/00,Provincia di Milano Nord,Milano,Varedo,sì
99/00,Provincia di Milano Nord,Milano,Verano Brianza,sì
99/00,Provincia di Milano Nord,Milano,Villasanta,sì
99/00,Provincia di Milano Nord,Milano,Vimercate,sì
99/00,Como - Lecco,Como,Como,sì
99/00,Como - Lecco,Como,Arosio,sì
99/00,Como - Lecco,Como,Cantù,sì
99/00,Como - Lecco,Como,Carugo,sì
99/00,Como - Lecco,Como,Cermenate,sì
99/00,Como - Lecco,Como,Cernobbio,sì
99/00,Como - Lecco,Como,Erba,sì
99/00,Como - Lecco,Como,Fino Mornasco,sì
99/00,Como - Lecco,Como,Inverigo,sì
99/00,Como - Lecco,Como,Lambrusco,sì
99/00,Como - Lecco,Como,Lurago d'Erba,sì
99/00,Como - Lecco,Como,Lurate Caccivio,sì
99/00,Como - Lecco,Como,Mariano Comense,sì
99/00,Como - Lecco,Como,Menaggio,sì
99/00,Como - Lecco,Como,Olgiate Comasco,sì
99/00,Como - Lecco,Como,Porlezza,sì
99/00,Como - Lecco,Como,Lecco,sì
99/00,Como - Lecco,Lecco,Abbadia Lariana,sì
99/00,Como - Lecco,Lecco,Barzanò,sì
99/00,Como - Lecco,Lecco,Bellano,sì
99/00,Como - Lecco,Lecco,Brivio,sì
99/00,Como - Lecco,Como,Calolziocorte,sì
99/00,Como - Lecco,Lecco,Casatenovo,sì
99/00,Como - Lecco,Lecco,Colico,sì
99/00,Como - Lecco,Lecco,Costa Masnaga,sì
99/00,Como - Lecco,Lecco,Dervio,sì
99/00,Como - Lecco,Lecco,Dolzago,sì
99/00,Como - Lecco,Lecco,Lierna,sì
99/00,Como - Lecco,Lecco,Mandello del Lario,sì
99/00,Como - Lecco,Como,Merate,sì
99/00,Como - Lecco,Lecco,Missaglia,sì
99/00,Como - Lecco,Como,Oggiono,sì
99/00,Como - Lecco,Lecco,Olgiate Molgora,sì
99/00,Como - Lecco,Lecco,Olginate,sì
99/00,Como - Lecco,Como,Valmadrera,sì
99/00,Pavia,Pavia,Pavia,sì
99/00,Pavia,Pavia,Belgioioso,sì
99/00,Pavia,Pavia,Broni,sì
99/00,Pavia,Pavia,Casteggio,sì
99/00,Pavia,Pavia,Garlasco,sì
99/00,Pavia,Pavia,Mede,sì
99/00,Pavia,Pavia,Mortara,sì
99/00,Pavia,Pavia,Stradella,sì
99/00,Pavia,Pavia,Vigevano,sì
99/00,Pavia,Pavia,Voghera,sì
99/00,Varese,Varese,Varese,sì
99/00,Varese,Varese,Angera,sì
99/00,Varese,Varese,Arcisate,sì
99/00,Varese,Varese,Arsago Seprio,sì
99/00,Varese,Varese,Besozzo,sì
99/00,Varese,Varese,Busto Arsizio,sì
99/00,Varese,Varese,Caronno Pertusella,sì
99/00,Varese,Varese,Cassano Magnago,sì
99/00,Varese,Varese,Fagnano Olona,sì
99/00,Varese,Varese,Gallarate,sì
99/00,Varese,Varese,Gavirate,sì
99/00,Varese,Varese,Gerenzano,sì
99/00,Varese,Varese,Induno Olona,sì
99/00,Varese,Varese,Lonate Pozzolo,sì
99/00,Varese,Varese,Luino,sì
99/00,Varese,Varese,Malnate,sì
99/00,Varese,Varese,Samarate,sì
99/00,Varese,Varese,Saronno,sì
99/00,Varese,Varese,Sesto Calende,sì
99/00,Varese,Varese,Somma Lombardo,sì
99/00,Varese,Varese,Tradate,sì
99/00,Varese,Varese,Uboldo,sì
00/01,Milano e dintorni,Milano,Milano,sì
00/01,Milano e dintorni,Milano,Assago,sì
00/01,Milano e dintorni,Milano,Bollate,sì
00/01,Milano e dintorni,Milano,Bresso,sì
00/01,Milano e dintorni,Milano,Buccinasco,sì
00/01,Milano e dintorni,Milano,Cesano Boscone,sì
00/01,Milano e dintorni,Milano,Cinisello Balsamo,sì
00/01,Milano e dintorni,Milano,Cologno Monzese,sì
00/01,Milano e dintorni,Milano,Cormano,sì
00/01,Milano e dintorni,Milano,Corsico,sì
00/01,Milano e dintorni,Milano,Cusano Milanino,sì
00/01,Milano e dintorni,Milano,Novate Milanese,sì
00/01,Milano e dintorni,Milano,Opera,sì
00/01,Milano e dintorni,Milano,Pero,sì
00/01,Milano e dintorni,Milano,Peschiera Borromeo,sì
00/01,Milano e dintorni,Milano,Rozzano,sì
00/01,Milano e dintorni,Milano,San Donato Milanese,sì
00/01,Milano e dintorni,Milano,Segrate,sì
00/01,Milano e dintorni,Milano,Sesto San Giovanni,sì
00/01,Milano e dintorni,Milano,Settimo Milanese,sì
00/01,Milano e dintorni,Milano,Trezzano sul Naviglio,sì
00/01,Milano e dintorni,Milano,Vimodrone,sì
00/01,Provincia di Milano Nord,Milano,Agrate Brianza,sì
00/01,Provincia di Milano Nord,Milano,Albiate,sì
00/01,Provincia di Milano Nord,Milano,Arcore,sì
00/01,Provincia di Milano Nord,Milano,Arese,sì
00/01,Provincia di Milano Nord,Milano,Biassono,sì
00/01,Provincia di Milano Nord,Milano,Bovisio Masciago,sì
00/01,Provincia di Milano Nord,Milano,Brugherio,sì
00/01,Provincia di Milano Nord,Milano,Busto Garolfo,sì
00/01,Provincia di Milano Nord,Milano,Carate Brianza,sì
00/01,Provincia di Milano Nord,Milano,Castano Primo,sì
00/01,Provincia di Milano Nord,Varese,Castellanza,sì
00/01,Provincia di Milano Nord,Milano,Cesano Maderno,sì
00/01,Provincia di Milano Nord,Milano,Concorezzo,sì
00/01,Provincia di Milano Nord,Milano,Cornaredo,sì
00/01,Provincia di Milano Nord,Milano,Desio,sì
00/01,Provincia di Milano Nord,Milano,Garbagnate Milanese,sì
00/01,Provincia di Milano Nord,Milano,Giussano,sì
00/01,Provincia di Milano Nord,Milano,Lainate,sì
00/01,Provincia di Milano Nord,Milano,Legnano,sì
00/01,Provincia di Milano Nord,Milano,Lentate sul Seveso,sì
00/01,Provincia di Milano Nord,Milano,Limbiate,sì
00/01,Provincia di Milano Nord,Milano,Lissone,sì
00/01,Provincia di Milano Nord,Milano,Macherio,sì
00/01,Provincia di Milano Nord,Milano,Meda,sì
00/01,Provincia di Milano Nord,Milano,Monza,sì
00/01,Provincia di Milano Nord,Milano,Muggiò,sì
00/01,Provincia di Milano Nord,Milano,Nerviano,sì
00/01,Provincia di Milano Nord,Milano,Nova Milanese,sì
00/01,Provincia di Milano Nord,Milano,Paderno Dugnano,sì
00/01,Provincia di Milano Nord,Milano,Parabiago,sì
00/01,Provincia di Milano Nord,Milano,Rho,sì
00/01,Provincia di Milano Nord,Milano,Senago,sì
00/01,Provincia di Milano Nord,Milano,Seregno,sì
00/01,Provincia di Milano Nord,Milano,Seveso,sì
00/01,Provincia di Milano Nord,Milano,Turbigo,sì
00/01,Provincia di Milano Nord,Milano,Varedo,sì
00/01,Provincia di Milano Nord,Milano,Vedano al Lambro,sì
00/01,Provincia di Milano Nord,Milano,Verano Brianza,sì
00/01,Provincia di Milano Nord,Milano,Villasanta,sì
00/01,Provincia di Milano Nord,Milano,Vimercate,sì
01/02,Milano e dintorni,Milano,Milano,sì
01/02,Milano e dintorni,Milano,Assago,sì
01/02,Milano e dintorni,Milano,Bollate,sì
01/02,Milano e dintorni,Milano,Bresso,sì
01/02,Milano e dintorni,Milano,Buccinasco,sì
01/02,Milano e dintorni,Milano,Cesano Boscone,sì
01/02,Milano e dintorni,Milano,Cinisello Balsamo,sì
01/02,Milano e dintorni,Milano,Cologno Monzese,sì
01/02,Milano e dintorni,Milano,Cormano,sì
01/02,Milano e dintorni,Milano,Corsico,sì
01/02,Milano e dintorni,Milano,Cusano Milanino,sì
01/02,Milano e dintorni,Milano,Novate Milanese,sì
01/02,Milano e dintorni,Milano,Opera,sì
01/02,Milano e dintorni,Milano,Pero,sì
01/02,Milano e dintorni,Milano,Peschiera Borromeo,sì
01/02,Milano e dintorni,Milano,Rozzano,sì
01/02,Milano e dintorni,Milano,San Donato Milanese,sì
01/02,Milano e dintorni,Milano,Segrate,sì
01/02,Milano e dintorni,Milano,Sesto San Giovanni,sì
01/02,Milano e dintorni,Milano,Settimo Milanese,sì
01/02,Milano e dintorni,Milano,Trezzano sul Naviglio,sì
01/02,Milano e dintorni,Milano,Vimodrone,sì
01/02,Provincia di Milano Nord,Milano,Agrate Brianza,sì
01/02,Provincia di Milano Nord,Milano,Albiate,sì
01/02,Provincia di Milano Nord,Milano,Arcore,sì
01/02,Provincia di Milano Nord,Milano,Arese,sì
01/02,Provincia di Milano Nord,Milano,Biassono,sì
01/02,Provincia di Milano Nord,Milano,Bovisio Masciago,sì
01/02,Provincia di Milano Nord,Milano,Brugherio,sì
01/02,Provincia di Milano Nord,Milano,Busto Garolfo,sì
01/02,Provincia di Milano Nord,Milano,Carate Brianza,sì
01/02,Provincia di Milano Nord,Milano,Castano Primo,sì
01/02,Provincia di Milano Nord,Varese,Castellanza,sì
01/02,Provincia di Milano Nord,Milano,Cesano Maderno,sì
01/02,Provincia di Milano Nord,Milano,Concorezzo,sì
01/02,Provincia di Milano Nord,Milano,Cornaredo,sì
01/02,Provincia di Milano Nord,Milano,Desio,sì
01/02,Provincia di Milano Nord,Milano,Garbagnate Milanese,sì
01/02,Provincia di Milano Nord,Milano,Giussano,sì
01/02,Provincia di Milano Nord,Milano,Lainate,sì
01/02,Provincia di Milano Nord,Milano,Legnano,sì
01/02,Provincia di Milano Nord,Milano,Lentate sul Seveso,sì
01/02,Provincia di Milano Nord,Milano,Limbiate,sì
01/02,Provincia di Milano Nord,Milano,Lissone,sì
01/02,Provincia di Milano Nord,Milano,Macherio,sì
01/02,Provincia di Milano Nord,Milano,Meda,sì
01/02,Provincia di Milano Nord,Milano,Monza,sì
01/02,Provincia di Milano Nord,Milano,Muggiò,sì
01/02,Provincia di Milano Nord,Milano,Nerviano,sì
01/02,Provincia di Milano Nord,Milano,Nova Milanese,sì
01/02,Provincia di Milano Nord,Milano,Paderno Dugnano,sì
01/02,Provincia di Milano Nord,Milano,Parabiago,sì
01/02,Provincia di Milano Nord,Milano,Rho,sì
01/02,Provincia di Milano Nord,Milano,Senago,sì
01/02,Provincia di Milano Nord,Milano,Seregno,sì
01/02,Provincia di Milano Nord,Milano,Seveso,sì
01/02,Provincia di Milano Nord,Milano,Turbigo,sì
01/02,Provincia di Milano Nord,Milano,Varedo,sì
01/02,Provincia di Milano Nord,Milano,Vedano al Lambro,sì
01/02,Provincia di Milano Nord,Milano,Verano Brianza,sì
01/02,Provincia di Milano Nord,Milano,Villasanta,sì
01/02,Provincia di Milano Nord,Milano,Vimercate,sì
01/02,Pavia,Pavia,Pavia,sì
01/02,Pavia,Pavia,Belgioioso,sì
01/02,Pavia,Pavia,Broni,sì
01/02,Pavia,Pavia,Casteggio,sì
01/02,Pavia,Pavia,Garlasco,sì
01/02,Pavia,Pavia,Mede,sì
01/02,Pavia,Pavia,Mortara,sì
01/02,Pavia,Pavia,Stradella,sì
01/02,Pavia,Pavia,Vigevano,sì
01/02,Pavia,Pavia,Voghera,sì
02/03,Milano e dintorni,Milano,Milano,sì
02/03,Milano e dintorni,Milano,Assago,sì
02/03,Milano e dintorni,Milano,Bollate,sì
02/03,Milano e dintorni,Milano,Bresso,sì
02/03,Milano e dintorni,Milano,Buccinasco,sì
02/03,Milano e dintorni,Milano,Cesano Boscone,sì
02/03,Milano e dintorni,Milano,Cinisello Balsamo,sì
02/03,Milano e dintorni,Milano,Cologno Monzese,sì
02/03,Milano e dintorni,Milano,Cormano,sì
02/03,Milano e dintorni,Milano,Corsico,sì
02/03,Milano e dintorni,Milano,Cusano Milanino,sì
02/03,Milano e dintorni,Milano,Novate Milanese,sì
02/03,Milano e dintorni,Milano,Opera,sì
02/03,Milano e dintorni,Milano,Pero,sì
02/03,Milano e dintorni,Milano,Peschiera Borromeo,sì
02/03,Milano e dintorni,Milano,Rozzano,sì
02/03,Milano e dintorni,Milano,San Donato Milanese,sì
02/03,Milano e dintorni,Milano,Segrate,sì
02/03,Milano e dintorni,Milano,Sesto San Giovanni,sì
02/03,Milano e dintorni,Milano,Settimo Milanese,sì
02/03,Milano e dintorni,Milano,Trezzano sul Naviglio,sì
02/03,Milano e dintorni,Milano,Vimodrone,sì
02/03,Provincia di Milano Nord,Milano,Agrate Brianza,sì
02/03,Provincia di Milano Nord,Milano,Albiate,sì
02/03,Provincia di Milano Nord,Milano,Arcore,sì
02/03,Provincia di Milano Nord,Milano,Arese,sì
02/03,Provincia di Milano Nord,Milano,Biassono,sì
02/03,Provincia di Milano Nord,Milano,Bovisio Masciago,sì
02/03,Provincia di Milano Nord,Milano,Brugherio,sì
02/03,Provincia di Milano Nord,Milano,Busto Garolfo,sì
02/03,Provincia di Milano Nord,Milano,Carate Brianza,sì
02/03,Provincia di Milano Nord,Milano,Castano Primo,sì
02/03,Provincia di Milano Nord,Varese,Castellanza,sì
02/03,Provincia di Milano Nord,Milano,Cesano Maderno,sì
02/03,Provincia di Milano Nord,Milano,Concorezzo,sì
02/03,Provincia di Milano Nord,Milano,Cornaredo,sì
02/03,Provincia di Milano Nord,Milano,Desio,sì
02/03,Provincia di Milano Nord,Milano,Garbagnate Milanese,sì
02/03,Provincia di Milano Nord,Milano,Giussano,sì
02/03,Provincia di Milano Nord,Milano,Lainate,sì
02/03,Provincia di Milano Nord,Milano,Legnano,sì
02/03,Provincia di Milano Nord,Milano,Lentate sul Seveso,sì
02/03,Provincia di Milano Nord,Milano,Limbiate,sì
02/03,Provincia di Milano Nord,Milano,Lissone,sì
02/03,Provincia di Milano Nord,Milano,Macherio,sì
02/03,Provincia di Milano Nord,Milano,Meda,sì
02/03,Provincia di Milano Nord,Milano,Monza,sì
02/03,Provincia di Milano Nord,Milano,Muggiò,sì
02/03,Provincia di Milano Nord,Milano,Nerviano,sì
02/03,Provincia di Milano Nord,Milano,Nova Milanese,sì
02/03,Provincia di Milano Nord,Milano,Paderno Dugnano,sì
02/03,Provincia di Milano Nord,Milano,Parabiago,sì
02/03,Provincia di Milano Nord,Milano,Rho,sì
02/03,Provincia di Milano Nord,Milano,Senago,sì
02/03,Provincia di Milano Nord,Milano,Seregno,sì
02/03,Provincia di Milano Nord,Milano,Seveso,sì
02/03,Provincia di Milano Nord,Milano,Turbigo,sì
02/03,Provincia di Milano Nord,Milano,Varedo,sì
02/03,Provincia di Milano Nord,Milano,Vedano al Lambro,sì
02/03,Provincia di Milano Nord,Milano,Verano Brianza,sì
02/03,Provincia di Milano Nord,Milano,Villasanta,sì
02/03,Provincia di Milano Nord,Milano,Vimercate,sì
02/03,Pavia,Pavia,Pavia,sì
02/03,Pavia,Pavia,Belgioioso,sì
02/03,Pavia,Pavia,Broni,sì
02/03,Pavia,Pavia,Casteggio,sì
02/03,Pavia,Pavia,Garlasco,sì
02/03,Pavia,Pavia,Mede,sì
02/03,Pavia,Pavia,Mortara,sì
02/03,Pavia,Pavia,Stradella,sì
02/03,Pavia,Pavia,Vigevano,sì
02/03,Pavia,Pavia,Voghera,sì
03/04,Provincia di Milano Nord,Milano,Agrate Brianza,sì
03/04,Provincia di Milano Nord,Milano,Albiate,sì
03/04,Provincia di Milano Nord,Milano,Arcore,sì
03/04,Provincia di Milano Nord,Milano,Arese,sì
03/04,Provincia di Milano Nord,Milano,Biassono,sì
03/04,Provincia di Milano Nord,Milano,Bovisio Masciago,sì
03/04,Provincia di Milano Nord,Milano,Brugherio,sì
03/04,Provincia di Milano Nord,Milano,Busto Garolfo,sì
03/04,Provincia di Milano Nord,Milano,Carate Brianza,sì
03/04,Provincia di Milano Nord,Milano,Castano Primo,sì
03/04,Provincia di Milano Nord,Varese,Castellanza,sì
03/04,Provincia di Milano Nord,Milano,Cesano Maderno,sì
03/04,Provincia di Milano Nord,Milano,Concorezzo,sì
03/04,Provincia di Milano Nord,Milano,Cornaredo,sì
03/04,Provincia di Milano Nord,Milano,Desio,sì
03/04,Provincia di Milano Nord,Milano,Garbagnate Milanese,sì
03/04,Provincia di Milano Nord,Milano,Giussano,sì
03/04,Provincia di Milano Nord,Milano,Lainate,sì
03/04,Provincia di Milano Nord,Milano,Legnano,sì
03/04,Provincia di Milano Nord,Milano,Lentate sul Seveso,sì
03/04,Provincia di Milano Nord,Milano,Limbiate,sì
03/04,Provincia di Milano Nord,Milano,Lissone,sì
03/04,Provincia di Milano Nord,Milano,Macherio,sì
03/04,Provincia di Milano Nord,Milano,Meda,sì
03/04,Provincia di Milano Nord,Milano,Monza,sì
03/04,Provincia di Milano Nord,Milano,Muggiò,sì
03/04,Provincia di Milano Nord,Milano,Nerviano,sì
03/04,Provincia di Milano Nord,Milano,Nova Milanese,sì
03/04,Provincia di Milano Nord,Milano,Paderno Dugnano,sì
03/04,Provincia di Milano Nord,Milano,Parabiago,sì
03/04,Provincia di Milano Nord,Milano,Rho,sì
03/04,Provincia di Milano Nord,Milano,Senago,sì
03/04,Provincia di Milano Nord,Milano,Seregno,sì
03/04,Provincia di Milano Nord,Milano,Seveso,sì
03/04,Provincia di Milano Nord,Milano,Turbigo,sì
03/04,Provincia di Milano Nord,Milano,Varedo,sì
03/04,Provincia di Milano Nord,Milano,Vedano al Lambro,sì
03/04,Provincia di Milano Nord,Milano,Verano Brianza,sì
03/04,Provincia di Milano Nord,Milano,Villasanta,sì
03/04,Provincia di Milano Nord,Milano,Vimercate,sì
03/04,Como - Lecco,Como,Como,sì
03/04,Como - Lecco,Como,Albavilla,sì
03/04,Como - Lecco,Como,Albese con Cassano,sì
03/04,Como - Lecco,Como,Appiano Gentile,sì
03/04,Como - Lecco,Como,Arosio,sì
03/04,Como - Lecco,Como,Cabiate,sì
03/04,Como - Lecco,Como,Cadorago,sì
03/04,Como - Lecco,Como,Cantù,sì
03/04,Como - Lecco,Como,Carugo,sì
03/04,Como - Lecco,Como,Cermenate,sì
03/04,Como - Lecco,Como,Cernobbio,sì
03/04,Como - Lecco,Como,Erba,sì
03/04,Como - Lecco,Como,Fino Mornasco,sì
03/04,Como - Lecco,Como,Guanzate,sì
03/04,Como - Lecco,Como,Inverigo,sì
03/04,Como - Lecco,Como,Lambrugo,sì
03/04,Como - Lecco,Como,Lurago d'Erba,sì
03/04,Como - Lecco,Como,Lurate Caccivio,sì
03/04,Como - Lecco,Como,Mariano Comense,sì
03/04,Como - Lecco,Como,Menaggio,sì
03/04,Como - Lecco,Como,Olgiate Comasco,sì
03/04,Como - Lecco,Como,Orsenigo,sì
03/04,Como - Lecco,Como,Porlezza,sì
03/04,Como - Lecco,Como,Villa Guardia,sì
03/04,Como - Lecco,Como,Lecco,sì
03/04,Como - Lecco,Lecco,Abbadia Lariana,sì
03/04,Como - Lecco,Lecco,Barzanò,sì
03/04,Como - Lecco,Lecco,Bellano,sì
03/04,Como - Lecco,Lecco,Brivio,sì
03/04,Como - Lecco,Como,Calolziocorte,sì
03/04,Como - Lecco,Lecco,Casatenovo,sì
03/04,Como - Lecco,Lecco,Costa Masnaga,sì
03/04,Como - Lecco,Lecco,Dervio,sì
03/04,Como - Lecco,Lecco,Dolzago,sì
03/04,Como - Lecco,Lecco,Lierna,sì
03/04,Como - Lecco,Lecco,Mandello del Lario,sì
03/04,Como - Lecco,Como,Merate,sì
03/04,Como - Lecco,Lecco,Missaglia,sì
03/04,Como - Lecco,Como,Oggiono,sì
03/04,Como - Lecco,Lecco,Olgiate Molgora,sì
03/04,Como - Lecco,Lecco,Olginate,sì
03/04,Como - Lecco,Como,Valmadrera,sì
03/04,Pavia,Pavia,Pavia,sì
03/04,Pavia,Pavia,Belgioioso,sì
03/04,Pavia,Pavia,Broni,sì
03/04,Pavia,Pavia,Casteggio,sì
03/04,Pavia,Pavia,Garlasco,sì
03/04,Pavia,Pavia,Mede,sì
03/04,Pavia,Pavia,Mortara,sì
03/04,Pavia,Pavia,Stradella,sì
03/04,Pavia,Pavia,Vigevano,sì
03/04,Pavia,Pavia,Voghera,sì
04/05,Milano e dintorni,Milano,Milano,sì
04/05,Milano e dintorni,Milano,Assago,sì
04/05,Milano e dintorni,Milano,Bollate,sì
04/05,Milano e dintorni,Milano,Bresso,sì
04/05,Milano e dintorni,Milano,Buccinasco,sì
04/05,Milano e dintorni,Milano,Cesano Boscone,sì
04/05,Milano e dintorni,Milano,Cinisello Balsamo,sì
04/05,Milano e dintorni,Milano,Cologno Monzese,sì
04/05,Milano e dintorni,Milano,Cormano,sì
04/05,Milano e dintorni,Milano,Corsico,sì
04/05,Milano e dintorni,Milano,Cusano Milanino,sì
04/05,Milano e dintorni,Milano,Novate Milanese,sì
04/05,Milano e dintorni,Milano,Opera,sì
04/05,Milano e dintorni,Milano,Pero,sì
04/05,Milano e dintorni,Milano,Peschiera Borromeo,sì
04/05,Milano e dintorni,Milano,Rozzano,sì
04/05,Milano e dintorni,Milano,San Donato Milanese,sì
04/05,Milano e dintorni,Milano,Segrate,sì
04/05,Milano e dintorni,Milano,Sesto San Giovanni,sì
04/05,Milano e dintorni,Milano,Settimo Milanese,sì
04/05,Milano e dintorni,Milano,Trezzano sul Naviglio,sì
04/05,Milano e dintorni,Milano,Vimodrone,sì
04/05,Provincia di Milano Nord,Milano,Agrate Brianza,sì
04/05,Provincia di Milano Nord,Milano,Albiate,sì
04/05,Provincia di Milano Nord,Milano,Arcore,sì
04/05,Provincia di Milano Nord,Milano,Arese,sì
04/05,Provincia di Milano Nord,Milano,Biassono,sì
04/05,Provincia di Milano Nord,Milano,Bovisio Masciago,sì
04/05,Provincia di Milano Nord,Milano,Brugherio,sì
04/05,Provincia di Milano Nord,Milano,Busto Garolfo,sì
04/05,Provincia di Milano Nord,Milano,Carate Brianza,sì
04/05,Provincia di Milano Nord,Milano,Castano Primo,sì
04/05,Provincia di Milano Nord,Varese,Castellanza,sì
04/05,Provincia di Milano Nord,Milano,Cesano Maderno,sì
04/05,Provincia di Milano Nord,Milano,Concorezzo,sì
04/05,Provincia di Milano Nord,Milano,Cornaredo,sì
04/05,Provincia di Milano Nord,Milano,Desio,sì
04/05,Provincia di Milano Nord,Milano,Garbagnate Milanese,sì
04/05,Provincia di Milano Nord,Milano,Giussano,sì
04/05,Provincia di Milano Nord,Milano,Lainate,sì
04/05,Provincia di Milano Nord,Milano,Legnano,sì
04/05,Provincia di Milano Nord,Milano,Lentate sul Seveso,sì
04/05,Provincia di Milano Nord,Milano,Limbiate,sì
04/05,Provincia di Milano Nord,Milano,Lissone,sì
04/05,Provincia di Milano Nord,Milano,Macherio,sì
04/05,Provincia di Milano Nord,Milano,Meda,sì
04/05,Provincia di Milano Nord,Milano,Monza,sì
04/05,Provincia di Milano Nord,Milano,Muggiò,sì
04/05,Provincia di Milano Nord,Milano,Nerviano,sì
04/05,Provincia di Milano Nord,Milano,Nova Milanese,sì
04/05,Provincia di Milano Nord,Milano,Paderno Dugnano,sì
04/05,Provincia di Milano Nord,Milano,Parabiago,sì
04/05,Provincia di Milano Nord,Milano,Rho,sì
04/05,Provincia di Milano Nord,Milano,Senago,sì
04/05,Provincia di Milano Nord,Milano,Seregno,sì
04/05,Provincia di Milano Nord,Milano,Seveso,sì
04/05,Provincia di Milano Nord,Milano,Turbigo,sì
04/05,Provincia di Milano Nord,Milano,Varedo,sì
04/05,Provincia di Milano Nord,Milano,Vedano al Lambro,sì
04/05,Provincia di Milano Nord,Milano,Verano Brianza,sì
04/05,Provincia di Milano Nord,Milano,Villasanta,sì
04/05,Provincia di Milano Nord,Milano,Vimercate,sì
04/05,Pavia,Pavia,Pavia,sì
04/05,Pavia,Pavia,Belgioioso,sì
04/05,Pavia,Pavia,Broni,sì
04/05,Pavia,Pavia,Casteggio,sì
04/05,Pavia,Pavia,Garlasco,sì
04/05,Pavia,Pavia,Mede,sì
04/05,Pavia,Pavia,Mortara,sì
04/05,Pavia,Pavia,Stradella,sì
04/05,Pavia,Pavia,Vigevano,sì
04/05,Pavia,Pavia,Voghera,sì
04/05,Varese,Varese,Varese,sì
04/05,Varese,Varese,Angera,sì
04/05,Varese,Varese,Arcisate,sì
04/05,Varese,Varese,Arsago Seprio,sì
04/05,Varese,Varese,Besozzo,sì
04/05,Varese,Varese,Busto Arsizio,sì
04/05,Varese,Varese,Caronno Pertusella,sì
04/05,Varese,Varese,Cassano Magnago,sì
04/05,Varese,Varese,Fagnano Olona,sì
04/05,Varese,Varese,Gallarate,sì
04/05,Varese,Varese,Gavirate,sì
04/05,Varese,Varese,Gerenzano,sì
04/05,Varese,Varese,Induno Olona,sì
04/05,Varese,Varese,Lonate Pozzolo,sì
04/05,Varese,Varese,Luino,sì
04/05,Varese,Varese,Malnate,sì
04/05,Varese,Varese,Samarate,sì
04/05,Varese,Varese,Saronno,sì
04/05,Varese,Varese,Sesto Calende,sì
04/05,Varese,Varese,Somma Lombardo,sì
04/05,Varese,Varese,Tradate,sì
04/05,Varese,Varese,Uboldo,sì
04/05,Varese,Varese,Vergiate,sì
05/06,Milano e dintorni,Milano,Milano,sì
05/06,Milano e dintorni,Milano,Assago,sì
05/06,Milano e dintorni,Milano,Baranzate,sì
05/06,Milano e dintorni,Milano,Bollate,sì
05/06,Milano e dintorni,Milano,Bresso,sì
05/06,Milano e dintorni,Milano,Buccinasco,sì
05/06,Milano e dintorni,Milano,Cesano Boscone,sì
05/06,Milano e dintorni,Milano,Cinisello Balsamo,sì
05/06,Milano e dintorni,Milano,Cologno Monzese,sì
05/06,Milano e dintorni,Milano,Cormano,sì
05/06,Milano e dintorni,Milano,Corsico,sì
05/06,Milano e dintorni,Milano,Cusano Milanino,sì
05/06,Milano e dintorni,Milano,Novate Milanese,sì
05/06,Milano e dintorni,Milano,Opera,sì
05/06,Milano e dintorni,Milano,Pero,sì
05/06,Milano e dintorni,Milano,Peschiera Borromeo,sì
05/06,Milano e dintorni,Milano,Rozzano,sì
05/06,Milano e dintorni,Milano,San Donato Milanese,sì
05/06,Milano e dintorni,Milano,Segrate,sì
05/06,Milano e dintorni,Milano,Sesto San Giovanni,sì
05/06,Milano e dintorni,Milano,Settimo Milanese,sì
05/06,Milano e dintorni,Milano,Trezzano sul Naviglio,sì
05/06,Milano e dintorni,Milano,Vimodrone,sì
05/06,Provincia di Milano Nord,Milano,Agrate Brianza,sì
05/06,Provincia di Milano Nord,Milano,Albiate,sì
05/06,Provincia di Milano Nord,Milano,Arcore,sì
05/06,Provincia di Milano Nord,Milano,Arese,sì
05/06,Provincia di Milano Nord,Milano,Biassono,sì
05/06,Provincia di Milano Nord,Milano,Bovisio Masciago,sì
05/06,Provincia di Milano Nord,Milano,Brugherio,sì
05/06,Provincia di Milano Nord,Milano,Busto Garolfo,sì
05/06,Provincia di Milano Nord,Milano,Carate Brianza,sì
05/06,Provincia di Milano Nord,Milano,Castano Primo,sì
05/06,Provincia di Milano Nord,Varese,Castellanza,sì
05/06,Provincia di Milano Nord,Milano,Cesano Maderno,sì
05/06,Provincia di Milano Nord,Milano,Concorezzo,sì
05/06,Provincia di Milano Nord,Milano,Cornaredo,sì
05/06,Provincia di Milano Nord,Milano,Desio,sì
05/06,Provincia di Milano Nord,Milano,Garbagnate Milanese,sì
05/06,Provincia di Milano Nord,Milano,Giussano,sì
05/06,Provincia di Milano Nord,Milano,Lainate,sì
05/06,Provincia di Milano Nord,Milano,Legnano,sì
05/06,Provincia di Milano Nord,Milano,Lentate sul Seveso,sì
05/06,Provincia di Milano Nord,Milano,Limbiate,sì
05/06,Provincia di Milano Nord,Milano,Lissone,sì
05/06,Provincia di Milano Nord,Milano,Macherio,sì
05/06,Provincia di Milano Nord,Milano,Meda,sì
05/06,Provincia di Milano Nord,Milano,Monza,sì
05/06,Provincia di Milano Nord,Milano,Muggiò,sì
05/06,Provincia di Milano Nord,Milano,Nerviano,sì
05/06,Provincia di Milano Nord,Milano,Nova Milanese,sì
05/06,Provincia di Milano Nord,Milano,Paderno Dugnano,sì
05/06,Provincia di Milano Nord,Milano,Parabiago,sì
05/06,Provincia di Milano Nord,Milano,Rho,sì
05/06,Provincia di Milano Nord,Milano,Senago,sì
05/06,Provincia di Milano Nord,Milano,Seregno,sì
05/06,Provincia di Milano Nord,Milano,Seveso,sì
05/06,Provincia di Milano Nord,Milano,Turbigo,sì
05/06,Provincia di Milano Nord,Milano,Varedo,sì
05/06,Provincia di Milano Nord,Milano,Vedano al Lambro,sì
05/06,Provincia di Milano Nord,Milano,Verano Brianza,sì
05/06,Provincia di Milano Nord,Milano,Villasanta,sì
05/06,Provincia di Milano Nord,Milano,Vimercate,sì
05/06,Como - Lecco,Como,Como,sì
05/06,Como - Lecco,Como,Albavilla,sì
05/06,Como - Lecco,Como,Albese con Cassano,sì
05/06,Como - Lecco,Como,Appiano Gentile,sì
05/06,Como - Lecco,Como,Arosio,sì
05/06,Como - Lecco,Como,Cabiate,sì
05/06,Como - Lecco,Como,Cadorago,sì
05/06,Como - Lecco,Como,Cantù,sì
05/06,Como - Lecco,Como,Carugo,sì
05/06,Como - Lecco,Como,Cermenate,sì
05/06,Como - Lecco,Como,Cernobbio,sì
05/06,Como - Lecco,Como,Erba,sì
05/06,Como - Lecco,Como,Fino Mornasco,sì
05/06,Como - Lecco,Como,Guanzate,sì
05/06,Como - Lecco,Como,Inverigo,sì
05/06,Como - Lecco,Como,Lambrugo,sì
05/06,Como - Lecco,Como,Lurago d'Erba,sì
05/06,Como - Lecco,Como,Lurate Caccivio,sì
05/06,Como - Lecco,Como,Mariano Comense,sì
05/06,Como - Lecco,Como,Menaggio,sì
05/06,Como - Lecco,Como,Olgiate Comasco,sì
05/06,Como - Lecco,Como,Orsenigo,sì
05/06,Como - Lecco,Como,Porlezza,sì
05/06,Como - Lecco,Como,Villa Guardia,sì
05/06,Como - Lecco,Como,Lecco,sì
05/06,Como - Lecco,Lecco,Abbadia Lariana,sì
05/06,Como - Lecco,Lecco,Barzanò,sì
05/06,Como - Lecco,Lecco,Bellano,sì
05/06,Como - Lecco,Lecco,Brivio,sì
05/06,Como - Lecco,Como,Calolziocorte,sì
05/06,Como - Lecco,Lecco,Casatenovo,sì
05/06,Como - Lecco,Lecco,Costa Masnaga,sì
05/06,Como - Lecco,Lecco,Dervio,sì
05/06,Como - Lecco,Lecco,Dolzago,sì
05/06,Como - Lecco,Lecco,Lierna,sì
05/06,Como - Lecco,Lecco,Mandello del Lario,sì
05/06,Como - Lecco,Como,Merate,sì
05/06,Como - Lecco,Lecco,Missaglia,sì
05/06,Como - Lecco,Como,Oggiono,sì
05/06,Como - Lecco,Lecco,Olgiate Molgora,sì
05/06,Como - Lecco,Lecco,Olginate,sì
05/06,Como - Lecco,Como,Valmadrera,sì
05/06,Pavia,Pavia,Pavia,sì
05/06,Pavia,Pavia,Belgioioso,sì
05/06,Pavia,Pavia,Broni,sì
05/06,Pavia,Pavia,Casteggio,sì
05/06,Pavia,Pavia,Garlasco,sì
05/06,Pavia,Pavia,Mede,sì
05/06,Pavia,Pavia,Mortara,sì
05/06,Pavia,Pavia,Stradella,sì
05/06,Pavia,Pavia,Vigevano,sì
05/06,Pavia,Pavia,Voghera,sì
06/07,Milano e dintorni,Milano,Milano,sì
06/07,Milano e dintorni,Milano,Assago,sì
06/07,Milano e dintorni,Milano,Baranzate,sì
06/07,Milano e dintorni,Milano,Bollate,sì
06/07,Milano e dintorni,Milano,Bresso,sì
06/07,Milano e dintorni,Milano,Buccinasco,sì
06/07,Milano e dintorni,Milano,Cesano Boscone,sì
06/07,Milano e dintorni,Milano,Cinisello Balsamo,sì
06/07,Milano e dintorni,Milano,Cologno Monzese,sì
06/07,Milano e dintorni,Milano,Cormano,sì
06/07,Milano e dintorni,Milano,Corsico,sì
06/07,Milano e dintorni,Milano,Cusano Milanino,sì
06/07,Milano e dintorni,Milano,Novate Milanese,sì
06/07,Milano e dintorni,Milano,Opera,sì
06/07,Milano e dintorni,Milano,Pero,sì
06/07,Milano e dintorni,Milano,Peschiera Borromeo,sì
06/07,Milano e dintorni,Milano,Rozzano,sì
06/07,Milano e dintorni,Milano,San Donato Milanese,sì
06/07,Milano e dintorni,Milano,Segrate,sì
06/07,Milano e dintorni,Milano,Sesto San Giovanni,sì
06/07,Milano e dintorni,Milano,Settimo Milanese,sì
06/07,Milano e dintorni,Milano,Trezzano sul Naviglio,sì
06/07,Milano e dintorni,Milano,Vimodrone,sì
06/07,Provincia di Milano Nord,Milano,Monza,sì
06/07,Provincia di Milano Nord,Milano,Agrate Brianza,sì
06/07,Provincia di Milano Nord,Milano,Arese,sì
06/07,Provincia di Milano Nord,Milano,Albiate,sì
06/07,Provincia di Milano Nord,Milano,Arcore,sì
06/07,Provincia di Milano Nord,Milano,Biassono,sì
06/07,Provincia di Milano Nord,Milano,Brugherio,sì
06/07,Provincia di Milano Nord,Milano,Busto Garolfo,sì
06/07,Provincia di Milano Nord,Milano,Carate Brianza,sì
06/07,Provincia di Milano Nord,Milano,Castano Primo,sì
06/07,Provincia di Milano Nord,Varese,Castellanza,sì
06/07,Provincia di Milano Nord,Milano,Cesano Maderno,sì
06/07,Provincia di Milano Nord,Milano,Concorezzo,sì
06/07,Provincia di Milano Nord,Milano,Cornaredo,sì
06/07,Provincia di Milano Nord,Milano,Garbagnate Milanese,sì
06/07,Provincia di Milano Nord,Milano,Desio,sì
06/07,Provincia di Milano Nord,Milano,Giussano,sì
06/07,Provincia di Milano Nord,Milano,Lainate,sì
06/07,Provincia di Milano Nord,Milano,Legnano,sì
06/07,Provincia di Milano Nord,Milano,Lentate sul Seveso,sì
06/07,Provincia di Milano Nord,Milano,Bovisio,sì
06/07,Provincia di Milano Nord,Milano,Lissone,sì
06/07,Provincia di Milano Nord,Milano,Limbiate,sì
06/07,Provincia di Milano Nord,Milano,Macherio,sì
06/07,Provincia di Milano Nord,Milano,Meda,sì
06/07,Provincia di Milano Nord,Milano,Muggiò,sì
06/07,Provincia di Milano Nord,Milano,Nerviano,sì
06/07,Provincia di Milano Nord,Milano,Nova Milanese,sì
06/07,Provincia di Milano Nord,Milano,Paderno Dugnano,sì
06/07,Provincia di Milano Nord,Milano,Parabiago,sì
06/07,Provincia di Milano Nord,Milano,Senago,sì
06/07,Provincia di Milano Nord,Milano,Rho,sì
06/07,Provincia di Milano Nord,Milano,Seregno,sì
06/07,Provincia di Milano Nord,Milano,Seveso,sì
06/07,Provincia di Milano Nord,Milano,Turbigo,sì
06/07,Provincia di Milano Nord,Milano,Varedo,sì
06/07,Provincia di Milano Nord,Milano,Verano Brianza,sì
06/07,Provincia di Milano Nord,Milano,Villasanta,sì
06/07,Provincia di Milano Nord,Milano,Vimercate,sì
06/07,Como - Lecco,Como,Como,sì
06/07,Como - Lecco,Como,Albavilla,sì
06/07,Como - Lecco,Como,Albese con Cassano,sì
06/07,Como - Lecco,Como,Appiano Gentile,sì
06/07,Como - Lecco,Como,Arosio,sì
06/07,Como - Lecco,Como,Cabiate,sì
06/07,Como - Lecco,Como,Cadorago,sì
06/07,Como - Lecco,Como,Cantù,sì
06/07,Como - Lecco,Como,Carugo,sì
06/07,Como - Lecco,Como,Cermenate,sì
06/07,Como - Lecco,Como,Cernobbio,sì
06/07,Como - Lecco,Como,Erba,sì
06/07,Como - Lecco,Como,Fino Mornasco,sì
06/07,Como - Lecco,Como,Guanzate,sì
06/07,Como - Lecco,Como,Inverigo,sì
06/07,Como - Lecco,Como,Lambrugo,sì
06/07,Como - Lecco,Como,Lurago d'Erba,sì
06/07,Como - Lecco,Como,Lurate Caccivio,sì
06/07,Como - Lecco,Como,Mariano Comense,sì
06/07,Como - Lecco,Como,Menaggio,sì
06/07,Como - Lecco,Como,Olgiate Comasco,sì
06/07,Como - Lecco,Como,Orsenigo,sì
06/07,Como - Lecco,Como,Porlezza,sì
06/07,Como - Lecco,Como,Villa Guardia,sì
06/07,Como - Lecco,Como,Lecco,sì
06/07,Como - Lecco,Lecco,Abbadia Lariana,sì
06/07,Como - Lecco,Lecco,Barzanò,sì
06/07,Como - Lecco,Lecco,Bellano,sì
06/07,Como - Lecco,Lecco,Brivio,sì
06/07,Como - Lecco,Como,Calolziocorte,sì
06/07,Como - Lecco,Lecco,Casatenovo,sì
06/07,Como - Lecco,Lecco,Costa Masnaga,sì
06/07,Como - Lecco,Lecco,Dervio,sì
06/07,Como - Lecco,Lecco,Dolzago,sì
06/07,Como - Lecco,Lecco,Lierna,sì
06/07,Como - Lecco,Lecco,Mandello del Lario,sì
06/07,Como - Lecco,Como,Merate,sì
06/07,Como - Lecco,Lecco,Missaglia,sì
06/07,Como - Lecco,Como,Oggiono,sì
06/07,Como - Lecco,Lecco,Olgiate Molgora,sì
06/07,Como - Lecco,Lecco,Olginate,sì
06/07,Como - Lecco,Como,Valmadrera,sì
06/07,Pavia,Pavia,Pavia,sì
06/07,Pavia,Pavia,Belgioioso,sì
06/07,Pavia,Pavia,Broni,sì
06/07,Pavia,Pavia,Casteggio,sì
06/07,Pavia,Pavia,Garlasco,sì
06/07,Pavia,Pavia,Mede,sì
06/07,Pavia,Pavia,Mortara,sì
06/07,Pavia,Pavia,Stradella,sì
06/07,Pavia,Pavia,Vigevano,sì
06/07,Pavia,Pavia,Voghera,sì
06/07,Varese,Varese,Varese,sì
06/07,Varese,Varese,Angera,sì
06/07,Varese,Varese,Arcisate,sì
06/07,Varese,Varese,Arsago Seprio,sì
06/07,Varese,Varese,Besozzo,sì
06/07,Varese,Varese,Busto Arsizio,sì
06/07,Varese,Varese,Caronno Pertusella,sì
06/07,Varese,Varese,Cassano Magnago,sì
06/07,Varese,Varese,Fagnano Olona,sì
06/07,Varese,Varese,Gallarate,sì
06/07,Varese,Varese,Gavirate,sì
06/07,Varese,Varese,Gerenzano,sì
06/07,Varese,Varese,Induno Olona,sì
06/07,Varese,Varese,Lonate Pozzolo,sì
06/07,Varese,Varese,Luino,sì
06/07,Varese,Varese,Malnate,sì
06/07,Varese,Varese,Samarate,sì
06/07,Varese,Varese,Saronno,sì
06/07,Varese,Varese,Sesto Calende,sì
06/07,Varese,Varese,Somma Lombardo,sì
06/07,Varese,Varese,Tradate,sì
06/07,Varese,Varese,Uboldo,sì
06/07,Varese,Varese,Vergiate,sì
06/07,Bergamo,Bergamo,Bergamo,sì
06/07,Bergamo,Bergamo,Albino,sì
06/07,Bergamo,Bergamo,Almè,sì
06/07,Bergamo,Bergamo,Azzano San Paolo,sì
06/07,Bergamo,Bergamo,Calusco d'Adda,sì
06/07,Bergamo,Bergamo,Caravaggio,sì
06/07,Bergamo,Bergamo,Clusone,sì
06/07,Bergamo,Bergamo,Curno,sì
06/07,Bergamo,Bergamo,Dalmine,sì
06/07,Bergamo,Bergamo,Grassobbio,sì
06/07,Bergamo,Bergamo,Medolago,sì
06/07,Bergamo,Bergamo,Nembro,sì
06/07,Bergamo,Bergamo,Osio Sotto,sì
06/07,Bergamo,Bergamo,Ponte San Pietro,sì
06/07,Bergamo,Bergamo,Romano di Lombardia,sì
06/07,Bergamo,Bergamo,Sarnico,sì
06/07,Bergamo,Bergamo,Seriate,sì
06/07,Bergamo,Bergamo,Trescore Balneario,sì
06/07,Bergamo,Bergamo,Treviglio,sì
06/07,Bergamo,Bergamo,Zogno,sì
07/08,Milano e dintorni,Milano,Milano,sì
07/08,Milano e dintorni,Milano,Assago,sì
07/08,Milano e dintorni,Milano,Baranzate,sì
07/08,Milano e dintorni,Milano,Bollate,sì
07/08,Milano e dintorni,Milano,Bresso,sì
07/08,Milano e dintorni,Milano,Buccinasco,sì
07/08,Milano e dintorni,Milano,Cesano Boscone,sì
07/08,Milano e dintorni,Milano,Cinisello Balsamo,sì
07/08,Milano e dintorni,Milano,Cologno Monzese,sì
07/08,Milano e dintorni,Milano,Cormano,sì
07/08,Milano e dintorni,Milano,Corsico,sì
07/08,Milano e dintorni,Milano,Cusano Milanino,sì
07/08,Milano e dintorni,Milano,Novate Milanese,sì
07/08,Milano e dintorni,Milano,Opera,sì
07/08,Milano e dintorni,Milano,Pero,sì
07/08,Milano e dintorni,Milano,Peschiera Borromeo,sì
07/08,Milano e dintorni,Milano,Rozzano,sì
07/08,Milano e dintorni,Milano,San Donato Milanese,sì
07/08,Milano e dintorni,Milano,Segrate,sì
07/08,Milano e dintorni,Milano,Sesto San Giovanni,sì
07/08,Milano e dintorni,Milano,Settimo Milanese,sì
07/08,Milano e dintorni,Milano,Trezzano sul Naviglio,sì
07/08,Milano e dintorni,Milano,Vimodrone,sì
07/08,Provincia di Milano Nord,Milano,Monza,sì
07/08,Provincia di Milano Nord,Milano,Agrate Brianza,sì
07/08,Provincia di Milano Nord,Milano,Arese,sì
07/08,Provincia di Milano Nord,Milano,Albiate,sì
07/08,Provincia di Milano Nord,Milano,Arcore,sì
07/08,Provincia di Milano Nord,Milano,Biassono,sì
07/08,Provincia di Milano Nord,Milano,Brugherio,sì
07/08,Provincia di Milano Nord,Milano,Busto Garolfo,sì
07/08,Provincia di Milano Nord,Milano,Carate Brianza,sì
07/08,Provincia di Milano Nord,Milano,Castano Primo,sì
07/08,Provincia di Milano Nord,Varese,Castellanza,sì
07/08,Provincia di Milano Nord,Milano,Cesano Maderno,sì
07/08,Provincia di Milano Nord,Milano,Concorezzo,sì
07/08,Provincia di Milano Nord,Milano,Cornaredo,sì
07/08,Provincia di Milano Nord,Milano,Garbagnate Milanese,sì
07/08,Provincia di Milano Nord,Milano,Desio,sì
07/08,Provincia di Milano Nord,Milano,Giussano,sì
07/08,Provincia di Milano Nord,Milano,Lainate,sì
07/08,Provincia di Milano Nord,Milano,Legnano,sì
07/08,Provincia di Milano Nord,Milano,Lentate sul Seveso,sì
07/08,Provincia di Milano Nord,Milano,Bovisio,sì
07/08,Provincia di Milano Nord,Milano,Lissone,sì
07/08,Provincia di Milano Nord,Milano,Limbiate,sì
07/08,Provincia di Milano Nord,Milano,Macherio,sì
07/08,Provincia di Milano Nord,Milano,Meda,sì
07/08,Provincia di Milano Nord,Milano,Muggiò,sì
07/08,Provincia di Milano Nord,Milano,Nerviano,sì
07/08,Provincia di Milano Nord,Milano,Nova Milanese,sì
07/08,Provincia di Milano Nord,Milano,Paderno Dugnano,sì
07/08,Provincia di Milano Nord,Milano,Parabiago,sì
07/08,Provincia di Milano Nord,Milano,Senago,sì
07/08,Provincia di Milano Nord,Milano,Rho,sì
07/08,Provincia di Milano Nord,Milano,Seregno,sì
07/08,Provincia di Milano Nord,Milano,Seveso,sì
07/08,Provincia di Milano Nord,Milano,Turbigo,sì
07/08,Provincia di Milano Nord,Milano,Varedo,sì
07/08,Provincia di Milano Nord,Milano,Vedano al Lambro,sì
07/08,Provincia di Milano Nord,Milano,Verano Brianza,sì
07/08,Provincia di Milano Nord,Milano,Villasanta,sì
07/08,Provincia di Milano Nord,Milano,Vimercate,sì
07/08,Como - Lecco,Como,Como,sì
07/08,Como - Lecco,Como,Albavilla,sì
07/08,Como - Lecco,Como,Albese con Cassano,sì
07/08,Como - Lecco,Como,Appiano Gentile,sì
07/08,Como - Lecco,Como,Arosio,sì
07/08,Como - Lecco,Como,Cabiate,sì
07/08,Como - Lecco,Como,Cadorago,sì
07/08,Como - Lecco,Como,Cantù,sì
07/08,Como - Lecco,Como,Carugo,sì
07/08,Como - Lecco,Como,Cermenate,sì
07/08,Como - Lecco,Como,Cernobbio,sì
07/08,Como - Lecco,Como,Erba,sì
07/08,Como - Lecco,Como,Fino Mornasco,sì
07/08,Como - Lecco,Como,Guanzate,sì
07/08,Como - Lecco,Como,Inverigo,sì
07/08,Como - Lecco,Como,Lambrugo,sì
07/08,Como - Lecco,Como,Lurago d'Erba,sì
07/08,Como - Lecco,Como,Lurate Caccivio,sì
07/08,Como - Lecco,Como,Mariano Comense,sì
07/08,Como - Lecco,Como,Menaggio,sì
07/08,Como - Lecco,Como,Olgiate Comasco,sì
07/08,Como - Lecco,Como,Orsenigo,sì
07/08,Como - Lecco,Como,Porlezza,sì
07/08,Como - Lecco,Como,Villa Guardia,sì
07/08,Como - Lecco,Como,Lecco,sì
07/08,Como - Lecco,Lecco,Abbadia Lariana,sì
07/08,Como - Lecco,Lecco,Barzanò,sì
07/08,Como - Lecco,Lecco,Bellano,sì
07/08,Como - Lecco,Lecco,Brivio,sì
07/08,Como - Lecco,Como,Calolziocorte,sì
07/08,Como - Lecco,Lecco,Casatenovo,sì
07/08,Como - Lecco,Lecco,Costa Masnaga,sì
07/08,Como - Lecco,Lecco,Dervio,sì
07/08,Como - Lecco,Lecco,Dolzago,sì
07/08,Como - Lecco,Lecco,Lierna,sì
07/08,Como - Lecco,Lecco,Mandello del Lario,sì
07/08,Como - Lecco,Como,Merate,sì
07/08,Como - Lecco,Lecco,Missaglia,sì
07/08,Como - Lecco,Como,Oggiono,sì
07/08,Como - Lecco,Lecco,Olgiate Molgora,sì
07/08,Como - Lecco,Lecco,Olginate,sì
07/08,Como - Lecco,Como,Valmadrera,sì
07/08,Pavia,Pavia,Pavia,sì
07/08,Pavia,Pavia,Belgioioso,sì
07/08,Pavia,Pavia,Broni,sì
07/08,Pavia,Pavia,Casteggio,sì
07/08,Pavia,Pavia,Garlasco,sì
07/08,Pavia,Pavia,Mede,sì
07/08,Pavia,Pavia,Mortara,sì
07/08,Pavia,Pavia,Stradella,sì
07/08,Pavia,Pavia,Vigevano,sì
07/08,Pavia,Pavia,Voghera,sì
08/09,Milano e dintorni,Milano,Milano,sì
08/09,Milano e dintorni,Milano,Assago,sì
08/09,Milano e dintorni,Milano,Baranzate,sì
08/09,Milano e dintorni,Milano,Bollate,sì
08/09,Milano e dintorni,Milano,Bresso,sì
08/09,Milano e dintorni,Milano,Buccinasco,sì
08/09,Milano e dintorni,Milano,Cesano Boscone,sì
08/09,Milano e dintorni,Milano,Cinisello Balsamo,sì
08/09,Milano e dintorni,Milano,Cologno Monzese,sì
08/09,Milano e dintorni,Milano,Cormano,sì
08/09,Milano e dintorni,Milano,Corsico,sì
08/09,Milano e dintorni,Milano,Cusano Milanino,sì
08/09,Milano e dintorni,Milano,Novate Milanese,sì
08/09,Milano e dintorni,Milano,Opera,sì
08/09,Milano e dintorni,Milano,Pero,sì
08/09,Milano e dintorni,Milano,Peschiera Borromeo,sì
08/09,Milano e dintorni,Milano,Rozzano,sì
08/09,Milano e dintorni,Milano,San Donato Milanese,sì
08/09,Milano e dintorni,Milano,Segrate,sì
08/09,Milano e dintorni,Milano,Sesto San Giovanni,sì
08/09,Milano e dintorni,Milano,Settimo Milanese,sì
08/09,Milano e dintorni,Milano,Trezzano sul Naviglio,sì
08/09,Milano e dintorni,Milano,Vimodrone,sì
08/09,Provincia di Milano Nord,Milano,Monza,sì
08/09,Provincia di Milano Nord,Milano,Agrate Brianza,sì
08/09,Provincia di Milano Nord,Milano,Arese,sì
08/09,Provincia di Milano Nord,Milano,Albiate,sì
08/09,Provincia di Milano Nord,Milano,Arcore,sì
08/09,Provincia di Milano Nord,Milano,Biassono,sì
08/09,Provincia di Milano Nord,Milano,Brugherio,sì
08/09,Provincia di Milano Nord,Milano,Busto Garolfo,sì
08/09,Provincia di Milano Nord,Milano,Carate Brianza,sì
08/09,Provincia di Milano Nord,Milano,Castano Primo,sì
08/09,Provincia di Milano Nord,Varese,Castellanza,sì
08/09,Provincia di Milano Nord,Milano,Cesano Maderno,sì
08/09,Provincia di Milano Nord,Milano,Concorezzo,sì
08/09,Provincia di Milano Nord,Milano,Cornaredo,sì
08/09,Provincia di Milano Nord,Milano,Garbagnate Milanese,sì
08/09,Provincia di Milano Nord,Milano,Desio,sì
08/09,Provincia di Milano Nord,Milano,Giussano,sì
08/09,Provincia di Milano Nord,Milano,Lainate,sì
08/09,Provincia di Milano Nord,Milano,Legnano,sì
08/09,Provincia di Milano Nord,Milano,Lentate sul Seveso,sì
08/09,Provincia di Milano Nord,Milano,Bovisio,sì
08/09,Provincia di Milano Nord,Milano,Lissone,sì
08/09,Provincia di Milano Nord,Milano,Limbiate,sì
08/09,Provincia di Milano Nord,Milano,Macherio,sì
08/09,Provincia di Milano Nord,Milano,Meda,sì
08/09,Provincia di Milano Nord,Milano,Muggiò,sì
08/09,Provincia di Milano Nord,Milano,Nerviano,sì
08/09,Provincia di Milano Nord,Milano,Nova Milanese,sì
08/09,Provincia di Milano Nord,Milano,Paderno Dugnano,sì
08/09,Provincia di Milano Nord,Milano,Parabiago,sì
08/09,Provincia di Milano Nord,Milano,Senago,sì
08/09,Provincia di Milano Nord,Milano,Rho,sì
08/09,Provincia di Milano Nord,Milano,Seregno,sì
08/09,Provincia di Milano Nord,Milano,Seveso,sì
08/09,Provincia di Milano Nord,Milano,Turbigo,sì
08/09,Provincia di Milano Nord,Milano,Varedo,sì
08/09,Provincia di Milano Nord,Milano,Vedano al Lambro,sì
08/09,Provincia di Milano Nord,Milano,Verano Brianza,sì
08/09,Provincia di Milano Nord,Milano,Villasanta,sì
08/09,Provincia di Milano Nord,Milano,Vimercate,sì
08/09,Lodi - Provincia di Milano Sud,Milano,Lodi,sì
08/09,Lodi - Provincia di Milano Sud,Lodi,Castelpusterlengo,sì
08/09,Lodi - Provincia di Milano Sud,Milano,Codogno,sì
08/09,Lodi - Provincia di Milano Sud,Milano,Sant'Angelo Lodigiano,sì
08/09,Lodi - Provincia di Milano Sud,Milano,Abbiategrasso,sì
08/09,Lodi - Provincia di Milano Sud,Milano,Bareggio,sì
08/09,Lodi - Provincia di Milano Sud,Milano,Basiglio,sì
08/09,Lodi - Provincia di Milano Sud,Milano,Binasco,sì
08/09,Lodi - Provincia di Milano Sud,Milano,Carugate,sì
08/09,Lodi - Provincia di Milano Sud,Pavia,Casorate Primo,sì
08/09,Lodi - Provincia di Milano Sud,Milano,Cassina de' Pecchi,sì
08/09,Lodi - Provincia di Milano Sud,Milano,Cernusco sul Naviglio,sì
08/09,Lodi - Provincia di Milano Sud,Milano,Corbetta,sì
08/09,Lodi - Provincia di Milano Sud,Milano,Cusago,sì
08/09,Lodi - Provincia di Milano Sud,Milano,Gorgonzola,sì
08/09,Lodi - Provincia di Milano Sud,Milano,Inzago,sì
08/09,Lodi - Provincia di Milano Sud,Milano,Magenta,sì
08/09,Lodi - Provincia di Milano Sud,Milano,Melegnano,sì
08/09,Lodi - Provincia di Milano Sud,Milano,Melzo,sì
08/09,Lodi - Provincia di Milano Sud,Milano,Paullo,sì
08/09,Lodi - Provincia di Milano Sud,Milano,Pieve Emanuele,sì
08/09,Lodi - Provincia di Milano Sud,Milano,Pioltello,sì
08/09,Lodi - Provincia di Milano Sud,Milano,San Giuliano Milanese,sì
08/09,Lodi - Provincia di Milano Sud,Milano,Trezzo sull'Adda,sì
08/09,Lodi - Provincia di Milano Sud,Milano,Zibido San Giacomo,sì
08/09,Como - Lecco,Como,Como,sì
08/09,Como - Lecco,Como,Albavilla,sì
08/09,Como - Lecco,Como,Albese con Cassano,sì
08/09,Como - Lecco,Como,Appiano Gentile,sì
08/09,Como - Lecco,Como,Arosio,sì
08/09,Como - Lecco,Como,Cabiate,sì
08/09,Como - Lecco,Como,Cadorago,sì
08/09,Como - Lecco,Como,Cantù,sì
08/09,Como - Lecco,Como,Carugo,sì
08/09,Como - Lecco,Como,Cermenate,sì
08/09,Como - Lecco,Como,Cernobbio,sì
08/09,Como - Lecco,Como,Erba,sì
08/09,Como - Lecco,Como,Fino Mornasco,sì
08/09,Como - Lecco,Como,Guanzate,sì
08/09,Como - Lecco,Como,Inverigo,sì
08/09,Como - Lecco,Como,Lambrugo,sì
08/09,Como - Lecco,Como,Lurago d'Erba,sì
08/09,Como - Lecco,Como,Lurate Caccivio,sì
08/09,Como - Lecco,Como,Mariano Comense,sì
08/09,Como - Lecco,Como,Menaggio,sì
08/09,Como - Lecco,Como,Olgiate Comasco,sì
08/09,Como - Lecco,Como,Orsenigo,sì
08/09,Como - Lecco,Como,Porlezza,sì
08/09,Como - Lecco,Como,Villa Guardia,sì
08/09,Como - Lecco,Como,Lecco,sì
08/09,Como - Lecco,Lecco,Abbadia Lariana,sì
08/09,Como - Lecco,Lecco,Barzanò,sì
08/09,Como - Lecco,Lecco,Bellano,sì
08/09,Como - Lecco,Lecco,Brivio,sì
08/09,Como - Lecco,Como,Calolziocorte,sì
08/09,Como - Lecco,Lecco,Casatenovo,sì
08/09,Como - Lecco,Lecco,Costa Masnaga,sì
08/09,Como - Lecco,Lecco,Dervio,sì
08/09,Como - Lecco,Lecco,Dolzago,sì
08/09,Como - Lecco,Lecco,Lierna,sì
08/09,Como - Lecco,Lecco,Mandello del Lario,sì
08/09,Como - Lecco,Como,Merate,sì
08/09,Como - Lecco,Lecco,Missaglia,sì
08/09,Como - Lecco,Como,Oggiono,sì
08/09,Como - Lecco,Lecco,Olgiate Molgora,sì
08/09,Como - Lecco,Lecco,Olginate,sì
08/09,Como - Lecco,Como,Valmadrera,sì
08/09,Brescia,Brescia,Brescia,sì
08/09,Brescia,Brescia,Bedizzole,sì
08/09,Brescia,Brescia,Botticino,sì
08/09,Brescia,Brescia,Chiari,sì
08/09,Brescia,Brescia,Clusane,sì
08/09,Brescia,Brescia,Concesio,sì
08/09,Brescia,Brescia,Darfo Boario Terme,sì
08/09,Brescia,Brescia,Desenzano del Garda,sì
08/09,Brescia,Brescia,Ghedi,sì
08/09,Brescia,Brescia,Gussago,sì
08/09,Brescia,Brescia,Iseo,sì
08/09,Brescia,Brescia,Lumezzane,sì
08/09,Brescia,Brescia,Manerbio,sì
08/09,Brescia,Brescia,Montichiari,sì
08/09,Brescia,Brescia,Palazzolo sull'Oglio,sì
08/09,Brescia,Brescia,Rezzato,sì
08/09,Brescia,Brescia,Roncadelle,sì
08/09,Brescia,Brescia,Rovato,sì
08/09,Brescia,Brescia,Salò,sì
08/09,Brescia,Brescia,San Zeno Naviglio,sì
09/10,Milano e dintorni,Milano,Milano,sì
09/10,Milano e dintorni,Milano,Assago,sì
09/10,Milano e dintorni,Milano,Baranzate,sì
09/10,Milano e dintorni,Milano,Bollate,sì
09/10,Milano e dintorni,Milano,Bresso,sì
09/10,Milano e dintorni,Milano,Buccinasco,sì
09/10,Milano e dintorni,Milano,Cesano Boscone,sì
09/10,Milano e dintorni,Milano,Cinisello Balsamo,sì
09/10,Milano e dintorni,Milano,Cologno Monzese,sì
09/10,Milano e dintorni,Milano,Cormano,sì
09/10,Milano e dintorni,Milano,Corsico,sì
09/10,Milano e dintorni,Milano,Cusano Milanino,sì
09/10,Milano e dintorni,Milano,Novate Milanese,sì
09/10,Milano e dintorni,Milano,Opera,sì
09/10,Milano e dintorni,Milano,Pero,sì
09/10,Milano e dintorni,Milano,Peschiera Borromeo,sì
09/10,Milano e dintorni,Milano,Rozzano,sì
09/10,Milano e dintorni,Milano,San Donato Milanese,sì
09/10,Milano e dintorni,Milano,Segrate,sì
09/10,Milano e dintorni,Milano,Sesto San Giovanni,sì
09/10,Milano e dintorni,Milano,Settimo Milanese,sì
09/10,Milano e dintorni,Milano,Trezzano sul Naviglio,sì
09/10,Milano e dintorni,Milano,Vimodrone,sì
09/10,Provincia di Milano Nord,Milano,Monza,sì
09/10,Provincia di Milano Nord,Milano,Agrate Brianza,sì
09/10,Provincia di Milano Nord,Milano,Arese,sì
09/10,Provincia di Milano Nord,Milano,Albiate,sì
09/10,Provincia di Milano Nord,Milano,Arcore,sì
09/10,Provincia di Milano Nord,Milano,Biassono,sì
09/10,Provincia di Milano Nord,Milano,Brugherio,sì
09/10,Provincia di Milano Nord,Milano,Busto Garolfo,sì
09/10,Provincia di Milano Nord,Milano,Carate Brianza,sì
09/10,Provincia di Milano Nord,Milano,Castano Primo,sì
09/10,Provincia di Milano Nord,Varese,Castellanza,sì
09/10,Provincia di Milano Nord,Milano,Cesano Maderno,sì
09/10,Provincia di Milano Nord,Milano,Concorezzo,sì
09/10,Provincia di Milano Nord,Milano,Cornaredo,sì
09/10,Provincia di Milano Nord,Milano,Garbagnate Milanese,sì
09/10,Provincia di Milano Nord,Milano,Desio,sì
09/10,Provincia di Milano Nord,Milano,Giussano,sì
09/10,Provincia di Milano Nord,Milano,Lainate,sì
09/10,Provincia di Milano Nord,Milano,Legnano,sì
09/10,Provincia di Milano Nord,Milano,Lentate sul Seveso,sì
09/10,Provincia di Milano Nord,Milano,Bovisio,sì
09/10,Provincia di Milano Nord,Milano,Lissone,sì
09/10,Provincia di Milano Nord,Milano,Limbiate,sì
09/10,Provincia di Milano Nord,Milano,Macherio,sì
09/10,Provincia di Milano Nord,Milano,Meda,sì
09/10,Provincia di Milano Nord,Milano,Muggiò,sì
09/10,Provincia di Milano Nord,Milano,Nerviano,sì
09/10,Provincia di Milano Nord,Milano,Nova Milanese,sì
09/10,Provincia di Milano Nord,Milano,Paderno Dugnano,sì
09/10,Provincia di Milano Nord,Milano,Parabiago,sì
09/10,Provincia di Milano Nord,Milano,Senago,sì
09/10,Provincia di Milano Nord,Milano,Rho,sì
09/10,Provincia di Milano Nord,Milano,Seregno,sì
09/10,Provincia di Milano Nord,Milano,Seveso,sì
09/10,Provincia di Milano Nord,Milano,Turbigo,sì
09/10,Provincia di Milano Nord,Milano,Varedo,sì
09/10,Provincia di Milano Nord,Milano,Vedano al Lambro,sì
09/10,Provincia di Milano Nord,Milano,Verano Brianza,sì
09/10,Provincia di Milano Nord,Milano,Villasanta,sì
09/10,Provincia di Milano Nord,Milano,Vimercate,sì
10/11,Milano e dintorni,Milano,Milano,sì
10/11,Milano e dintorni,Milano,Bollate,sì
10/11,Milano e dintorni,Milano,Buccinasco,sì
10/11,Milano e dintorni,Milano,Corsico,sì
10/11,Milano e dintorni,Milano,Novate Milanese,sì
10/11,Milano e dintorni,Milano,Pero,sì
10/11,Milano e dintorni,Milano,Peschiera Borromeo,sì
10/11,Milano e dintorni,Milano,Rozzano,sì
10/11,Milano e dintorni,Milano,San Donato Milanese,sì
10/11,Milano e dintorni,Milano,Sesto San Giovanni,sì
10/11,Milano e dintorni,Milano,Settimo Milanese,sì
11/12,Milano e dintorni,Milano,Milano,sì
11/12,Milano e dintorni,Milano,Corsico,sì
11/12,Milano e dintorni,Milano,Novate Milanese,sì
11/12,Milano e dintorni,Milano,Settimo Milanese,sì
11/12,Monza e Brianza - Provincia di Milano Nord,Milano,Monza,sì
11/12,Monza e Brianza - Provincia di Milano Nord,Milano,Agrate Brianza,sì
11/12,Monza e Brianza - Provincia di Milano Nord,Milano,Brugherio,sì
11/12,Monza e Brianza - Provincia di Milano Nord,Milano,Cesano Maderno,sì
11/12,Monza e Brianza - Provincia di Milano Nord,Milano,Limbiate,sì
11/12,Monza e Brianza - Provincia di Milano Nord,Milano,Lissone,sì
11/12,Monza e Brianza - Provincia di Milano Nord,Milano,Seregno,sì
11/12,Monza e Brianza - Provincia di Milano Nord,Milano,Vimercate,sì
11/12,Monza e Brianza - Provincia di Milano Nord,Milano,Legnano,sì
11/12,Monza e Brianza - Provincia di Milano Nord,Milano,Rho,sì
11/12,Como - Lecco,Como,Como,sì
11/12,Como - Lecco,Como,Albese con Cassano,sì
11/12,Como - Lecco,Como,Arosio,sì
11/12,Como - Lecco,Como,Cantù,sì
11/12,Como - Lecco,Como,Carugo,sì
11/12,Como - Lecco,Como,Cernobbio,sì
11/12,Como - Lecco,Como,Erba,sì
11/12,Como - Lecco,Como,Fino Mornasco,sì
11/12,Como - Lecco,Como,Inverigo,sì
11/12,Como - Lecco,Como,Lurano d'Erba,sì
11/12,Como - Lecco,Como,Lurate Caccivio,sì
11/12,Como - Lecco,Como,Mariano Comense,sì
11/12,Como - Lecco,Como,Menaggio,sì
11/12,Como - Lecco,Como,Olgiate Comasco,sì
11/12,Como - Lecco,Como,Porlezza,sì
11/12,Como - Lecco,Como,Lecco,sì
11/12,Como - Lecco,Como,Calolziocorte,sì
11/12,Como - Lecco,Como,Merate,sì
11/12,Como - Lecco,Como,Oggiono,sì
11/12,Como - Lecco,Lecco,Olgiate Molgora,sì
12/13,Como - Lecco,Como,Como,sì
12/13,Como - Lecco,Como,Albese con Cassano,sì
12/13,Como - Lecco,Como,Arosio,sì
12/13,Como - Lecco,Como,Cantù,sì
12/13,Como - Lecco,Como,Carugo,sì
12/13,Como - Lecco,Como,Cernobbio,sì
12/13,Como - Lecco,Como,Erba,sì
12/13,Como - Lecco,Como,Fino Mornasco,sì
12/13,Como - Lecco,Como,Inverigo,sì
12/13,Como - Lecco,Como,Lurano d'Erba,sì
12/13,Como - Lecco,Como,Lurate Caccivio,sì
12/13,Como - Lecco,Como,Mariano Comense,sì
12/13,Como - Lecco,Como,Menaggio,sì
12/13,Como - Lecco,Como,Olgiate Comasco,sì
12/13,Como - Lecco,Como,Porlezza,sì
12/13,Como - Lecco,Como,Lecco,sì
12/13,Como - Lecco,Como,Calolziocorte,sì
12/13,Como - Lecco,Como,Merate,sì
12/13,Como - Lecco,Como,Oggiono,sì
12/13,Como - Lecco,Lecco,Olgiate Molgora,sì
13/14,Milano e dintorni,Milano,Milano,sì
13/14,Milano e dintorni,Milano,Assago,sì
13/14,Milano e dintorni,Milano,Cinisello Balsamo,sì
13/14,Milano e dintorni,Milano,Cologno Monzese,sì
13/14,Milano e dintorni,Milano,Corsico,sì
13/14,Como - Lecco,Como,Como,sì
13/14,Como - Lecco,Como,Cantù,sì
13/14,Como - Lecco,Como,Cernobbio,sì
13/14,Como - Lecco,Como,Erba,sì
13/14,Como - Lecco,Como,Fino Mornasco,sì
13/14,Como - Lecco,Como,Lurano d'Erba,sì
13/14,Como - Lecco,Como,Mariano Comense,sì
13/14,Como - Lecco,Como,Olgiate Comasco,sì
13/14,Como - Lecco,Como,Lecco,sì
13/14,Como - Lecco,Como,Merate,sì
13/14,Como - Lecco,Como,Oggiono,sì
13/14,Como - Lecco,Lecco,Olgiate Molgora,sì
14/15,Milano e dintorni,Milano,Milano,sì
14/15,Milano e dintorni,Milano,Corsico,sì
14/15,Cremona,Cremona,Cremona,sì
14/15,Cremona,Cremona,Casalmaggiore,sì
14/15,Cremona,Cremona,Castelleone,sì
14/15,Cremona,Cremona,Crema,sì
14/15,Cremona,Cremona,Soresina,sì
