annata,fascicolo,sezione,titolo
81/82,Cagliari - Nuoro - Oristano - Sassari 81,Conosci la tua città?,Notizie storiche
81/82,Cagliari - Nuoro - Oristano - Sassari 81,Conosci la tua città?,Notizie statistico-geografiche
81/82,Cagliari - Nuoro - Oristano - Sassari 81,Conosci la tua città?,Informazioni turistiche
81/82,Cagliari - Nuoro - Oristano - Sassari 81,Conosci la tua città?,Fiere e Manifestazioni
81/82,Cagliari - Nuoro - Oristano - Sassari 81,Conosci la tua città?,Piatti tipici della Sardegna
81/82,Cagliari - Nuoro - Oristano - Sassari 81,Conosci la tua città?,Palazzi e Monumenti
81/82,Cagliari - Nuoro - Oristano - Sassari 81,Conosci la tua città?,Chiese monumentali
81/82,Cagliari - Nuoro - Oristano - Sassari 81,Conosci la tua città?,Musei e Gallerie
81/82,Cagliari - Nuoro - Oristano - Sassari 81,Conosci la tua città?,Biblioteche
81/82,Cagliari - Nuoro - Oristano - Sassari 81,Conosci la tua città?,Spettacoli e ritrovi
81/82,Cagliari - Nuoro - Oristano - Sassari 81,Trasporti,Linee urbane
81/82,Cagliari - Nuoro - Oristano - Sassari 81,Trasporti,Linee extraurbane
81/82,Cagliari - Nuoro - Oristano - Sassari 81,Trasporti,"Ferrovie dello Stato, Ferrovie complementari della Sardegna"
81/82,Cagliari - Nuoro - Oristano - Sassari 81,Trasporti,Aeroporto
81/82,Cagliari - Nuoro - Oristano - Sassari 81,Trasporti,Porto
81/82,Cagliari - Nuoro - Oristano - Sassari 81,Trasporti,Autoservizi in partenza da Cagliari
81/82,Cagliari - Nuoro - Oristano - Sassari 81,Sanità,Norme del Servizio Sanitario Nazionale in attuazione in Sardegna
81/82,Cagliari - Nuoro - Oristano - Sassari 81,Sanità,Centri U.S.L. della provincia di Cagliari
81/82,Cagliari - Nuoro - Oristano - Sassari 81,Sanità,"Autoambulanze, Ospedali"
81/82,Cagliari - Nuoro - Oristano - Sassari 81,Sanità,Farmacie
81/82,Cagliari - Nuoro - Oristano - Sassari 81,Sanità,Prevenzione e Assistenza Sociale
81/82,Cagliari - Nuoro - Oristano - Sassari 81,Istruzione e Sport,Istruzione: Enti competenti
81/82,Cagliari - Nuoro - Oristano - Sassari 81,Istruzione e Sport,Scuole
81/82,Cagliari - Nuoro - Oristano - Sassari 81,Istruzione e Sport,Università e altri Istituti
81/82,Cagliari - Nuoro - Oristano - Sassari 81,Istruzione e Sport,Sport: Indirizzi utili
81/82,Cagliari - Nuoro - Oristano - Sassari 81,Istruzione e Sport,Impianti Sportivi Pubblici
81/82,Cagliari - Nuoro - Oristano - Sassari 81,Cosa e dove,Amministrazione Pubblica
81/82,Cagliari - Nuoro - Oristano - Sassari 81,Cosa e dove,Uffici Giudiziari
81/82,Cagliari - Nuoro - Oristano - Sassari 81,Cosa e dove,Uffici Finanziari
81/82,Cagliari - Nuoro - Oristano - Sassari 81,Cosa e dove,Camere di Commercio e Uffici Commerciali
81/82,Cagliari - Nuoro - Oristano - Sassari 81,Cosa e dove,Tutela ecologica
81/82,Cagliari - Nuoro - Oristano - Sassari 81,Cosa e dove,Culto
81/82,Cagliari - Nuoro - Oristano - Sassari 81,Cosa e dove,Poste e Telecomunicazioni
81/82,Cagliari - Nuoro - Oristano - Sassari 81,Cosa e dove,Documenti: dove farli
81/82,Cagliari - Nuoro - Oristano - Sassari 81,Comuni della Provincia di Cagliari,Carbonia
81/82,Cagliari - Nuoro - Oristano - Sassari 81,Comuni della Provincia di Cagliari,Iglesias
81/82,Cagliari - Nuoro - Oristano - Sassari 81,Comuni della Provincia di Cagliari,Quartu Sant'Elena
81/82,Cagliari - Nuoro - Oristano - Sassari 81,Conosci la tua città?,Notizie storiche
81/82,Cagliari - Nuoro - Oristano - Sassari 81,Conosci la tua città?,Notizie statistico-geografiche
81/82,Cagliari - Nuoro - Oristano - Sassari 81,Conosci la tua città?,Informazioni turistiche
81/82,Cagliari - Nuoro - Oristano - Sassari 81,Conosci la tua città?,Fiere e Manifestazioni
81/82,Cagliari - Nuoro - Oristano - Sassari 81,Conosci la tua città?,Palazzi e Monumenti
81/82,Cagliari - Nuoro - Oristano - Sassari 81,Conosci la tua città?,Chiese monumentali
81/82,Cagliari - Nuoro - Oristano - Sassari 81,Conosci la tua città?,Musei e Gallerie
81/82,Cagliari - Nuoro - Oristano - Sassari 81,Conosci la tua città?,Biblioteche
81/82,Cagliari - Nuoro - Oristano - Sassari 81,Conosci la tua città?,Spettacoli e ritrovi
81/82,Cagliari - Nuoro - Oristano - Sassari 81,Trasporti,Linee urbane ed extraurbane
81/82,Cagliari - Nuoro - Oristano - Sassari 81,Trasporti,Ferrovie complementari della Sardegna
81/82,Cagliari - Nuoro - Oristano - Sassari 81,Trasporti,Autoservizi in partenza da Nuoro
81/82,Cagliari - Nuoro - Oristano - Sassari 81,Sanità,Norme del Servizio Sanitario Nazionale
81/82,Cagliari - Nuoro - Oristano - Sassari 81,Sanità,Centri U.S.L. della provincia di Nuoro
81/82,Cagliari - Nuoro - Oristano - Sassari 81,Sanità,"Autoambulanze, Ospedali"
81/82,Cagliari - Nuoro - Oristano - Sassari 81,Sanità,Farmacie
81/82,Cagliari - Nuoro - Oristano - Sassari 81,Sanità,Prevenzione e Assistenza Sociale
81/82,Cagliari - Nuoro - Oristano - Sassari 81,Istruzione e Sport,Istruzione: Enti competenti
81/82,Cagliari - Nuoro - Oristano - Sassari 81,Istruzione e Sport,Scuole
81/82,Cagliari - Nuoro - Oristano - Sassari 81,Istruzione e Sport,Sport: Indirizzi utili
81/82,Cagliari - Nuoro - Oristano - Sassari 81,Istruzione e Sport,Impianti Sportivi Pubblici
81/82,Cagliari - Nuoro - Oristano - Sassari 81,Istruzione e Sport,Giardini e Parchi
81/82,Cagliari - Nuoro - Oristano - Sassari 81,Cosa e dove,Amministrazione Pubblica
81/82,Cagliari - Nuoro - Oristano - Sassari 81,Cosa e dove,Uffici Giudiziari
81/82,Cagliari - Nuoro - Oristano - Sassari 81,Cosa e dove,Uffici Finanziari
81/82,Cagliari - Nuoro - Oristano - Sassari 81,Cosa e dove,Camere di Commercio e Uffici Commerciali
81/82,Cagliari - Nuoro - Oristano - Sassari 81,Cosa e dove,Tutela ecologica
81/82,Cagliari - Nuoro - Oristano - Sassari 81,Cosa e dove,Culto
81/82,Cagliari - Nuoro - Oristano - Sassari 81,Cosa e dove,Poste e Telecomunicazioni
81/82,Cagliari - Nuoro - Oristano - Sassari 81,Cosa e dove,Documenti: dove farli
81/82,Cagliari - Nuoro - Oristano - Sassari 81,Conosci la tua città?,Notizie storiche
81/82,Cagliari - Nuoro - Oristano - Sassari 81,Conosci la tua città?,Notizie statistico-geografiche
81/82,Cagliari - Nuoro - Oristano - Sassari 81,Conosci la tua città?,Informazioni turistiche
81/82,Cagliari - Nuoro - Oristano - Sassari 81,Conosci la tua città?,Fiere e Manifestazioni
81/82,Cagliari - Nuoro - Oristano - Sassari 81,Conosci la tua città?,Palazzi e Monumenti
81/82,Cagliari - Nuoro - Oristano - Sassari 81,Conosci la tua città?,Chiese monumentali
81/82,Cagliari - Nuoro - Oristano - Sassari 81,Conosci la tua città?,Musei e Gallerie
81/82,Cagliari - Nuoro - Oristano - Sassari 81,Conosci la tua città?,Biblioteche
81/82,Cagliari - Nuoro - Oristano - Sassari 81,Conosci la tua città?,Spettacoli e ritrovi
81/82,Cagliari - Nuoro - Oristano - Sassari 81,Trasporti,Linee urbane ARST
81/82,Cagliari - Nuoro - Oristano - Sassari 81,Trasporti,Linee extraurbane ARST
81/82,Cagliari - Nuoro - Oristano - Sassari 81,Trasporti,Ferrovie dello Stato
81/82,Cagliari - Nuoro - Oristano - Sassari 81,Trasporti,Autoservizi in partenza da Oristano
81/82,Cagliari - Nuoro - Oristano - Sassari 81,Sanità,Norme del Servizio Sanitario Nazionale
81/82,Cagliari - Nuoro - Oristano - Sassari 81,Sanità,Centri U.S.L. della provincia di Oristano
81/82,Cagliari - Nuoro - Oristano - Sassari 81,Sanità,"Autoambulanze, Ospedali"
81/82,Cagliari - Nuoro - Oristano - Sassari 81,Sanità,Farmacie
81/82,Cagliari - Nuoro - Oristano - Sassari 81,Sanità,Prevenzione e Assistenza Sociale
81/82,Cagliari - Nuoro - Oristano - Sassari 81,Istruzione e Sport,Istruzione: Enti competenti
81/82,Cagliari - Nuoro - Oristano - Sassari 81,Istruzione e Sport,Scuole
81/82,Cagliari - Nuoro - Oristano - Sassari 81,Istruzione e Sport,Università e altri Istituti
81/82,Cagliari - Nuoro - Oristano - Sassari 81,Istruzione e Sport,Sport: Indirizzi utili
81/82,Cagliari - Nuoro - Oristano - Sassari 81,Istruzione e Sport,Impianti Sportivi Pubblici
81/82,Cagliari - Nuoro - Oristano - Sassari 81,Istruzione e Sport,Giardini e Parchi
81/82,Cagliari - Nuoro - Oristano - Sassari 81,Cosa e dove,Amministrazione Pubblica
81/82,Cagliari - Nuoro - Oristano - Sassari 81,Cosa e dove,Uffici Giudiziari
81/82,Cagliari - Nuoro - Oristano - Sassari 81,Cosa e dove,Uffici Finanziari
81/82,Cagliari - Nuoro - Oristano - Sassari 81,Cosa e dove,Camere di Commercio e Uffici Commerciali
81/82,Cagliari - Nuoro - Oristano - Sassari 81,Cosa e dove,Tutela ecologica
81/82,Cagliari - Nuoro - Oristano - Sassari 81,Cosa e dove,Culto
81/82,Cagliari - Nuoro - Oristano - Sassari 81,Cosa e dove,Poste e Telecomunicazioni
81/82,Cagliari - Nuoro - Oristano - Sassari 81,Cosa e dove,Documenti: dove farli
81/82,Cagliari - Nuoro - Oristano - Sassari 81,Conosci la tua città?,Notizie storiche
81/82,Cagliari - Nuoro - Oristano - Sassari 81,Conosci la tua città?,Notizie statistico-geografiche
81/82,Cagliari - Nuoro - Oristano - Sassari 81,Conosci la tua città?,Informazioni turistiche
81/82,Cagliari - Nuoro - Oristano - Sassari 81,Conosci la tua città?,Fiere e Manifestazioni
81/82,Cagliari - Nuoro - Oristano - Sassari 81,Conosci la tua città?,Palazzi e Monumenti
81/82,Cagliari - Nuoro - Oristano - Sassari 81,Conosci la tua città?,Chiese monumentali
81/82,Cagliari - Nuoro - Oristano - Sassari 81,Conosci la tua città?,Musei e Gallerie
81/82,Cagliari - Nuoro - Oristano - Sassari 81,Conosci la tua città?,Biblioteche
81/82,Cagliari - Nuoro - Oristano - Sassari 81,Conosci la tua città?,Spettacoli e ritrovi
81/82,Cagliari - Nuoro - Oristano - Sassari 81,Trasporti,Linee urbane A.C.T.U.
81/82,Cagliari - Nuoro - Oristano - Sassari 81,Trasporti,Linee extraurbane A.C.T.U
81/82,Cagliari - Nuoro - Oristano - Sassari 81,Trasporti,Ferrovie dello Stato
81/82,Cagliari - Nuoro - Oristano - Sassari 81,Trasporti,Autoservizi in partenza da Sassari
81/82,Cagliari - Nuoro - Oristano - Sassari 81,Sanità,Norme del Servizio Sanitario Nazionale
81/82,Cagliari - Nuoro - Oristano - Sassari 81,Sanità,Centri U.S.L. della provincia di Sassari
81/82,Cagliari - Nuoro - Oristano - Sassari 81,Sanità,"Autoambulanze, Ospedali"
81/82,Cagliari - Nuoro - Oristano - Sassari 81,Sanità,Farmacie
81/82,Cagliari - Nuoro - Oristano - Sassari 81,Sanità,Prevenzione e Assistenza Sociale
81/82,Cagliari - Nuoro - Oristano - Sassari 81,Istruzione e Sport,Istruzione: Enti competenti
81/82,Cagliari - Nuoro - Oristano - Sassari 81,Istruzione e Sport,Scuole
81/82,Cagliari - Nuoro - Oristano - Sassari 81,Istruzione e Sport,Università e altri Istituti
81/82,Cagliari - Nuoro - Oristano - Sassari 81,Istruzione e Sport,Sport: Indirizzi utili
81/82,Cagliari - Nuoro - Oristano - Sassari 81,Istruzione e Sport,Impianti Sportivi Pubblici
81/82,Cagliari - Nuoro - Oristano - Sassari 81,Istruzione e Sport,Giardini e Parchi
81/82,Cagliari - Nuoro - Oristano - Sassari 81,Cosa e dove,Amministrazione Pubblica
81/82,Cagliari - Nuoro - Oristano - Sassari 81,Cosa e dove,Uffici Giudiziari
81/82,Cagliari - Nuoro - Oristano - Sassari 81,Cosa e dove,Uffici Finanziari
81/82,Cagliari - Nuoro - Oristano - Sassari 81,Cosa e dove,Camere di Commercio e Uffici Commerciali
81/82,Cagliari - Nuoro - Oristano - Sassari 81,Cosa e dove,Tutela ecologica
81/82,Cagliari - Nuoro - Oristano - Sassari 81,Cosa e dove,Culto
81/82,Cagliari - Nuoro - Oristano - Sassari 81,Cosa e dove,Poste e Telecomunicazioni
81/82,Cagliari - Nuoro - Oristano - Sassari 81,Cosa e dove,Documenti: dove farli
81/82,Cagliari - Nuoro - Oristano - Sassari 81,Comuni della Provincia di Sassari,Alghero
81/82,Cagliari - Nuoro - Oristano - Sassari 81,Comuni della Provincia di Sassari,Olbia
81/82,Cagliari - Nuoro - Oristano - Sassari 81,Comuni della Provincia di Sassari,Ozieri
81/82,Cagliari - Nuoro - Oristano - Sassari 81,Comuni della Provincia di Sassari,Porto Torres
81/82,Cagliari - Nuoro - Oristano - Sassari 81,Comuni della Provincia di Sassari,Tempio Pausania
82/83,Cagliari - Nuoro - Oristano - Sassari 82,Conosci la tua città?,Notizie storiche
82/83,Cagliari - Nuoro - Oristano - Sassari 82,Conosci la tua città?,Notizie statistico-geografiche
82/83,Cagliari - Nuoro - Oristano - Sassari 82,Conosci la tua città?,Informazioni turistiche
82/83,Cagliari - Nuoro - Oristano - Sassari 82,Conosci la tua città?,Fiere e Manifestazioni
82/83,Cagliari - Nuoro - Oristano - Sassari 82,Conosci la tua città?,Piatti tipici della Sardegna
82/83,Cagliari - Nuoro - Oristano - Sassari 82,Conosci la tua città?,Palazzi e Monumenti
82/83,Cagliari - Nuoro - Oristano - Sassari 82,Conosci la tua città?,Chiese monumentali
82/83,Cagliari - Nuoro - Oristano - Sassari 82,Conosci la tua città?,Musei e Gallerie
82/83,Cagliari - Nuoro - Oristano - Sassari 82,Conosci la tua città?,Archivi e Biblioteche
82/83,Cagliari - Nuoro - Oristano - Sassari 82,Conosci la tua città?,Spettacoli e Ritrovi
82/83,Cagliari - Nuoro - Oristano - Sassari 82,Trasporti,Linee urbane
82/83,Cagliari - Nuoro - Oristano - Sassari 82,Trasporti,Linee extraurbane
82/83,Cagliari - Nuoro - Oristano - Sassari 82,Trasporti,"Ferrovie dello Stato, Ferrovie complementari della Sardegna"
82/83,Cagliari - Nuoro - Oristano - Sassari 82,Trasporti,Aeroporto
82/83,Cagliari - Nuoro - Oristano - Sassari 82,Trasporti,Porto
82/83,Cagliari - Nuoro - Oristano - Sassari 82,Trasporti,Taxi
82/83,Cagliari - Nuoro - Oristano - Sassari 82,Trasporti,Autoservizi in partenza da Cagliari
82/83,Cagliari - Nuoro - Oristano - Sassari 82,Sanità,Norme del Servizio Sanitario Nazionale in attuazione in Sardegna
82/83,Cagliari - Nuoro - Oristano - Sassari 82,Sanità,Centri U.S.L. della provincia di Cagliari
82/83,Cagliari - Nuoro - Oristano - Sassari 82,Sanità,"Autoambulanze, Ospedali"
82/83,Cagliari - Nuoro - Oristano - Sassari 82,Sanità,Farmacie
82/83,Cagliari - Nuoro - Oristano - Sassari 82,Sanità,Prevenzione e Assistenza Sociale
82/83,Cagliari - Nuoro - Oristano - Sassari 82,Istruzione e Sport,Istruzione: Enti competenti
82/83,Cagliari - Nuoro - Oristano - Sassari 82,Istruzione e Sport,Scuole
82/83,Cagliari - Nuoro - Oristano - Sassari 82,Istruzione e Sport,Università e altri Istituti
82/83,Cagliari - Nuoro - Oristano - Sassari 82,Istruzione e Sport,Sport: Indirizzi utili
82/83,Cagliari - Nuoro - Oristano - Sassari 82,Istruzione e Sport,Impianti Sportivi Pubblici
82/83,Cagliari - Nuoro - Oristano - Sassari 82,Cosa e dove,Amministrazione Pubblica
82/83,Cagliari - Nuoro - Oristano - Sassari 82,Cosa e dove,Uffici Giudiziari
82/83,Cagliari - Nuoro - Oristano - Sassari 82,Cosa e dove,Uffici Finanziari
82/83,Cagliari - Nuoro - Oristano - Sassari 82,Cosa e dove,Camere di Commercio e Uffici Commerciali
82/83,Cagliari - Nuoro - Oristano - Sassari 82,Cosa e dove,Tutela ecologica
82/83,Cagliari - Nuoro - Oristano - Sassari 82,Cosa e dove,Culto
82/83,Cagliari - Nuoro - Oristano - Sassari 82,Cosa e dove,Poste e Telecomunicazioni
82/83,Cagliari - Nuoro - Oristano - Sassari 82,Cosa e dove,Documenti: dove farli
82/83,Cagliari - Nuoro - Oristano - Sassari 82,Comuni della Provincia di Cagliari,Carbonia
82/83,Cagliari - Nuoro - Oristano - Sassari 82,Comuni della Provincia di Cagliari,Quartu Sant'Elena
82/83,Cagliari - Nuoro - Oristano - Sassari 82,Conosci la tua città?,Notizie storiche
82/83,Cagliari - Nuoro - Oristano - Sassari 82,Conosci la tua città?,Notizie statistico-geografiche
82/83,Cagliari - Nuoro - Oristano - Sassari 82,Conosci la tua città?,Informazioni turistiche
82/83,Cagliari - Nuoro - Oristano - Sassari 82,Conosci la tua città?,Fiere e Manifestazioni
82/83,Cagliari - Nuoro - Oristano - Sassari 82,Conosci la tua città?,Palazzi e Monumenti
82/83,Cagliari - Nuoro - Oristano - Sassari 82,Conosci la tua città?,Chiese monumentali
82/83,Cagliari - Nuoro - Oristano - Sassari 82,Conosci la tua città?,Musei e Gallerie
82/83,Cagliari - Nuoro - Oristano - Sassari 82,Conosci la tua città?,Archivi e Biblioteche
82/83,Cagliari - Nuoro - Oristano - Sassari 82,Conosci la tua città?,Spettacoli e Ritrovi
82/83,Cagliari - Nuoro - Oristano - Sassari 82,Trasporti,Linee urbane ed extraurbane
82/83,Cagliari - Nuoro - Oristano - Sassari 82,Trasporti,Ferrovie complementari della Sardegna
82/83,Cagliari - Nuoro - Oristano - Sassari 82,Trasporti,Taxi
82/83,Cagliari - Nuoro - Oristano - Sassari 82,Trasporti,Autoservizi in partenza da Nuoro
82/83,Cagliari - Nuoro - Oristano - Sassari 82,Sanità,Norme del Servizio Sanitario Nazionale
82/83,Cagliari - Nuoro - Oristano - Sassari 82,Sanità,Centri U.S.L. della provincia di Nuoro
82/83,Cagliari - Nuoro - Oristano - Sassari 82,Sanità,"Autoambulanze, Ospedali"
82/83,Cagliari - Nuoro - Oristano - Sassari 82,Sanità,Farmacie
82/83,Cagliari - Nuoro - Oristano - Sassari 82,Sanità,Prevenzione e Assistenza Sociale
82/83,Cagliari - Nuoro - Oristano - Sassari 82,Istruzione e Sport,Istruzione: Enti competenti
82/83,Cagliari - Nuoro - Oristano - Sassari 82,Istruzione e Sport,Scuole
82/83,Cagliari - Nuoro - Oristano - Sassari 82,Istruzione e Sport,Sport: Indirizzi utili
82/83,Cagliari - Nuoro - Oristano - Sassari 82,Istruzione e Sport,Impianti Sportivi Pubblici
82/83,Cagliari - Nuoro - Oristano - Sassari 82,Cosa e dove,Amministrazione Pubblica
82/83,Cagliari - Nuoro - Oristano - Sassari 82,Cosa e dove,Uffici Giudiziari
82/83,Cagliari - Nuoro - Oristano - Sassari 82,Cosa e dove,Uffici Finanziari
82/83,Cagliari - Nuoro - Oristano - Sassari 82,Cosa e dove,Camere di Commercio e Uffici Commerciali
82/83,Cagliari - Nuoro - Oristano - Sassari 82,Cosa e dove,Culto
82/83,Cagliari - Nuoro - Oristano - Sassari 82,Cosa e dove,Poste e Telecomunicazioni
82/83,Cagliari - Nuoro - Oristano - Sassari 82,Cosa e dove,Documenti: dove farli
82/83,Cagliari - Nuoro - Oristano - Sassari 82,Conosci la tua città?,Notizie storiche
82/83,Cagliari - Nuoro - Oristano - Sassari 82,Conosci la tua città?,Notizie statistico-geografiche
82/83,Cagliari - Nuoro - Oristano - Sassari 82,Conosci la tua città?,Informazioni turistiche
82/83,Cagliari - Nuoro - Oristano - Sassari 82,Conosci la tua città?,Fiere e Manifestazioni
82/83,Cagliari - Nuoro - Oristano - Sassari 82,Conosci la tua città?,Palazzi e Monumenti
82/83,Cagliari - Nuoro - Oristano - Sassari 82,Conosci la tua città?,Chiese monumentali
82/83,Cagliari - Nuoro - Oristano - Sassari 82,Conosci la tua città?,Musei e Gallerie
82/83,Cagliari - Nuoro - Oristano - Sassari 82,Conosci la tua città?,Archivi e Biblioteche
82/83,Cagliari - Nuoro - Oristano - Sassari 82,Conosci la tua città?,Spettacoli e Ritrovi
82/83,Cagliari - Nuoro - Oristano - Sassari 82,Trasporti,Linee urbane ARST
82/83,Cagliari - Nuoro - Oristano - Sassari 82,Trasporti,Linee extraurbane ARST
82/83,Cagliari - Nuoro - Oristano - Sassari 82,Trasporti,Ferrovie dello Stato
82/83,Cagliari - Nuoro - Oristano - Sassari 82,Trasporti,Taxi
82/83,Cagliari - Nuoro - Oristano - Sassari 82,Trasporti,Autoservizi in partenza da Oristano
82/83,Cagliari - Nuoro - Oristano - Sassari 82,Sanità,Norme del Servizio Sanitario Nazionale
82/83,Cagliari - Nuoro - Oristano - Sassari 82,Sanità,Centri U.S.L. della provincia di Oristano
82/83,Cagliari - Nuoro - Oristano - Sassari 82,Sanità,"Autoambulanze, Ospedali"
82/83,Cagliari - Nuoro - Oristano - Sassari 82,Sanità,Farmacie
82/83,Cagliari - Nuoro - Oristano - Sassari 82,Sanità,Prevenzione e Assistenza Sociale
82/83,Cagliari - Nuoro - Oristano - Sassari 82,Istruzione e Sport,Istruzione: Enti competenti
82/83,Cagliari - Nuoro - Oristano - Sassari 82,Istruzione e Sport,Scuole
82/83,Cagliari - Nuoro - Oristano - Sassari 82,Istruzione e Sport,Università e altri Istituti
82/83,Cagliari - Nuoro - Oristano - Sassari 82,Istruzione e Sport,Sport: Indirizzi utili
82/83,Cagliari - Nuoro - Oristano - Sassari 82,Istruzione e Sport,Impianti Sportivi Pubblici
82/83,Cagliari - Nuoro - Oristano - Sassari 82,Cosa e dove,Amministrazione Pubblica
82/83,Cagliari - Nuoro - Oristano - Sassari 82,Cosa e dove,Uffici Giudiziari
82/83,Cagliari - Nuoro - Oristano - Sassari 82,Cosa e dove,Uffici Finanziari
82/83,Cagliari - Nuoro - Oristano - Sassari 82,Cosa e dove,Camere di Commercio e Uffici Commerciali
82/83,Cagliari - Nuoro - Oristano - Sassari 82,Cosa e dove,Culto
82/83,Cagliari - Nuoro - Oristano - Sassari 82,Cosa e dove,Poste e Telecomunicazioni
82/83,Cagliari - Nuoro - Oristano - Sassari 82,Cosa e dove,Documenti: dove farli
82/83,Cagliari - Nuoro - Oristano - Sassari 82,Conosci la tua città?,Notizie storiche
82/83,Cagliari - Nuoro - Oristano - Sassari 82,Conosci la tua città?,Notizie statistico-geografiche
82/83,Cagliari - Nuoro - Oristano - Sassari 82,Conosci la tua città?,Informazioni turistiche
82/83,Cagliari - Nuoro - Oristano - Sassari 82,Conosci la tua città?,Fiere e Manifestazioni
82/83,Cagliari - Nuoro - Oristano - Sassari 82,Conosci la tua città?,Palazzi e Monumenti
82/83,Cagliari - Nuoro - Oristano - Sassari 82,Conosci la tua città?,Chiese monumentali
82/83,Cagliari - Nuoro - Oristano - Sassari 82,Conosci la tua città?,Musei e Gallerie
82/83,Cagliari - Nuoro - Oristano - Sassari 82,Conosci la tua città?,Archivi e Biblioteche
82/83,Cagliari - Nuoro - Oristano - Sassari 82,Conosci la tua città?,Spettacoli e Ritrovi
82/83,Cagliari - Nuoro - Oristano - Sassari 82,Trasporti,Linee urbane A.C.T.P.
82/83,Cagliari - Nuoro - Oristano - Sassari 82,Trasporti,Linee extraurbane A.C.T.P
82/83,Cagliari - Nuoro - Oristano - Sassari 82,Trasporti,Ferrovie dello Stato
82/83,Cagliari - Nuoro - Oristano - Sassari 82,Trasporti,Taxi
82/83,Cagliari - Nuoro - Oristano - Sassari 82,Trasporti,Autoservizi in partenza da Sassari
82/83,Cagliari - Nuoro - Oristano - Sassari 82,Sanità,Norme del Servizio Sanitario Nazionale
82/83,Cagliari - Nuoro - Oristano - Sassari 82,Sanità,Centri U.S.L. della provincia di Sassari
82/83,Cagliari - Nuoro - Oristano - Sassari 82,Sanità,"Autoambulanze, Ospedali"
82/83,Cagliari - Nuoro - Oristano - Sassari 82,Sanità,Farmacie
82/83,Cagliari - Nuoro - Oristano - Sassari 82,Sanità,Prevenzione e Assistenza Sociale
82/83,Cagliari - Nuoro - Oristano - Sassari 82,Istruzione e Sport,Istruzione: Enti competenti
82/83,Cagliari - Nuoro - Oristano - Sassari 82,Istruzione e Sport,Scuole
82/83,Cagliari - Nuoro - Oristano - Sassari 82,Istruzione e Sport,Università e altri Istituti
82/83,Cagliari - Nuoro - Oristano - Sassari 82,Istruzione e Sport,Sport: Indirizzi utili
82/83,Cagliari - Nuoro - Oristano - Sassari 82,Istruzione e Sport,Impianti Sportivi Pubblici
82/83,Cagliari - Nuoro - Oristano - Sassari 82,Cosa e dove,Amministrazione Pubblica
82/83,Cagliari - Nuoro - Oristano - Sassari 82,Cosa e dove,Uffici Giudiziari
82/83,Cagliari - Nuoro - Oristano - Sassari 82,Cosa e dove,Uffici Finanziari
82/83,Cagliari - Nuoro - Oristano - Sassari 82,Cosa e dove,Camere di Commercio e Uffici Commerciali
82/83,Cagliari - Nuoro - Oristano - Sassari 82,Cosa e dove,Tutela ecologica
82/83,Cagliari - Nuoro - Oristano - Sassari 82,Cosa e dove,Culto
82/83,Cagliari - Nuoro - Oristano - Sassari 82,Cosa e dove,Poste e Telecomunicazioni
82/83,Cagliari - Nuoro - Oristano - Sassari 82,Cosa e dove,Documenti: dove farli
82/83,Cagliari - Nuoro - Oristano - Sassari 82,Comuni della Provincia di Sassari,Alghero
82/83,Cagliari - Nuoro - Oristano - Sassari 82,Comuni della Provincia di Sassari,Olbia
82/83,Cagliari - Nuoro - Oristano - Sassari 82,Comuni della Provincia di Sassari,Porto Torres
83/84,Cagliari - Nuoro - Oristano - Sassari 83,Conosci la tua città?,Notizie storiche
83/84,Cagliari - Nuoro - Oristano - Sassari 83,Conosci la tua città?,Notizie statistico-geografiche
83/84,Cagliari - Nuoro - Oristano - Sassari 83,Conosci la tua città?,Informazioni turistiche
83/84,Cagliari - Nuoro - Oristano - Sassari 83,Conosci la tua città?,Fiere e Manifestazioni
83/84,Cagliari - Nuoro - Oristano - Sassari 83,Conosci la tua città?,Piatti tipici della Sardegna
83/84,Cagliari - Nuoro - Oristano - Sassari 83,Conosci la tua città?,Palazzi e Monumenti
83/84,Cagliari - Nuoro - Oristano - Sassari 83,Conosci la tua città?,Chiese monumentali
83/84,Cagliari - Nuoro - Oristano - Sassari 83,Conosci la tua città?,Musei e Gallerie
83/84,Cagliari - Nuoro - Oristano - Sassari 83,Conosci la tua città?,Archivi e Biblioteche
83/84,Cagliari - Nuoro - Oristano - Sassari 83,Conosci la tua città?,Spettacoli e Ritrovi
83/84,Cagliari - Nuoro - Oristano - Sassari 83,Trasporti,Linee urbane
83/84,Cagliari - Nuoro - Oristano - Sassari 83,Trasporti,Linee extraurbane
83/84,Cagliari - Nuoro - Oristano - Sassari 83,Trasporti,"Ferrovie dello Stato, Ferrovie complementari della Sardegna"
83/84,Cagliari - Nuoro - Oristano - Sassari 83,Trasporti,Aeroporto
83/84,Cagliari - Nuoro - Oristano - Sassari 83,Trasporti,Porto
83/84,Cagliari - Nuoro - Oristano - Sassari 83,Trasporti,Taxi
83/84,Cagliari - Nuoro - Oristano - Sassari 83,Trasporti,Autoservizi in partenza da Cagliari
83/84,Cagliari - Nuoro - Oristano - Sassari 83,Sanità,Norme del Servizio Sanitario Nazionale in attuazione in Sardegna
83/84,Cagliari - Nuoro - Oristano - Sassari 83,Sanità,Centri U.S.L. della provincia di Cagliari
83/84,Cagliari - Nuoro - Oristano - Sassari 83,Sanità,"Autoambulanze, Ospedali"
83/84,Cagliari - Nuoro - Oristano - Sassari 83,Sanità,Farmacie
83/84,Cagliari - Nuoro - Oristano - Sassari 83,Sanità,Prevenzione e Assistenza Sociale
83/84,Cagliari - Nuoro - Oristano - Sassari 83,Istruzione e Sport,Istruzione: Enti competenti
83/84,Cagliari - Nuoro - Oristano - Sassari 83,Istruzione e Sport,Scuole
83/84,Cagliari - Nuoro - Oristano - Sassari 83,Istruzione e Sport,Università e altri Istituti
83/84,Cagliari - Nuoro - Oristano - Sassari 83,Istruzione e Sport,Sport: Indirizzi utili
83/84,Cagliari - Nuoro - Oristano - Sassari 83,Istruzione e Sport,Impianti Sportivi Pubblici
83/84,Cagliari - Nuoro - Oristano - Sassari 83,Cosa e dove,Amministrazione Pubblica
83/84,Cagliari - Nuoro - Oristano - Sassari 83,Cosa e dove,Uffici Giudiziari
83/84,Cagliari - Nuoro - Oristano - Sassari 83,Cosa e dove,Uffici Finanziari
83/84,Cagliari - Nuoro - Oristano - Sassari 83,Cosa e dove,Camere di Commercio e Uffici Commerciali
83/84,Cagliari - Nuoro - Oristano - Sassari 83,Cosa e dove,Tutela ecologica
83/84,Cagliari - Nuoro - Oristano - Sassari 83,Cosa e dove,Culto: Poste e Telecomunicazioni
83/84,Cagliari - Nuoro - Oristano - Sassari 83,Cosa e dove,Documenti: dove farli
83/84,Cagliari - Nuoro - Oristano - Sassari 83,Comuni della Provincia di Cagliari,Carbonia
83/84,Cagliari - Nuoro - Oristano - Sassari 83,Comuni della Provincia di Cagliari,Iglesias
83/84,Cagliari - Nuoro - Oristano - Sassari 83,Comuni della Provincia di Cagliari,Quartu Sant'Elena
83/84,Cagliari - Nuoro - Oristano - Sassari 83,Conosci la tua città?,Notizie storiche
83/84,Cagliari - Nuoro - Oristano - Sassari 83,Conosci la tua città?,Notizie statistico-geografiche
83/84,Cagliari - Nuoro - Oristano - Sassari 83,Conosci la tua città?,Informazioni turistiche
83/84,Cagliari - Nuoro - Oristano - Sassari 83,Conosci la tua città?,Fiere e Manifestazioni
83/84,Cagliari - Nuoro - Oristano - Sassari 83,Conosci la tua città?,Palazzi e Monumenti
83/84,Cagliari - Nuoro - Oristano - Sassari 83,Conosci la tua città?,Chiese monumentali
83/84,Cagliari - Nuoro - Oristano - Sassari 83,Conosci la tua città?,Musei e Gallerie
83/84,Cagliari - Nuoro - Oristano - Sassari 83,Conosci la tua città?,Archivi e Biblioteche
83/84,Cagliari - Nuoro - Oristano - Sassari 83,Conosci la tua città?,Spettacoli e Ritrovi
83/84,Cagliari - Nuoro - Oristano - Sassari 83,Trasporti,Linee urbane ed extraurbane
83/84,Cagliari - Nuoro - Oristano - Sassari 83,Trasporti,Ferrovie complementari della Sardegna
83/84,Cagliari - Nuoro - Oristano - Sassari 83,Trasporti,Taxi
83/84,Cagliari - Nuoro - Oristano - Sassari 83,Trasporti,Autoservizi in partenza da Nuoro
83/84,Cagliari - Nuoro - Oristano - Sassari 83,Sanità,Norme del Servizio Sanitario Nazionale
83/84,Cagliari - Nuoro - Oristano - Sassari 83,Sanità,Centri U.S.L. della provincia di Nuoro
83/84,Cagliari - Nuoro - Oristano - Sassari 83,Sanità,"Autoambulanze, Ospedali"
83/84,Cagliari - Nuoro - Oristano - Sassari 83,Sanità,Farmacie
83/84,Cagliari - Nuoro - Oristano - Sassari 83,Sanità,Prevenzione e Assistenza Sociale
83/84,Cagliari - Nuoro - Oristano - Sassari 83,Istruzione e Sport,Istruzione: Enti competenti
83/84,Cagliari - Nuoro - Oristano - Sassari 83,Istruzione e Sport,Scuole
83/84,Cagliari - Nuoro - Oristano - Sassari 83,Istruzione e Sport,Sport: Indirizzi utili
83/84,Cagliari - Nuoro - Oristano - Sassari 83,Istruzione e Sport,Impianti Sportivi Pubblici
83/84,Cagliari - Nuoro - Oristano - Sassari 83,Istruzione e Sport,Giardini e Parchi
83/84,Cagliari - Nuoro - Oristano - Sassari 83,Cosa e dove,Amministrazione Pubblica
83/84,Cagliari - Nuoro - Oristano - Sassari 83,Cosa e dove,Uffici Giudiziari
83/84,Cagliari - Nuoro - Oristano - Sassari 83,Cosa e dove,Uffici Finanziari
83/84,Cagliari - Nuoro - Oristano - Sassari 83,Cosa e dove,Camere di Commercio e Uffici Commerciali
83/84,Cagliari - Nuoro - Oristano - Sassari 83,Cosa e dove,Culto
83/84,Cagliari - Nuoro - Oristano - Sassari 83,Cosa e dove,Poste e Telecomunicazioni
83/84,Cagliari - Nuoro - Oristano - Sassari 83,Cosa e dove,Documenti: dove farli
83/84,Cagliari - Nuoro - Oristano - Sassari 83,Conosci la tua città?,Notizie storiche
83/84,Cagliari - Nuoro - Oristano - Sassari 83,Conosci la tua città?,Notizie statistico-geografiche
83/84,Cagliari - Nuoro - Oristano - Sassari 83,Conosci la tua città?,Informazioni turistiche
83/84,Cagliari - Nuoro - Oristano - Sassari 83,Conosci la tua città?,Fiere e Manifestazioni
83/84,Cagliari - Nuoro - Oristano - Sassari 83,Conosci la tua città?,Palazzi e Monumenti
83/84,Cagliari - Nuoro - Oristano - Sassari 83,Conosci la tua città?,Chiese monumentali
83/84,Cagliari - Nuoro - Oristano - Sassari 83,Conosci la tua città?,Musei e Gallerie
83/84,Cagliari - Nuoro - Oristano - Sassari 83,Conosci la tua città?,Archivi e Biblioteche
83/84,Cagliari - Nuoro - Oristano - Sassari 83,Conosci la tua città?,Spettacoli e Ritrovi
83/84,Cagliari - Nuoro - Oristano - Sassari 83,Trasporti,Linee urbane ARST
83/84,Cagliari - Nuoro - Oristano - Sassari 83,Trasporti,Linee extraurbane ARST
83/84,Cagliari - Nuoro - Oristano - Sassari 83,Trasporti,Ferrovie dello Stato
83/84,Cagliari - Nuoro - Oristano - Sassari 83,Trasporti,Taxi
83/84,Cagliari - Nuoro - Oristano - Sassari 83,Trasporti,Autoservizi in partenza da Oristano
83/84,Cagliari - Nuoro - Oristano - Sassari 83,Sanità,Norme del Servizio Sanitario Nazionale
83/84,Cagliari - Nuoro - Oristano - Sassari 83,Sanità,Centri U.S.L. della provincia di Oristano
83/84,Cagliari - Nuoro - Oristano - Sassari 83,Sanità,"Autoambulanze, Ospedali"
83/84,Cagliari - Nuoro - Oristano - Sassari 83,Sanità,Farmacie
83/84,Cagliari - Nuoro - Oristano - Sassari 83,Sanità,Prevenzione e Assistenza Sociale
83/84,Cagliari - Nuoro - Oristano - Sassari 83,Istruzione e Sport,Istruzione: Enti competenti
83/84,Cagliari - Nuoro - Oristano - Sassari 83,Istruzione e Sport,Scuole
83/84,Cagliari - Nuoro - Oristano - Sassari 83,Istruzione e Sport,Università e altri Istituti
83/84,Cagliari - Nuoro - Oristano - Sassari 83,Istruzione e Sport,Sport: Indirizzi utili
83/84,Cagliari - Nuoro - Oristano - Sassari 83,Istruzione e Sport,Impianti Sportivi Pubblici
83/84,Cagliari - Nuoro - Oristano - Sassari 83,Istruzione e Sport,Giardini e Parchi
83/84,Cagliari - Nuoro - Oristano - Sassari 83,Cosa e dove,Amministrazione Pubblica
83/84,Cagliari - Nuoro - Oristano - Sassari 83,Cosa e dove,Uffici Giudiziari
83/84,Cagliari - Nuoro - Oristano - Sassari 83,Cosa e dove,Uffici Finanziari
83/84,Cagliari - Nuoro - Oristano - Sassari 83,Cosa e dove,Camere di Commercio e Uffici Commerciali
83/84,Cagliari - Nuoro - Oristano - Sassari 83,Cosa e dove,Tutela ecologica
83/84,Cagliari - Nuoro - Oristano - Sassari 83,Cosa e dove,Culto
83/84,Cagliari - Nuoro - Oristano - Sassari 83,Cosa e dove,Poste e Telecomunicazioni
83/84,Cagliari - Nuoro - Oristano - Sassari 83,Cosa e dove,Documenti: dove farli
83/84,Cagliari - Nuoro - Oristano - Sassari 83,Conosci la tua città?,Notizie storiche
83/84,Cagliari - Nuoro - Oristano - Sassari 83,Conosci la tua città?,Notizie statistico-geografiche
83/84,Cagliari - Nuoro - Oristano - Sassari 83,Conosci la tua città?,Informazioni turistiche
83/84,Cagliari - Nuoro - Oristano - Sassari 83,Conosci la tua città?,Fiere e Manifestazioni
83/84,Cagliari - Nuoro - Oristano - Sassari 83,Conosci la tua città?,Palazzi e Monumenti
83/84,Cagliari - Nuoro - Oristano - Sassari 83,Conosci la tua città?,Chiese monumentali
83/84,Cagliari - Nuoro - Oristano - Sassari 83,Conosci la tua città?,Musei e Gallerie
83/84,Cagliari - Nuoro - Oristano - Sassari 83,Conosci la tua città?,Archivi e Biblioteche
83/84,Cagliari - Nuoro - Oristano - Sassari 83,Conosci la tua città?,Spettacoli e Ritrovi
83/84,Cagliari - Nuoro - Oristano - Sassari 83,Trasporti,Linee urbane A.C.T.P.
83/84,Cagliari - Nuoro - Oristano - Sassari 83,Trasporti,Linee extraurbane A.C.T.P
83/84,Cagliari - Nuoro - Oristano - Sassari 83,Trasporti,Ferrovie dello Stato
83/84,Cagliari - Nuoro - Oristano - Sassari 83,Trasporti,Taxi
83/84,Cagliari - Nuoro - Oristano - Sassari 83,Trasporti,Autoservizi in partenza da Sassari
83/84,Cagliari - Nuoro - Oristano - Sassari 83,Sanità,Norme del Servizio Sanitario Nazionale
83/84,Cagliari - Nuoro - Oristano - Sassari 83,Sanità,Centri U.S.L. della provincia di Sassari
83/84,Cagliari - Nuoro - Oristano - Sassari 83,Sanità,"Autoambulanze, Ospedali"
83/84,Cagliari - Nuoro - Oristano - Sassari 83,Sanità,Farmacie
83/84,Cagliari - Nuoro - Oristano - Sassari 83,Sanità,Prevenzione e Assistenza Sociale
83/84,Cagliari - Nuoro - Oristano - Sassari 83,Istruzione e Sport,Istruzione: Enti competenti
83/84,Cagliari - Nuoro - Oristano - Sassari 83,Istruzione e Sport,Scuole
83/84,Cagliari - Nuoro - Oristano - Sassari 83,Istruzione e Sport,Università e altri Istituti
83/84,Cagliari - Nuoro - Oristano - Sassari 83,Istruzione e Sport,Sport: Indirizzi utili
83/84,Cagliari - Nuoro - Oristano - Sassari 83,Istruzione e Sport,Impianti Sportivi Pubblici
83/84,Cagliari - Nuoro - Oristano - Sassari 83,Istruzione e Sport,Giardini e Parchi
83/84,Cagliari - Nuoro - Oristano - Sassari 83,Cosa e dove,Amministrazione Pubblica
83/84,Cagliari - Nuoro - Oristano - Sassari 83,Cosa e dove,Uffici Giudiziari
83/84,Cagliari - Nuoro - Oristano - Sassari 83,Cosa e dove,Uffici Finanziari
83/84,Cagliari - Nuoro - Oristano - Sassari 83,Cosa e dove,Camere di Commercio e Uffici Commerciali
83/84,Cagliari - Nuoro - Oristano - Sassari 83,Cosa e dove,Tutela ecologica
83/84,Cagliari - Nuoro - Oristano - Sassari 83,Cosa e dove,Culto
83/84,Cagliari - Nuoro - Oristano - Sassari 83,Cosa e dove,Poste e Telecomunicazioni
83/84,Cagliari - Nuoro - Oristano - Sassari 83,Cosa e dove,Documenti: dove farli
83/84,Cagliari - Nuoro - Oristano - Sassari 83,Comuni della Provincia di Sassari,Alghero
83/84,Cagliari - Nuoro - Oristano - Sassari 83,Comuni della Provincia di Sassari,Olbia
83/84,Cagliari - Nuoro - Oristano - Sassari 83,Comuni della Provincia di Sassari,Porto Torres
83/84,Cagliari - Nuoro - Oristano - Sassari 83,Comuni della Provincia di Sassari,Tempio Pausania
84/85,Cagliari - Oristano 84,Conosci la tua città?,Notizie storiche
84/85,Cagliari - Oristano 84,Conosci la tua città?,Notizie statistico-geografiche
84/85,Cagliari - Oristano 84,Conosci la tua città?,Informazioni turistiche
84/85,Cagliari - Oristano 84,Conosci la tua città?,Fiere e Manifestazioni
84/85,Cagliari - Oristano 84,Conosci la tua città?,Palazzi e Monumenti
84/85,Cagliari - Oristano 84,Conosci la tua città?,Chiese monumentali
84/85,Cagliari - Oristano 84,Conosci la tua città?,Musei e Gallerie
84/85,Cagliari - Oristano 84,Conosci la tua città?,Archivi e Biblioteche
84/85,Cagliari - Oristano 84,Conosci la tua città?,Spettacoli e Ritrovi
84/85,Cagliari - Oristano 84,Trasporti,Linee urbane
84/85,Cagliari - Oristano 84,Trasporti,Linee extraurbane
84/85,Cagliari - Oristano 84,Trasporti,Ferrovie
84/85,Cagliari - Oristano 84,Trasporti,Aeroporto
84/85,Cagliari - Oristano 84,Trasporti,Porto
84/85,Cagliari - Oristano 84,Trasporti,Taxi
84/85,Cagliari - Oristano 84,Trasporti,Autoservizi in partenza da Cagliari
84/85,Cagliari - Oristano 84,Sanità,Norme del Servizio Sanitario Nazionale in attuazione in Sardegna
84/85,Cagliari - Oristano 84,Sanità,Centri U.S.L. della provincia di Cagliari
84/85,Cagliari - Oristano 84,Sanità,"Autoambulanze, Ospedali"
84/85,Cagliari - Oristano 84,Sanità,Farmacie
84/85,Cagliari - Oristano 84,Sanità,Prevenzione e Assistenza Sociale
84/85,Cagliari - Oristano 84,Istruzione e Sport,Istruzione: Enti competenti
84/85,Cagliari - Oristano 84,Istruzione e Sport,Scuole
84/85,Cagliari - Oristano 84,Istruzione e Sport,Università e altri Istituti
84/85,Cagliari - Oristano 84,Istruzione e Sport,Sport: Indirizzi utili
84/85,Cagliari - Oristano 84,Istruzione e Sport,Impianti Sportivi Pubblici
84/85,Cagliari - Oristano 84,Cosa e dove,Amministrazione Pubblica
84/85,Cagliari - Oristano 84,Cosa e dove,Uffici Giudiziari
84/85,Cagliari - Oristano 84,Cosa e dove,Uffici Finanziari
84/85,Cagliari - Oristano 84,Cosa e dove,Camere di Commercio e Uffici Commerciali
84/85,Cagliari - Oristano 84,Cosa e dove,Tutela ecologica
84/85,Cagliari - Oristano 84,Cosa e dove,Culto
84/85,Cagliari - Oristano 84,Cosa e dove,Poste e Telecomunicazioni
84/85,Cagliari - Oristano 84,Cosa e dove,Documenti: dove farli
84/85,Cagliari - Oristano 84,Comuni della Provincia di Cagliari,Assemini
84/85,Cagliari - Oristano 84,Comuni della Provincia di Cagliari,Carbonia
84/85,Cagliari - Oristano 84,Comuni della Provincia di Cagliari,Guspini
84/85,Cagliari - Oristano 84,Comuni della Provincia di Cagliari,Iglesias
84/85,Cagliari - Oristano 84,Comuni della Provincia di Cagliari,Quartu Sant'Elena
84/85,Cagliari - Oristano 84,Comuni della Provincia di Cagliari,Selargius
84/85,Cagliari - Oristano 84,Comuni della Provincia di Cagliari,Villacidro
84/85,Cagliari - Oristano 84,Conosci la tua città?,Notizie storiche
84/85,Cagliari - Oristano 84,Conosci la tua città?,Notizie statistico-geografiche
84/85,Cagliari - Oristano 84,Conosci la tua città?,Informazioni turistiche
84/85,Cagliari - Oristano 84,Conosci la tua città?,Fiere e Manifestazioni
84/85,Cagliari - Oristano 84,Conosci la tua città?,Palazzi e Monumenti
84/85,Cagliari - Oristano 84,Conosci la tua città?,Chiese monumentali
84/85,Cagliari - Oristano 84,Conosci la tua città?,Musei e Gallerie
84/85,Cagliari - Oristano 84,Conosci la tua città?,Archivi e Biblioteche
84/85,Cagliari - Oristano 84,Trasporti,Linee urbane ARST
84/85,Cagliari - Oristano 84,Trasporti,Linee extraurbane ARST
84/85,Cagliari - Oristano 84,Trasporti,Ferrovie dello Stato
84/85,Cagliari - Oristano 84,Trasporti,Taxi
84/85,Cagliari - Oristano 84,Trasporti,Autoservizi in partenza da Oristano
84/85,Cagliari - Oristano 84,Sanità,Norme del Servizio Sanitario Nazionale
84/85,Cagliari - Oristano 84,Sanità,Centri U.S.L. della provincia di Oristano
84/85,Cagliari - Oristano 84,Sanità,"Autoambulanze, Ospedali"
84/85,Cagliari - Oristano 84,Sanità,Farmacie
84/85,Cagliari - Oristano 84,Sanità,Prevenzione e Assistenza Sociale
84/85,Cagliari - Oristano 84,Istruzione e Sport,Istruzione: Enti competenti
84/85,Cagliari - Oristano 84,Istruzione e Sport,Scuole
84/85,Cagliari - Oristano 84,Istruzione e Sport,Università e altri Istituti
84/85,Cagliari - Oristano 84,Istruzione e Sport,Sport: Indirizzi utili
84/85,Cagliari - Oristano 84,Istruzione e Sport,Impianti Sportivi Pubblici
84/85,Cagliari - Oristano 84,Cosa e dove,Amministrazione Pubblica
84/85,Cagliari - Oristano 84,Cosa e dove,Uffici Giudiziari
84/85,Cagliari - Oristano 84,Cosa e dove,Uffici Finanziari
84/85,Cagliari - Oristano 84,Cosa e dove,Camere di Commercio e Uffici Commerciali
84/85,Cagliari - Oristano 84,Cosa e dove,Tutela ecologica
84/85,Cagliari - Oristano 84,Cosa e dove,Culto
84/85,Cagliari - Oristano 84,Cosa e dove,Poste e Telecomunicazioni
84/85,Cagliari - Oristano 84,Cosa e dove,Documenti: dove farli
84/85,Nuoro - Sassari 84,Conosci la tua città?,Notizie storiche
84/85,Nuoro - Sassari 84,Conosci la tua città?,Notizie statistico-geografiche
84/85,Nuoro - Sassari 84,Conosci la tua città?,Informazioni turistiche
84/85,Nuoro - Sassari 84,Conosci la tua città?,Fiere e Manifestazioni
84/85,Nuoro - Sassari 84,Conosci la tua città?,Palazzi e Monumenti
84/85,Nuoro - Sassari 84,Conosci la tua città?,Chiese monumentali
84/85,Nuoro - Sassari 84,Conosci la tua città?,Musei e Gallerie
84/85,Nuoro - Sassari 84,Conosci la tua città?,Archivi e Biblioteche
84/85,Nuoro - Sassari 84,Conosci la tua città?,Spettacoli e Ritrovi
84/85,Nuoro - Sassari 84,Trasporti,Linee urbane ed extraurbane
84/85,Nuoro - Sassari 84,Trasporti,Ferrovie
84/85,Nuoro - Sassari 84,Trasporti,Taxi
84/85,Nuoro - Sassari 84,Trasporti,Autoservizi in partenza da Nuoro
84/85,Nuoro - Sassari 84,Sanità,Norme del Servizio Sanitario Nazionale
84/85,Nuoro - Sassari 84,Sanità,Centri U.S.L. della provincia di Nuoro
84/85,Nuoro - Sassari 84,Sanità,"Autoambulanze, Ospedali"
84/85,Nuoro - Sassari 84,Sanità,Farmacie
84/85,Nuoro - Sassari 84,Sanità,Prevenzione e Assistenza Sociale
84/85,Nuoro - Sassari 84,Istruzione e Sport,Istruzione: Enti competenti
84/85,Nuoro - Sassari 84,Istruzione e Sport,Scuole
84/85,Nuoro - Sassari 84,Istruzione e Sport,Sport: Indirizzi utili
84/85,Nuoro - Sassari 84,Istruzione e Sport,Impianti Sportivi Pubblici
84/85,Nuoro - Sassari 84,Cosa e dove,Amministrazione Pubblica
84/85,Nuoro - Sassari 84,Cosa e dove,Uffici Giudiziari
84/85,Nuoro - Sassari 84,Cosa e dove,Uffici Finanziari
84/85,Nuoro - Sassari 84,Cosa e dove,Camere di Commercio e Uffici Commerciali
84/85,Nuoro - Sassari 84,Cosa e dove,"Culto, Poste e Telecomunicazioni"
84/85,Nuoro - Sassari 84,Cosa e dove,Documenti: dove farli
84/85,Nuoro - Sassari 84,Conosci la tua città?,Notizie storiche
84/85,Nuoro - Sassari 84,Conosci la tua città?,Notizie statistico-geografiche
84/85,Nuoro - Sassari 84,Conosci la tua città?,Informazioni turistiche
84/85,Nuoro - Sassari 84,Conosci la tua città?,Fiere e Manifestazioni
84/85,Nuoro - Sassari 84,Conosci la tua città?,Palazzi e Monumenti
84/85,Nuoro - Sassari 84,Conosci la tua città?,Chiese monumentali
84/85,Nuoro - Sassari 84,Conosci la tua città?,Musei e Gallerie
84/85,Nuoro - Sassari 84,Conosci la tua città?,Archivi e Biblioteche
84/85,Nuoro - Sassari 84,Conosci la tua città?,Spettacoli e Ritrovi
84/85,Nuoro - Sassari 84,Trasporti,Linee urbane A.C.T.P.
84/85,Nuoro - Sassari 84,Trasporti,Linee extraurbane A.C.T.P
84/85,Nuoro - Sassari 84,Trasporti,Ferrovie dello Stato
84/85,Nuoro - Sassari 84,Trasporti,Taxi
84/85,Nuoro - Sassari 84,Trasporti,Autoservizi in partenza da Sassari
84/85,Nuoro - Sassari 84,Sanità,Norme del Servizio Sanitario Nazionale
84/85,Nuoro - Sassari 84,Sanità,Centri U.S.L. della provincia di Sassari
84/85,Nuoro - Sassari 84,Sanità,"Autoambulanze, Ospedali"
84/85,Nuoro - Sassari 84,Sanità,Farmacie
84/85,Nuoro - Sassari 84,Sanità,Prevenzione e Assistenza Sociale
84/85,Nuoro - Sassari 84,Istruzione e Sport,Istruzione: Enti competenti
84/85,Nuoro - Sassari 84,Istruzione e Sport,Scuole
84/85,Nuoro - Sassari 84,Istruzione e Sport,Università e altri Istituti
84/85,Nuoro - Sassari 84,Istruzione e Sport,Sport: Indirizzi utili
84/85,Nuoro - Sassari 84,Istruzione e Sport,Impianti Sportivi Pubblici
84/85,Nuoro - Sassari 84,Cosa e dove,Amministrazione Pubblica
84/85,Nuoro - Sassari 84,Cosa e dove,Uffici Giudiziari
84/85,Nuoro - Sassari 84,Cosa e dove,Uffici Finanziari
84/85,Nuoro - Sassari 84,Cosa e dove,Camere di Commercio e Uffici Commerciali
84/85,Nuoro - Sassari 84,Cosa e dove,Tutela ecologica
84/85,Nuoro - Sassari 84,Cosa e dove,Culto
84/85,Nuoro - Sassari 84,Cosa e dove,Poste e Telecomunicazioni
84/85,Nuoro - Sassari 84,Cosa e dove,Documenti: dove farli
84/85,Nuoro - Sassari 84,Comuni della Provincia di Sassari,Alghero
84/85,Nuoro - Sassari 84,Comuni della Provincia di Sassari,Olbia
84/85,Nuoro - Sassari 84,Comuni della Provincia di Sassari,Ozieri
84/85,Nuoro - Sassari 84,Comuni della Provincia di Sassari,Porto Torres
84/85,Nuoro - Sassari 84,Comuni della Provincia di Sassari,Sorso
84/85,Nuoro - Sassari 84,Comuni della Provincia di Sassari,Tempio Pausania
85/86,Cagliari - Oristano 85,Conosci la tua città?,Notizie storiche
85/86,Cagliari - Oristano 85,Conosci la tua città?,Notizie statistico-geografiche
85/86,Cagliari - Oristano 85,Conosci la tua città?,Informazioni turistiche
85/86,Cagliari - Oristano 85,Conosci la tua città?,Fiere e Manifestazioni
85/86,Cagliari - Oristano 85,Conosci la tua città?,Palazzi e Monumenti
85/86,Cagliari - Oristano 85,Conosci la tua città?,Chiese monumentali
85/86,Cagliari - Oristano 85,Conosci la tua città?,Musei e Gallerie
85/86,Cagliari - Oristano 85,Conosci la tua città?,Archivi e Biblioteche
85/86,Cagliari - Oristano 85,Conosci la tua città?,Spettacoli e Ritrovi
85/86,Cagliari - Oristano 85,Trasporti,Linee urbane
85/86,Cagliari - Oristano 85,Trasporti,Linee extraurbane
85/86,Cagliari - Oristano 85,Trasporti,Ferrovie
85/86,Cagliari - Oristano 85,Trasporti,Aeroporto
85/86,Cagliari - Oristano 85,Trasporti,Porto
85/86,Cagliari - Oristano 85,Trasporti,Taxi
85/86,Cagliari - Oristano 85,Trasporti,Autoservizi in partenza da Cagliari
85/86,Cagliari - Oristano 85,Sanità,Norme del Servizio Sanitario Nazionale in attuazione in Sardegna
85/86,Cagliari - Oristano 85,Sanità,Centri U.S.L. della provincia di Cagliari
85/86,Cagliari - Oristano 85,Sanità,"Autoambulanze, Ospedali"
85/86,Cagliari - Oristano 85,Sanità,Farmacie
85/86,Cagliari - Oristano 85,Sanità,Prevenzione e Assistenza Sociale
85/86,Cagliari - Oristano 85,Istruzione e Sport,Istruzione: Enti competenti
85/86,Cagliari - Oristano 85,Istruzione e Sport,Scuole
85/86,Cagliari - Oristano 85,Istruzione e Sport,Università e altri Istituti
85/86,Cagliari - Oristano 85,Istruzione e Sport,Sport: Indirizzi utili
85/86,Cagliari - Oristano 85,Istruzione e Sport,Impianti Sportivi Pubblici
85/86,Cagliari - Oristano 85,Cosa e dove,Amministrazione Pubblica
85/86,Cagliari - Oristano 85,Cosa e dove,Uffici Giudiziari
85/86,Cagliari - Oristano 85,Cosa e dove,Uffici Finanziari
85/86,Cagliari - Oristano 85,Cosa e dove,Camere di Commercio e Uffici Commerciali
85/86,Cagliari - Oristano 85,Cosa e dove,Tutela ecologica
85/86,Cagliari - Oristano 85,Cosa e dove,Culto
85/86,Cagliari - Oristano 85,Cosa e dove,Poste e Telecomunicazioni
85/86,Cagliari - Oristano 85,Cosa e dove,Documenti: dove farli
85/86,Cagliari - Oristano 85,Comuni della Provincia di Cagliari,Assemini
85/86,Cagliari - Oristano 85,Comuni della Provincia di Cagliari,Carbonia
85/86,Cagliari - Oristano 85,Comuni della Provincia di Cagliari,Guspini
85/86,Cagliari - Oristano 85,Comuni della Provincia di Cagliari,Iglesias
85/86,Cagliari - Oristano 85,Comuni della Provincia di Cagliari,Quartu Sant'Elena
85/86,Cagliari - Oristano 85,Comuni della Provincia di Cagliari,Selargius
85/86,Cagliari - Oristano 85,Comuni della Provincia di Cagliari,Villacidro
85/86,Cagliari - Oristano 85,Conosci la tua città?,Notizie storiche
85/86,Cagliari - Oristano 85,Conosci la tua città?,Notizie statistico-geografiche
85/86,Cagliari - Oristano 85,Conosci la tua città?,Informazioni turistiche
85/86,Cagliari - Oristano 85,Conosci la tua città?,Fiere e Manifestazioni
85/86,Cagliari - Oristano 85,Conosci la tua città?,Palazzi e Monumenti
85/86,Cagliari - Oristano 85,Conosci la tua città?,Chiese monumentali
85/86,Cagliari - Oristano 85,Conosci la tua città?,Musei e Gallerie
85/86,Cagliari - Oristano 85,Conosci la tua città?,Archivi e Biblioteche
85/86,Cagliari - Oristano 85,Trasporti,Linee urbane ARST
85/86,Cagliari - Oristano 85,Trasporti,Linee extraurbane ARST
85/86,Cagliari - Oristano 85,Trasporti,Ferrovie dello Stato
85/86,Cagliari - Oristano 85,Trasporti,Taxi
85/86,Cagliari - Oristano 85,Trasporti,Autoservizi in partenza da Oristano
85/86,Cagliari - Oristano 85,Sanità,Norme del Servizio Sanitario Nazionale
85/86,Cagliari - Oristano 85,Sanità,Centri U.S.L. della provincia di Oristano
85/86,Cagliari - Oristano 85,Sanità,"Autoambulanze, Ospedali"
85/86,Cagliari - Oristano 85,Sanità,Farmacie
85/86,Cagliari - Oristano 85,Sanità,Prevenzione e Assistenza Sociale
85/86,Cagliari - Oristano 85,Istruzione e Sport,Istruzione: Enti competenti
85/86,Cagliari - Oristano 85,Istruzione e Sport,Scuole
85/86,Cagliari - Oristano 85,Istruzione e Sport,Università e altri Istituti
85/86,Cagliari - Oristano 85,Istruzione e Sport,Sport: Indirizzi utili
85/86,Cagliari - Oristano 85,Istruzione e Sport,Impianti Sportivi Pubblici
85/86,Cagliari - Oristano 85,Cosa e dove,Amministrazione Pubblica
85/86,Cagliari - Oristano 85,Cosa e dove,Uffici Giudiziari
85/86,Cagliari - Oristano 85,Cosa e dove,Uffici Finanziari
85/86,Cagliari - Oristano 85,Cosa e dove,Camere di Commercio e Uffici Commerciali
85/86,Cagliari - Oristano 85,Cosa e dove,Tutela ecologica
85/86,Cagliari - Oristano 85,Cosa e dove,Culto
85/86,Cagliari - Oristano 85,Cosa e dove,Poste e Telecomunicazioni
85/86,Cagliari - Oristano 85,Cosa e dove,Documenti: dove farli
85/86,Nuoro - Sassari 85,Conosci la tua città?,Notizie storiche
85/86,Nuoro - Sassari 85,Conosci la tua città?,Notizie statistico-geografiche
85/86,Nuoro - Sassari 85,Conosci la tua città?,Informazioni turistiche
85/86,Nuoro - Sassari 85,Conosci la tua città?,Fiere e Manifestazioni
85/86,Nuoro - Sassari 85,Conosci la tua città?,Palazzi e Monumenti
85/86,Nuoro - Sassari 85,Conosci la tua città?,Chiese monumentali
85/86,Nuoro - Sassari 85,Conosci la tua città?,Musei e Gallerie
85/86,Nuoro - Sassari 85,Conosci la tua città?,Archivi e Biblioteche
85/86,Nuoro - Sassari 85,Conosci la tua città?,Spettacoli e Ritrovi
85/86,Nuoro - Sassari 85,Trasporti,Linee urbane ed extraurbane
85/86,Nuoro - Sassari 85,Trasporti,Ferrovie complementari della Sardegna
85/86,Nuoro - Sassari 85,Trasporti,Taxi
85/86,Nuoro - Sassari 85,Trasporti,Autoservizi in partenza da Nuoro
85/86,Nuoro - Sassari 85,Sanità,Norme del Servizio Sanitario Nazionale
85/86,Nuoro - Sassari 85,Sanità,Centri U.S.L. della provincia di Nuoro
85/86,Nuoro - Sassari 85,Sanità,"Autoambulanze, Ospedali"
85/86,Nuoro - Sassari 85,Sanità,Farmacie
85/86,Nuoro - Sassari 85,Sanità,Prevenzione e Assistenza Sociale
85/86,Nuoro - Sassari 85,Istruzione e Sport,Istruzione: Enti competenti
85/86,Nuoro - Sassari 85,Istruzione e Sport,Scuole
85/86,Nuoro - Sassari 85,Istruzione e Sport,Sport: Indirizzi utili
85/86,Nuoro - Sassari 85,Istruzione e Sport,Impianti Sportivi Pubblici
85/86,Nuoro - Sassari 85,Cosa e dove,Amministrazione Pubblica
85/86,Nuoro - Sassari 85,Cosa e dove,Uffici Giudiziari
85/86,Nuoro - Sassari 85,Cosa e dove,Uffici Finanziari
85/86,Nuoro - Sassari 85,Cosa e dove,Camere di Commercio e Uffici Commerciali
85/86,Nuoro - Sassari 85,Cosa e dove,"Culto, Poste e Telecomunicazioni"
85/86,Nuoro - Sassari 85,Cosa e dove,Documenti: dove farli
85/86,Nuoro - Sassari 85,Conosci la tua città?,Notizie storiche
85/86,Nuoro - Sassari 85,Conosci la tua città?,Notizie statistico-geografiche
85/86,Nuoro - Sassari 85,Conosci la tua città?,Informazioni turistiche
85/86,Nuoro - Sassari 85,Conosci la tua città?,Fiere e Manifestazioni
85/86,Nuoro - Sassari 85,Conosci la tua città?,Palazzi e Monumenti
85/86,Nuoro - Sassari 85,Conosci la tua città?,Chiese monumentali
85/86,Nuoro - Sassari 85,Conosci la tua città?,Musei e Gallerie
85/86,Nuoro - Sassari 85,Conosci la tua città?,Archivi e Biblioteche
85/86,Nuoro - Sassari 85,Conosci la tua città?,Spettacoli e Ritrovi
85/86,Nuoro - Sassari 85,Trasporti,Linee urbane A.C.T.P.
85/86,Nuoro - Sassari 85,Trasporti,Linee extraurbane A.C.T.P
85/86,Nuoro - Sassari 85,Trasporti,Ferrovie dello Stato
85/86,Nuoro - Sassari 85,Trasporti,Taxi
85/86,Nuoro - Sassari 85,Trasporti,Autoservizi in partenza da Sassari
85/86,Nuoro - Sassari 85,Sanità,Norme del Servizio Sanitario Nazionale
85/86,Nuoro - Sassari 85,Sanità,Centri U.S.L. della provincia di Sassari
85/86,Nuoro - Sassari 85,Sanità,"Autoambulanze, Ospedali"
85/86,Nuoro - Sassari 85,Sanità,Farmacie
85/86,Nuoro - Sassari 85,Sanità,Prevenzione e Assistenza Sociale
85/86,Nuoro - Sassari 85,Istruzione e Sport,Istruzione: Enti competenti
85/86,Nuoro - Sassari 85,Istruzione e Sport,Scuole
85/86,Nuoro - Sassari 85,Istruzione e Sport,Università e altri Istituti
85/86,Nuoro - Sassari 85,Istruzione e Sport,Sport: Indirizzi utili
85/86,Nuoro - Sassari 85,Istruzione e Sport,Impianti Sportivi Pubblici
85/86,Nuoro - Sassari 85,Cosa e dove,Amministrazione Pubblica
85/86,Nuoro - Sassari 85,Cosa e dove,Uffici Giudiziari
85/86,Nuoro - Sassari 85,Cosa e dove,Uffici Finanziari
85/86,Nuoro - Sassari 85,Cosa e dove,Camere di Commercio e Uffici Commerciali
85/86,Nuoro - Sassari 85,Cosa e dove,Tutela ecologica
85/86,Nuoro - Sassari 85,Cosa e dove,Culto
85/86,Nuoro - Sassari 85,Cosa e dove,Poste e Telecomunicazioni
85/86,Nuoro - Sassari 85,Cosa e dove,Documenti: dove farli
85/86,Nuoro - Sassari 85,Comuni della Provincia di Sassari,Alghero
85/86,Nuoro - Sassari 85,Comuni della Provincia di Sassari,Olbia
85/86,Nuoro - Sassari 85,Comuni della Provincia di Sassari,Ozieri
85/86,Nuoro - Sassari 85,Comuni della Provincia di Sassari,Porto Torres
85/86,Nuoro - Sassari 85,Comuni della Provincia di Sassari,Sorso
85/86,Nuoro - Sassari 85,Comuni della Provincia di Sassari,Tempio Pausania
86/87,Cagliari - Oristano 86,Conosci la tua città?,Notizie storiche
86/87,Cagliari - Oristano 86,Conosci la tua città?,Notizie statistico-geografiche
86/87,Cagliari - Oristano 86,Conosci la tua città?,Informazioni turistiche
86/87,Cagliari - Oristano 86,Conosci la tua città?,Fiere e Manifestazioni
86/87,Cagliari - Oristano 86,Conosci la tua città?,Palazzi e Monumenti
86/87,Cagliari - Oristano 86,Conosci la tua città?,Chiese monumentali
86/87,Cagliari - Oristano 86,Conosci la tua città?,Musei e Gallerie
86/87,Cagliari - Oristano 86,Conosci la tua città?,Archivi e Biblioteche
86/87,Cagliari - Oristano 86,Conosci la tua città?,Spettacoli e Ritrovi
86/87,Cagliari - Oristano 86,Trasporti,Linee urbane
86/87,Cagliari - Oristano 86,Trasporti,Linee extraurbane
86/87,Cagliari - Oristano 86,Trasporti,Ferrovie
86/87,Cagliari - Oristano 86,Trasporti,Aeroporto
86/87,Cagliari - Oristano 86,Trasporti,Porto
86/87,Cagliari - Oristano 86,Trasporti,Taxi
86/87,Cagliari - Oristano 86,Trasporti,Autoservizi in partenza da Cagliari
86/87,Cagliari - Oristano 86,Sanità,Norme del Servizio Sanitario Nazionale in attuazione in Sardegna
86/87,Cagliari - Oristano 86,Sanità,Centri U.S.L. della provincia di Cagliari
86/87,Cagliari - Oristano 86,Sanità,"Autoambulanze, Ospedali"
86/87,Cagliari - Oristano 86,Sanità,Farmacie
86/87,Cagliari - Oristano 86,Sanità,Prevenzione e Assistenza Sociale
86/87,Cagliari - Oristano 86,Istruzione e Sport,Istruzione: Enti competenti
86/87,Cagliari - Oristano 86,Istruzione e Sport,Scuole
86/87,Cagliari - Oristano 86,Istruzione e Sport,Università e altri Istituti
86/87,Cagliari - Oristano 86,Istruzione e Sport,Sport: Indirizzi utili
86/87,Cagliari - Oristano 86,Istruzione e Sport,Impianti Sportivi Pubblici
86/87,Cagliari - Oristano 86,Cosa e dove,Amministrazione Pubblica
86/87,Cagliari - Oristano 86,Cosa e dove,Uffici Giudiziari
86/87,Cagliari - Oristano 86,Cosa e dove,Uffici Finanziari
86/87,Cagliari - Oristano 86,Cosa e dove,Camere di Commercio e Uffici Commerciali
86/87,Cagliari - Oristano 86,Cosa e dove,Tutela ecologica
86/87,Cagliari - Oristano 86,Cosa e dove,Culto
86/87,Cagliari - Oristano 86,Cosa e dove,Poste e Telecomunicazioni
86/87,Cagliari - Oristano 86,Cosa e dove,Documenti: dove farli
86/87,Cagliari - Oristano 86,Comuni della Provincia di Cagliari,Assemini
86/87,Cagliari - Oristano 86,Comuni della Provincia di Cagliari,Carbonia
86/87,Cagliari - Oristano 86,Comuni della Provincia di Cagliari,Guspini
86/87,Cagliari - Oristano 86,Comuni della Provincia di Cagliari,Iglesias
86/87,Cagliari - Oristano 86,Comuni della Provincia di Cagliari,Quartu Sant'Elena
86/87,Cagliari - Oristano 86,Comuni della Provincia di Cagliari,Selargius
86/87,Cagliari - Oristano 86,Comuni della Provincia di Cagliari,Villacidro
86/87,Cagliari - Oristano 86,Conosci la tua città?,Notizie storiche
86/87,Cagliari - Oristano 86,Conosci la tua città?,Notizie statistico-geografiche
86/87,Cagliari - Oristano 86,Conosci la tua città?,Informazioni turistiche
86/87,Cagliari - Oristano 86,Conosci la tua città?,Fiere e Manifestazioni
86/87,Cagliari - Oristano 86,Conosci la tua città?,Palazzi e Monumenti
86/87,Cagliari - Oristano 86,Conosci la tua città?,Chiese monumentali
86/87,Cagliari - Oristano 86,Conosci la tua città?,Musei e Gallerie
86/87,Cagliari - Oristano 86,Conosci la tua città?,Archivi e Biblioteche
86/87,Cagliari - Oristano 86,Trasporti,Linee urbane ARST
86/87,Cagliari - Oristano 86,Trasporti,Linee extraurbane ARST
86/87,Cagliari - Oristano 86,Trasporti,Ferrovie dello Stato
86/87,Cagliari - Oristano 86,Trasporti,Taxi
86/87,Cagliari - Oristano 86,Trasporti,Autoservizi in partenza da Oristano
86/87,Cagliari - Oristano 86,Sanità,Norme del Servizio Sanitario Nazionale
86/87,Cagliari - Oristano 86,Sanità,Centri U.S.L. della provincia di Oristano
86/87,Cagliari - Oristano 86,Sanità,"Autoambulanze, Ospedali"
86/87,Cagliari - Oristano 86,Sanità,Farmacie
86/87,Cagliari - Oristano 86,Sanità,Prevenzione e Assistenza Sociale
86/87,Cagliari - Oristano 86,Istruzione e Sport,Istruzione: Enti competenti
86/87,Cagliari - Oristano 86,Istruzione e Sport,Scuole
86/87,Cagliari - Oristano 86,Istruzione e Sport,Università e altri Istituti
86/87,Cagliari - Oristano 86,Istruzione e Sport,Sport: Indirizzi utili
86/87,Cagliari - Oristano 86,Istruzione e Sport,Impianti Sportivi Pubblici
86/87,Cagliari - Oristano 86,Cosa e dove,Amministrazione Pubblica
86/87,Cagliari - Oristano 86,Cosa e dove,Uffici Giudiziari
86/87,Cagliari - Oristano 86,Cosa e dove,Uffici Finanziari
86/87,Cagliari - Oristano 86,Cosa e dove,Camere di Commercio e Uffici Commerciali
86/87,Cagliari - Oristano 86,Cosa e dove,Tutela ecologica
86/87,Cagliari - Oristano 86,Cosa e dove,Culto
86/87,Cagliari - Oristano 86,Cosa e dove,Poste e Telecomunicazioni
86/87,Cagliari - Oristano 86,Cosa e dove,Documenti: dove farli
86/87,Nuoro - Sassari 86,Conosci la tua città?,Notizie storiche
86/87,Nuoro - Sassari 86,Conosci la tua città?,Notizie statistico-geografiche
86/87,Nuoro - Sassari 86,Conosci la tua città?,Informazioni turistiche
86/87,Nuoro - Sassari 86,Conosci la tua città?,Fiere e Manifestazioni
86/87,Nuoro - Sassari 86,Conosci la tua città?,Palazzi e Monumenti
86/87,Nuoro - Sassari 86,Conosci la tua città?,Chiese monumentali
86/87,Nuoro - Sassari 86,Conosci la tua città?,Musei e Gallerie
86/87,Nuoro - Sassari 86,Conosci la tua città?,Archivi e Biblioteche
86/87,Nuoro - Sassari 86,Conosci la tua città?,Spettacoli e Ritrovi
86/87,Nuoro - Sassari 86,Trasporti,Linee urbane ed extraurbane
86/87,Nuoro - Sassari 86,Trasporti,Ferrovie complementari della Sardegna
86/87,Nuoro - Sassari 86,Trasporti,Taxi
86/87,Nuoro - Sassari 86,Trasporti,Autoservizi in partenza da Nuoro
86/87,Nuoro - Sassari 86,Sanità,Norme del Servizio Sanitario Nazionale
86/87,Nuoro - Sassari 86,Sanità,Centri U.S.L. della provincia di Nuoro
86/87,Nuoro - Sassari 86,Sanità,"Autoambulanze, Ospedali"
86/87,Nuoro - Sassari 86,Sanità,Farmacie
86/87,Nuoro - Sassari 86,Sanità,Prevenzione e Assistenza Sociale
86/87,Nuoro - Sassari 86,Istruzione e Sport,Istruzione: Enti competenti
86/87,Nuoro - Sassari 86,Istruzione e Sport,Scuole
86/87,Nuoro - Sassari 86,Istruzione e Sport,Sport: Indirizzi utili
86/87,Nuoro - Sassari 86,Istruzione e Sport,Impianti Sportivi Pubblici
86/87,Nuoro - Sassari 86,Cosa e dove,Amministrazione Pubblica
86/87,Nuoro - Sassari 86,Cosa e dove,Uffici Giudiziari
86/87,Nuoro - Sassari 86,Cosa e dove,Uffici Finanziari
86/87,Nuoro - Sassari 86,Cosa e dove,Camere di Commercio e Uffici Commerciali
86/87,Nuoro - Sassari 86,Cosa e dove,"Culto, Poste e Telecomunicazioni"
86/87,Nuoro - Sassari 86,Cosa e dove,Documenti: dove farli
86/87,Nuoro - Sassari 86,Conosci la tua città?,Notizie storiche
86/87,Nuoro - Sassari 86,Conosci la tua città?,Notizie statistico-geografiche
86/87,Nuoro - Sassari 86,Conosci la tua città?,Informazioni turistiche
86/87,Nuoro - Sassari 86,Conosci la tua città?,Fiere e Manifestazioni
86/87,Nuoro - Sassari 86,Conosci la tua città?,Palazzi e Monumenti
86/87,Nuoro - Sassari 86,Conosci la tua città?,Chiese monumentali
86/87,Nuoro - Sassari 86,Conosci la tua città?,Musei e Gallerie
86/87,Nuoro - Sassari 86,Conosci la tua città?,Archivi e Biblioteche
86/87,Nuoro - Sassari 86,Conosci la tua città?,Spettacoli e Ritrovi
86/87,Nuoro - Sassari 86,Trasporti,Linee urbane A.C.T.P.
86/87,Nuoro - Sassari 86,Trasporti,Linee extraurbane A.C.T.P
86/87,Nuoro - Sassari 86,Trasporti,Ferrovie dello Stato
86/87,Nuoro - Sassari 86,Trasporti,Taxi
86/87,Nuoro - Sassari 86,Trasporti,Autoservizi in partenza da Sassari
86/87,Nuoro - Sassari 86,Sanità,Norme del Servizio Sanitario Nazionale
86/87,Nuoro - Sassari 86,Sanità,Centri U.S.L. della provincia di Sassari
86/87,Nuoro - Sassari 86,Sanità,"Autoambulanze, Ospedali"
86/87,Nuoro - Sassari 86,Sanità,Farmacie
86/87,Nuoro - Sassari 86,Sanità,Prevenzione e Assistenza Sociale
86/87,Nuoro - Sassari 86,Istruzione e Sport,Istruzione: Enti competenti
86/87,Nuoro - Sassari 86,Istruzione e Sport,Scuole
86/87,Nuoro - Sassari 86,Istruzione e Sport,Università e altri Istituti
86/87,Nuoro - Sassari 86,Istruzione e Sport,Sport: Indirizzi utili
86/87,Nuoro - Sassari 86,Istruzione e Sport,Impianti Sportivi Pubblici
86/87,Nuoro - Sassari 86,Cosa e dove,Amministrazione Pubblica
86/87,Nuoro - Sassari 86,Cosa e dove,Uffici Giudiziari
86/87,Nuoro - Sassari 86,Cosa e dove,Uffici Finanziari
86/87,Nuoro - Sassari 86,Cosa e dove,Camere di Commercio e Uffici Commerciali
86/87,Nuoro - Sassari 86,Cosa e dove,Tutela ecologica
86/87,Nuoro - Sassari 86,Cosa e dove,Culto
86/87,Nuoro - Sassari 86,Cosa e dove,Poste e Telecomunicazioni
86/87,Nuoro - Sassari 86,Cosa e dove,Documenti: dove farli
86/87,Nuoro - Sassari 86,Comuni della Provincia di Sassari,Alghero
86/87,Nuoro - Sassari 86,Comuni della Provincia di Sassari,La Maddalena
86/87,Nuoro - Sassari 86,Comuni della Provincia di Sassari,Olbia
86/87,Nuoro - Sassari 86,Comuni della Provincia di Sassari,Ozieri
86/87,Nuoro - Sassari 86,Comuni della Provincia di Sassari,Porto Torres
86/87,Nuoro - Sassari 86,Comuni della Provincia di Sassari,Sorso
86/87,Nuoro - Sassari 86,Comuni della Provincia di Sassari,Tempio Pausania
87/88,Cagliari - Oristano 87,Conosci la tua città?,Notizie storiche
87/88,Cagliari - Oristano 87,Conosci la tua città?,Notizie statistico-geografiche
87/88,Cagliari - Oristano 87,Conosci la tua città?,Informazioni turistiche
87/88,Cagliari - Oristano 87,Conosci la tua città?,Fiere e Manifestazioni
87/88,Cagliari - Oristano 87,Conosci la tua città?,Palazzi e Monumenti
87/88,Cagliari - Oristano 87,Conosci la tua città?,Chiese monumentali
87/88,Cagliari - Oristano 87,Conosci la tua città?,Musei e Gallerie
87/88,Cagliari - Oristano 87,Conosci la tua città?,Archivi e Biblioteche
87/88,Cagliari - Oristano 87,Conosci la tua città?,Spettacoli e Ritrovi
87/88,Cagliari - Oristano 87,Trasporti,Linee urbane
87/88,Cagliari - Oristano 87,Trasporti,Linee extraurbane
87/88,Cagliari - Oristano 87,Trasporti,Ferrovie
87/88,Cagliari - Oristano 87,Trasporti,Aeroporto
87/88,Cagliari - Oristano 87,Trasporti,Porto
87/88,Cagliari - Oristano 87,Trasporti,Taxi
87/88,Cagliari - Oristano 87,Trasporti,Autoservizi in partenza da Cagliari
87/88,Cagliari - Oristano 87,Sanità,Norme del Servizio Sanitario Nazionale in attuazione in Sardegna
87/88,Cagliari - Oristano 87,Sanità,Centri U.S.L. della provincia di Cagliari
87/88,Cagliari - Oristano 87,Sanità,"Autoambulanze, Ospedali"
87/88,Cagliari - Oristano 87,Sanità,Farmacie
87/88,Cagliari - Oristano 87,Sanità,Prevenzione e Assistenza Sociale
87/88,Cagliari - Oristano 87,Istruzione e Sport,Istruzione: Enti competenti
87/88,Cagliari - Oristano 87,Istruzione e Sport,Scuole
87/88,Cagliari - Oristano 87,Istruzione e Sport,Università e altri Istituti
87/88,Cagliari - Oristano 87,Istruzione e Sport,Sport: Indirizzi utili
87/88,Cagliari - Oristano 87,Istruzione e Sport,Impianti Sportivi Pubblici
87/88,Cagliari - Oristano 87,Cosa e dove,Amministrazione Pubblica
87/88,Cagliari - Oristano 87,Cosa e dove,Uffici Giudiziari
87/88,Cagliari - Oristano 87,Cosa e dove,Uffici Finanziari
87/88,Cagliari - Oristano 87,Cosa e dove,Camere di Commercio e Uffici Commerciali
87/88,Cagliari - Oristano 87,Cosa e dove,Tutela ecologica
87/88,Cagliari - Oristano 87,Cosa e dove,Culto
87/88,Cagliari - Oristano 87,Cosa e dove,Poste e Telecomunicazioni
87/88,Cagliari - Oristano 87,Cosa e dove,Documenti: dove farli
87/88,Cagliari - Oristano 87,Comuni della Provincia di Cagliari,Assemini
87/88,Cagliari - Oristano 87,Comuni della Provincia di Cagliari,Carbonia
87/88,Cagliari - Oristano 87,Comuni della Provincia di Cagliari,Guspini
87/88,Cagliari - Oristano 87,Comuni della Provincia di Cagliari,Iglesias
87/88,Cagliari - Oristano 87,Comuni della Provincia di Cagliari,Quartu Sant'Elena
87/88,Cagliari - Oristano 87,Comuni della Provincia di Cagliari,Selargius
87/88,Cagliari - Oristano 87,Comuni della Provincia di Cagliari,Villacidro
87/88,Cagliari - Oristano 87,Conosci la tua città?,Notizie storiche
87/88,Cagliari - Oristano 87,Conosci la tua città?,Notizie statistico-geografiche
87/88,Cagliari - Oristano 87,Conosci la tua città?,Informazioni turistiche
87/88,Cagliari - Oristano 87,Conosci la tua città?,Fiere e Manifestazioni
87/88,Cagliari - Oristano 87,Conosci la tua città?,Palazzi e Monumenti
87/88,Cagliari - Oristano 87,Conosci la tua città?,Chiese monumentali
87/88,Cagliari - Oristano 87,Conosci la tua città?,Musei e Gallerie
87/88,Cagliari - Oristano 87,Conosci la tua città?,Archivi e Biblioteche
87/88,Cagliari - Oristano 87,Trasporti,Linee urbane ARST
87/88,Cagliari - Oristano 87,Trasporti,Linee extraurbane ARST
87/88,Cagliari - Oristano 87,Trasporti,Ferrovie dello Stato
87/88,Cagliari - Oristano 87,Trasporti,Taxi
87/88,Cagliari - Oristano 87,Trasporti,Autoservizi in partenza da Oristano
87/88,Cagliari - Oristano 87,Sanità,Norme del Servizio Sanitario Nazionale
87/88,Cagliari - Oristano 87,Sanità,Centri U.S.L. della provincia di Oristano
87/88,Cagliari - Oristano 87,Sanità,"Autoambulanze, Ospedali"
87/88,Cagliari - Oristano 87,Sanità,Farmacie
87/88,Cagliari - Oristano 87,Sanità,Prevenzione e Assistenza Sociale
87/88,Cagliari - Oristano 87,Istruzione e Sport,Istruzione: Enti competenti
87/88,Cagliari - Oristano 87,Istruzione e Sport,Scuole
87/88,Cagliari - Oristano 87,Istruzione e Sport,Università e altri Istituti
87/88,Cagliari - Oristano 87,Istruzione e Sport,Sport: Indirizzi utili
87/88,Cagliari - Oristano 87,Istruzione e Sport,Impianti Sportivi Pubblici
87/88,Cagliari - Oristano 87,Cosa e dove,Amministrazione Pubblica
87/88,Cagliari - Oristano 87,Cosa e dove,Uffici Giudiziari
87/88,Cagliari - Oristano 87,Cosa e dove,Uffici Finanziari
87/88,Cagliari - Oristano 87,Cosa e dove,Camere di Commercio e Uffici Commerciali
87/88,Cagliari - Oristano 87,Cosa e dove,Tutela ecologica
87/88,Cagliari - Oristano 87,Cosa e dove,Culto
87/88,Cagliari - Oristano 87,Cosa e dove,Poste e Telecomunicazioni
87/88,Cagliari - Oristano 87,Cosa e dove,Documenti: dove farli
87/88,Nuoro - Sassari 87,Conosci la tua città?,Notizie storiche
87/88,Nuoro - Sassari 87,Conosci la tua città?,Notizie statistico-geografiche
87/88,Nuoro - Sassari 87,Conosci la tua città?,Informazioni turistiche
87/88,Nuoro - Sassari 87,Conosci la tua città?,Fiere e Manifestazioni
87/88,Nuoro - Sassari 87,Conosci la tua città?,Palazzi e Monumenti
87/88,Nuoro - Sassari 87,Conosci la tua città?,Chiese monumentali
87/88,Nuoro - Sassari 87,Conosci la tua città?,Musei e Gallerie
87/88,Nuoro - Sassari 87,Conosci la tua città?,Archivi e Biblioteche
87/88,Nuoro - Sassari 87,Conosci la tua città?,Spettacoli e Ritrovi
87/88,Nuoro - Sassari 87,Trasporti,Linee urbane ed extraurbane
87/88,Nuoro - Sassari 87,Trasporti,Ferrovie complementrari della Sardegna
87/88,Nuoro - Sassari 87,Trasporti,Taxi
87/88,Nuoro - Sassari 87,Trasporti,Autoservizi in partenza da Nuoro
87/88,Nuoro - Sassari 87,Sanità,Norme del Servizio Sanitario Nazionale
87/88,Nuoro - Sassari 87,Sanità,Centri U.S.L. della provincia di Nuoro
87/88,Nuoro - Sassari 87,Sanità,"Autoambulanze, Ospedali"
87/88,Nuoro - Sassari 87,Sanità,Farmacie
87/88,Nuoro - Sassari 87,Sanità,Prevenzione e Assistenza Sociale
87/88,Nuoro - Sassari 87,Istruzione e Sport,Istruzione: Enti competenti
87/88,Nuoro - Sassari 87,Istruzione e Sport,Scuole
87/88,Nuoro - Sassari 87,Istruzione e Sport,Sport: Indirizzi utili
87/88,Nuoro - Sassari 87,Istruzione e Sport,Impianti Sportivi Pubblici
87/88,Nuoro - Sassari 87,Cosa e dove,Amministrazione Pubblica
87/88,Nuoro - Sassari 87,Cosa e dove,Uffici Giudiziari
87/88,Nuoro - Sassari 87,Cosa e dove,Uffici Finanziari
87/88,Nuoro - Sassari 87,Cosa e dove,Camere di Commercio e Uffici Commerciali
87/88,Nuoro - Sassari 87,Cosa e dove,"Culto, Poste e Telecomunicazioni"
87/88,Nuoro - Sassari 87,Cosa e dove,Documenti: dove farli
87/88,Nuoro - Sassari 87,Conosci la tua città?,Notizie storiche
87/88,Nuoro - Sassari 87,Conosci la tua città?,Notizie statistico-geografiche
87/88,Nuoro - Sassari 87,Conosci la tua città?,Informazioni turistiche
87/88,Nuoro - Sassari 87,Conosci la tua città?,Fiere e Manifestazioni
87/88,Nuoro - Sassari 87,Conosci la tua città?,Palazzi e Monumenti
87/88,Nuoro - Sassari 87,Conosci la tua città?,Chiese monumentali
87/88,Nuoro - Sassari 87,Conosci la tua città?,Musei e Gallerie
87/88,Nuoro - Sassari 87,Conosci la tua città?,Archivi e Biblioteche
87/88,Nuoro - Sassari 87,Conosci la tua città?,Spettacoli e Ritrovi
87/88,Nuoro - Sassari 87,Trasporti,Linee urbane A.C.T.P.
87/88,Nuoro - Sassari 87,Trasporti,Linee extraurbane A.C.T.P
87/88,Nuoro - Sassari 87,Trasporti,Ferrovie dello Stato
87/88,Nuoro - Sassari 87,Trasporti,Taxi
87/88,Nuoro - Sassari 87,Trasporti,Autoservizi in partenza da Sassari
87/88,Nuoro - Sassari 87,Sanità,Norme del Servizio Sanitario Nazionale
87/88,Nuoro - Sassari 87,Sanità,Centri U.S.L. della provincia di Sassari
87/88,Nuoro - Sassari 87,Sanità,"Autoambulanze, Ospedali"
87/88,Nuoro - Sassari 87,Sanità,Farmacie
87/88,Nuoro - Sassari 87,Sanità,Prevenzione e Assistenza Sociale
87/88,Nuoro - Sassari 87,Istruzione e Sport,Istruzione: Enti competenti
87/88,Nuoro - Sassari 87,Istruzione e Sport,Scuole
87/88,Nuoro - Sassari 87,Istruzione e Sport,Università e altri Istituti
87/88,Nuoro - Sassari 87,Istruzione e Sport,Sport: Indirizzi utili
87/88,Nuoro - Sassari 87,Istruzione e Sport,Impianti Sportivi Pubblici
87/88,Nuoro - Sassari 87,Cosa e dove,Amministrazione Pubblica
87/88,Nuoro - Sassari 87,Cosa e dove,Uffici Giudiziari
87/88,Nuoro - Sassari 87,Cosa e dove,Uffici Finanziari
87/88,Nuoro - Sassari 87,Cosa e dove,Camere di Commercio e Uffici Commerciali
87/88,Nuoro - Sassari 87,Cosa e dove,Tutela ecologica
87/88,Nuoro - Sassari 87,Cosa e dove,Culto
87/88,Nuoro - Sassari 87,Cosa e dove,Poste e Telecomunicazioni
87/88,Nuoro - Sassari 87,Cosa e dove,Documenti: dove farli
87/88,Nuoro - Sassari 87,Comuni della Provincia di Sassari,Alghero
87/88,Nuoro - Sassari 87,Comuni della Provincia di Sassari,La Maddalena
87/88,Nuoro - Sassari 87,Comuni della Provincia di Sassari,Olbia
87/88,Nuoro - Sassari 87,Comuni della Provincia di Sassari,Ozieri
87/88,Nuoro - Sassari 87,Comuni della Provincia di Sassari,Porto Torres
87/88,Nuoro - Sassari 87,Comuni della Provincia di Sassari,Sorso
87/88,Nuoro - Sassari 87,Comuni della Provincia di Sassari,Tempio Pausania
88/89,Cagliari - Oristano 88,Conosci la tua città?,Notizie storiche
88/89,Cagliari - Oristano 88,Conosci la tua città?,Notizie statistico-geografiche
88/89,Cagliari - Oristano 88,Conosci la tua città?,Informazioni turistiche
88/89,Cagliari - Oristano 88,Conosci la tua città?,Fiere e Manifestazioni
88/89,Cagliari - Oristano 88,Conosci la tua città?,Palazzi e Monumenti
88/89,Cagliari - Oristano 88,Conosci la tua città?,Chiese monumentali
88/89,Cagliari - Oristano 88,Conosci la tua città?,Musei e Gallerie
88/89,Cagliari - Oristano 88,Conosci la tua città?,Archivi e Biblioteche
88/89,Cagliari - Oristano 88,Conosci la tua città?,Spettacoli e Ritrovi
88/89,Cagliari - Oristano 88,Trasporti,Linee urbane
88/89,Cagliari - Oristano 88,Trasporti,Linee extraurbane
88/89,Cagliari - Oristano 88,Trasporti,Ferrovie
88/89,Cagliari - Oristano 88,Trasporti,Aeroporto
88/89,Cagliari - Oristano 88,Trasporti,Porto
88/89,Cagliari - Oristano 88,Trasporti,Taxi
88/89,Cagliari - Oristano 88,Trasporti,Autoservizi in partenza da Cagliari
88/89,Cagliari - Oristano 88,Sanità,Norme del Servizio Sanitario Nazionale in attuazione in Sardegna
88/89,Cagliari - Oristano 88,Sanità,Centri U.S.L. della provincia di Cagliari
88/89,Cagliari - Oristano 88,Sanità,"Autoambulanze, Ospedali"
88/89,Cagliari - Oristano 88,Sanità,Farmacie
88/89,Cagliari - Oristano 88,Sanità,Prevenzione e Assistenza Sociale
88/89,Cagliari - Oristano 88,Istruzione e Sport,Istruzione: Enti competenti
88/89,Cagliari - Oristano 88,Istruzione e Sport,Scuole
88/89,Cagliari - Oristano 88,Istruzione e Sport,Università e altri Istituti
88/89,Cagliari - Oristano 88,Istruzione e Sport,Sport: Indirizzi utili
88/89,Cagliari - Oristano 88,Istruzione e Sport,Impianti Sportivi Pubblici
88/89,Cagliari - Oristano 88,Cosa e dove,Amministrazione Pubblica
88/89,Cagliari - Oristano 88,Cosa e dove,Uffici Giudiziari
88/89,Cagliari - Oristano 88,Cosa e dove,Uffici Finanziari
88/89,Cagliari - Oristano 88,Cosa e dove,Camere di Commercio e Uffici Commerciali
88/89,Cagliari - Oristano 88,Cosa e dove,Tutela ecologica
88/89,Cagliari - Oristano 88,Cosa e dove,Culto
88/89,Cagliari - Oristano 88,Cosa e dove,Poste e Telecomunicazioni
88/89,Cagliari - Oristano 88,Cosa e dove,Documenti: dove farli
88/89,Cagliari - Oristano 88,Comuni della Provincia di Cagliari,Assemini
88/89,Cagliari - Oristano 88,Comuni della Provincia di Cagliari,Carbonia
88/89,Cagliari - Oristano 88,Comuni della Provincia di Cagliari,Guspini
88/89,Cagliari - Oristano 88,Comuni della Provincia di Cagliari,Iglesias
88/89,Cagliari - Oristano 88,Comuni della Provincia di Cagliari,Quartu Sant'Elena
88/89,Cagliari - Oristano 88,Comuni della Provincia di Cagliari,Selargius
88/89,Cagliari - Oristano 88,Comuni della Provincia di Cagliari,Villacidro
88/89,Cagliari - Oristano 88,Conosci la tua città?,Notizie storiche
88/89,Cagliari - Oristano 88,Conosci la tua città?,Notizie statistico-geografiche
88/89,Cagliari - Oristano 88,Conosci la tua città?,Informazioni turistiche
88/89,Cagliari - Oristano 88,Conosci la tua città?,Fiere e Manifestazioni
88/89,Cagliari - Oristano 88,Conosci la tua città?,Palazzi e Monumenti
88/89,Cagliari - Oristano 88,Conosci la tua città?,Chiese monumentali
88/89,Cagliari - Oristano 88,Conosci la tua città?,Musei e Gallerie
88/89,Cagliari - Oristano 88,Conosci la tua città?,Archivi e Biblioteche
88/89,Cagliari - Oristano 88,Trasporti,Linee urbane ARST
88/89,Cagliari - Oristano 88,Trasporti,Linee extraurbane ARST
88/89,Cagliari - Oristano 88,Trasporti,Ferrovie dello Stato
88/89,Cagliari - Oristano 88,Trasporti,Taxi
88/89,Cagliari - Oristano 88,Trasporti,Autoservizi in partenza da Oristano
88/89,Cagliari - Oristano 88,Sanità,Norme del Servizio Sanitario Nazionale
88/89,Cagliari - Oristano 88,Sanità,Centri U.S.L. della provincia di Oristano
88/89,Cagliari - Oristano 88,Sanità,"Autoambulanze, Ospedali"
88/89,Cagliari - Oristano 88,Sanità,Farmacie
88/89,Cagliari - Oristano 88,Sanità,Prevenzione e Assistenza Sociale
88/89,Cagliari - Oristano 88,Istruzione e Sport,Istruzione: Enti competenti
88/89,Cagliari - Oristano 88,Istruzione e Sport,Scuole
88/89,Cagliari - Oristano 88,Istruzione e Sport,Università e altri Istituti
88/89,Cagliari - Oristano 88,Istruzione e Sport,Sport: Indirizzi utili
88/89,Cagliari - Oristano 88,Istruzione e Sport,Impianti Sportivi Pubblici
88/89,Cagliari - Oristano 88,Cosa e dove,Amministrazione Pubblica
88/89,Cagliari - Oristano 88,Cosa e dove,Uffici Giudiziari
88/89,Cagliari - Oristano 88,Cosa e dove,Uffici Finanziari
88/89,Cagliari - Oristano 88,Cosa e dove,Camere di Commercio e Uffici Commerciali
88/89,Cagliari - Oristano 88,Cosa e dove,Tutela ecologica
88/89,Cagliari - Oristano 88,Cosa e dove,Culto
88/89,Cagliari - Oristano 88,Cosa e dove,Poste e Telecomunicazioni
88/89,Cagliari - Oristano 88,Cosa e dove,Documenti: dove farli
88/89,Nuoro - Sassari 88,Conosci la tua città?,Notizie storiche
88/89,Nuoro - Sassari 88,Conosci la tua città?,Notizie statistico-geografiche
88/89,Nuoro - Sassari 88,Conosci la tua città?,Informazioni turistiche
88/89,Nuoro - Sassari 88,Conosci la tua città?,Fiere e Manifestazioni
88/89,Nuoro - Sassari 88,Conosci la tua città?,Palazzi e Monumenti
88/89,Nuoro - Sassari 88,Conosci la tua città?,Chiese monumentali
88/89,Nuoro - Sassari 88,Conosci la tua città?,Musei e Gallerie
88/89,Nuoro - Sassari 88,Conosci la tua città?,Archivi e Biblioteche
88/89,Nuoro - Sassari 88,Conosci la tua città?,Spettacoli e Ritrovi
88/89,Nuoro - Sassari 88,Trasporti,Linee urbane ed extraurbane
88/89,Nuoro - Sassari 88,Trasporti,Ferrovie complementari della Sardegna
88/89,Nuoro - Sassari 88,Trasporti,Taxi
88/89,Nuoro - Sassari 88,Trasporti,Autoservizi in partenza da Nuoro
88/89,Nuoro - Sassari 88,Sanità,Norme del Servizio Sanitario Nazionale
88/89,Nuoro - Sassari 88,Sanità,Centri U.S.L. della provincia di Nuoro
88/89,Nuoro - Sassari 88,Sanità,"Autoambulanze, Ospedali"
88/89,Nuoro - Sassari 88,Sanità,Farmacie
88/89,Nuoro - Sassari 88,Sanità,Prevenzione e Assistenza Sociale
88/89,Nuoro - Sassari 88,Istruzione e Sport,Istruzione: Enti competenti
88/89,Nuoro - Sassari 88,Istruzione e Sport,Scuole
88/89,Nuoro - Sassari 88,Istruzione e Sport,Sport: Indirizzi utili
88/89,Nuoro - Sassari 88,Istruzione e Sport,Impianti Sportivi Pubblici
88/89,Nuoro - Sassari 88,Cosa e dove,Amministrazione Pubblica
88/89,Nuoro - Sassari 88,Cosa e dove,Uffici Giudiziari
88/89,Nuoro - Sassari 88,Cosa e dove,Uffici Finanziari
88/89,Nuoro - Sassari 88,Cosa e dove,Camere di Commercio e Uffici Commerciali
88/89,Nuoro - Sassari 88,Cosa e dove,"Culto, Poste e Telecomunicazioni"
88/89,Nuoro - Sassari 88,Cosa e dove,Documenti: dove farli
88/89,Nuoro - Sassari 88,Conosci la tua città?,Notizie storiche
88/89,Nuoro - Sassari 88,Conosci la tua città?,Notizie statistico-geografiche
88/89,Nuoro - Sassari 88,Conosci la tua città?,Informazioni turistiche
88/89,Nuoro - Sassari 88,Conosci la tua città?,Fiere e Manifestazioni
88/89,Nuoro - Sassari 88,Conosci la tua città?,Palazzi e Monumenti
88/89,Nuoro - Sassari 88,Conosci la tua città?,Chiese monumentali
88/89,Nuoro - Sassari 88,Conosci la tua città?,Musei e Gallerie
88/89,Nuoro - Sassari 88,Conosci la tua città?,Archivi e Biblioteche
88/89,Nuoro - Sassari 88,Conosci la tua città?,Spettacoli e Ritrovi
88/89,Nuoro - Sassari 88,Trasporti,Linee urbane A.C.T.P.
88/89,Nuoro - Sassari 88,Trasporti,Linee extraurbane A.C.T.P
88/89,Nuoro - Sassari 88,Trasporti,Ferrovie dello Stato
88/89,Nuoro - Sassari 88,Trasporti,Taxi
88/89,Nuoro - Sassari 88,Trasporti,Autoservizi in partenza da Sassari
88/89,Nuoro - Sassari 88,Sanità,Norme del Servizio Sanitario Nazionale
88/89,Nuoro - Sassari 88,Sanità,Centri U.S.L. della provincia di Sassari
88/89,Nuoro - Sassari 88,Sanità,"Autoambulanze, Ospedali"
88/89,Nuoro - Sassari 88,Sanità,Farmacie
88/89,Nuoro - Sassari 88,Sanità,Prevenzione e Assistenza Sociale
88/89,Nuoro - Sassari 88,Istruzione e Sport,Istruzione: Enti competenti
88/89,Nuoro - Sassari 88,Istruzione e Sport,Scuole
88/89,Nuoro - Sassari 88,Istruzione e Sport,Università e altri Istituti
88/89,Nuoro - Sassari 88,Istruzione e Sport,Sport: Indirizzi utili
88/89,Nuoro - Sassari 88,Istruzione e Sport,Impianti Sportivi Pubblici
88/89,Nuoro - Sassari 88,Cosa e dove,Amministrazione Pubblica
88/89,Nuoro - Sassari 88,Cosa e dove,Uffici Giudiziari
88/89,Nuoro - Sassari 88,Cosa e dove,Uffici Finanziari
88/89,Nuoro - Sassari 88,Cosa e dove,Camere di Commercio e Uffici Commerciali
88/89,Nuoro - Sassari 88,Cosa e dove,Tutela ecologica
88/89,Nuoro - Sassari 88,Cosa e dove,Culto
88/89,Nuoro - Sassari 88,Cosa e dove,Poste e Telecomunicazioni
88/89,Nuoro - Sassari 88,Cosa e dove,Documenti: dove farli
88/89,Nuoro - Sassari 88,Comuni della Provincia di Sassari,Alghero
88/89,Nuoro - Sassari 88,Comuni della Provincia di Sassari,Olbia
88/89,Nuoro - Sassari 88,Comuni della Provincia di Sassari,Porto Torres
88/89,Nuoro - Sassari 88,Comuni della Provincia di Sassari,Tempio Pausania
89/90,Cagliari - Oristano 89,Conosci la tua città?,Notizie storiche
89/90,Cagliari - Oristano 89,Conosci la tua città?,Notizie statistico-geografiche
89/90,Cagliari - Oristano 89,Conosci la tua città?,Informazioni turistiche
89/90,Cagliari - Oristano 89,Conosci la tua città?,Fiere e Manifestazioni
89/90,Cagliari - Oristano 89,Conosci la tua città?,Palazzi e Monumenti
89/90,Cagliari - Oristano 89,Conosci la tua città?,Chiese monumentali
89/90,Cagliari - Oristano 89,Conosci la tua città?,Musei e Gallerie
89/90,Cagliari - Oristano 89,Conosci la tua città?,Archivi e Biblioteche
89/90,Cagliari - Oristano 89,Conosci la tua città?,Spettacoli e Ritrovi
89/90,Cagliari - Oristano 89,Trasporti,Linee urbane
89/90,Cagliari - Oristano 89,Trasporti,Linee extraurbane
89/90,Cagliari - Oristano 89,Trasporti,Ferrovie
89/90,Cagliari - Oristano 89,Trasporti,Aeroporto
89/90,Cagliari - Oristano 89,Trasporti,Porto
89/90,Cagliari - Oristano 89,Trasporti,Taxi
89/90,Cagliari - Oristano 89,Trasporti,Autoservizi in partenza da Cagliari
89/90,Cagliari - Oristano 89,Sanità,Norme del Servizio Sanitario Nazionale in attuazione in Sardegna
89/90,Cagliari - Oristano 89,Sanità,Centri U.S.L. della provincia di Cagliari
89/90,Cagliari - Oristano 89,Sanità,"Autoambulanze, Ospedali"
89/90,Cagliari - Oristano 89,Sanità,Farmacie
89/90,Cagliari - Oristano 89,Sanità,Prevenzione e Assistenza Sociale
89/90,Cagliari - Oristano 89,Istruzione e Sport,Istruzione: Enti competenti
89/90,Cagliari - Oristano 89,Istruzione e Sport,Scuole
89/90,Cagliari - Oristano 89,Istruzione e Sport,Università e altri Istituti
89/90,Cagliari - Oristano 89,Istruzione e Sport,Sport: Indirizzi utili
89/90,Cagliari - Oristano 89,Istruzione e Sport,Impianti Sportivi Pubblici
89/90,Cagliari - Oristano 89,Cosa e dove,Amministrazione Pubblica
89/90,Cagliari - Oristano 89,Cosa e dove,Uffici Giudiziari
89/90,Cagliari - Oristano 89,Cosa e dove,Uffici Finanziari
89/90,Cagliari - Oristano 89,Cosa e dove,Camere di Commercio e Uffici Commerciali
89/90,Cagliari - Oristano 89,Cosa e dove,Tutela ecologica
89/90,Cagliari - Oristano 89,Cosa e dove,Culto
89/90,Cagliari - Oristano 89,Cosa e dove,Poste e Telecomunicazioni
89/90,Cagliari - Oristano 89,Cosa e dove,Documenti: dove farli
89/90,Cagliari - Oristano 89,Comuni della Provincia di Cagliari,Assemini
89/90,Cagliari - Oristano 89,Comuni della Provincia di Cagliari,Carbonia
89/90,Cagliari - Oristano 89,Comuni della Provincia di Cagliari,Guspini
89/90,Cagliari - Oristano 89,Comuni della Provincia di Cagliari,Iglesias
89/90,Cagliari - Oristano 89,Comuni della Provincia di Cagliari,Quartu Sant'Elena
89/90,Cagliari - Oristano 89,Comuni della Provincia di Cagliari,Selargius
89/90,Cagliari - Oristano 89,Comuni della Provincia di Cagliari,Villacidro
89/90,Cagliari - Oristano 89,Conosci la tua città?,Notizie storiche
89/90,Cagliari - Oristano 89,Conosci la tua città?,Notizie statistico-geografiche
89/90,Cagliari - Oristano 89,Conosci la tua città?,Informazioni turistiche
89/90,Cagliari - Oristano 89,Conosci la tua città?,Fiere e Manifestazioni
89/90,Cagliari - Oristano 89,Conosci la tua città?,Palazzi e Monumenti
89/90,Cagliari - Oristano 89,Conosci la tua città?,Chiese monumentali
89/90,Cagliari - Oristano 89,Conosci la tua città?,Musei e Gallerie
89/90,Cagliari - Oristano 89,Conosci la tua città?,Archivi e Biblioteche
89/90,Cagliari - Oristano 89,Trasporti,Linee urbane ARST
89/90,Cagliari - Oristano 89,Trasporti,Linee extraurbane ARST
89/90,Cagliari - Oristano 89,Trasporti,Ferrovie dello Stato
89/90,Cagliari - Oristano 89,Trasporti,Taxi
89/90,Cagliari - Oristano 89,Trasporti,Autoservizi in partenza da Oristano
89/90,Cagliari - Oristano 89,Sanità,Norme del Servizio Sanitario Nazionale
89/90,Cagliari - Oristano 89,Sanità,Centri U.S.L. della provincia di Oristano
89/90,Cagliari - Oristano 89,Sanità,"Autoambulanze, Ospedali"
89/90,Cagliari - Oristano 89,Sanità,Farmacie
89/90,Cagliari - Oristano 89,Sanità,Prevenzione e Assistenza Sociale
89/90,Cagliari - Oristano 89,Istruzione e Sport,Istruzione: Enti competenti
89/90,Cagliari - Oristano 89,Istruzione e Sport,Scuole
89/90,Cagliari - Oristano 89,Istruzione e Sport,Università e altri Istituti
89/90,Cagliari - Oristano 89,Istruzione e Sport,Sport: Indirizzi utili
89/90,Cagliari - Oristano 89,Istruzione e Sport,Impianti Sportivi Pubblici
89/90,Cagliari - Oristano 89,Cosa e dove,Amministrazione Pubblica
89/90,Cagliari - Oristano 89,Cosa e dove,Uffici Giudiziari
89/90,Cagliari - Oristano 89,Cosa e dove,Uffici Finanziari
89/90,Cagliari - Oristano 89,Cosa e dove,Camere di Commercio e Uffici Commerciali
89/90,Cagliari - Oristano 89,Cosa e dove,Tutela ecologica
89/90,Cagliari - Oristano 89,Cosa e dove,Culto
89/90,Cagliari - Oristano 89,Cosa e dove,Poste e Telecomunicazioni
89/90,Cagliari - Oristano 89,Cosa e dove,Documenti: dove farli
89/90,Nuoro - Sassari 89,Conosci la tua città?,Notizie storiche
89/90,Nuoro - Sassari 89,Conosci la tua città?,Notizie statistico-geografiche
89/90,Nuoro - Sassari 89,Conosci la tua città?,Informazioni turistiche
89/90,Nuoro - Sassari 89,Conosci la tua città?,Fiere e Manifestazioni
89/90,Nuoro - Sassari 89,Conosci la tua città?,Palazzi e Monumenti
89/90,Nuoro - Sassari 89,Conosci la tua città?,Chiese monumentali
89/90,Nuoro - Sassari 89,Conosci la tua città?,Musei e Gallerie
89/90,Nuoro - Sassari 89,Conosci la tua città?,Archivi e Biblioteche
89/90,Nuoro - Sassari 89,Conosci la tua città?,Spettacoli e Ritrovi
89/90,Nuoro - Sassari 89,Trasporti,Linee urbane ed extraurbane
89/90,Nuoro - Sassari 89,Trasporti,Ferrovie complementari della Sardegna
89/90,Nuoro - Sassari 89,Trasporti,Taxi
89/90,Nuoro - Sassari 89,Trasporti,Autoservizi in partenza da Nuoro
89/90,Nuoro - Sassari 89,Sanità,Norme del Servizio Sanitario Nazionale
89/90,Nuoro - Sassari 89,Sanità,Centri U.S.L. della provincia di Nuoro
89/90,Nuoro - Sassari 89,Sanità,"Autoambulanze, Ospedali"
89/90,Nuoro - Sassari 89,Sanità,Farmacie
89/90,Nuoro - Sassari 89,Sanità,Prevenzione e Assistenza Sociale
89/90,Nuoro - Sassari 89,Istruzione e Sport,Istruzione: Enti competenti
89/90,Nuoro - Sassari 89,Istruzione e Sport,Scuole
89/90,Nuoro - Sassari 89,Istruzione e Sport,Sport: Indirizzi utili
89/90,Nuoro - Sassari 89,Istruzione e Sport,Impianti Sportivi Pubblici
89/90,Nuoro - Sassari 89,Cosa e dove,Amministrazione Pubblica
89/90,Nuoro - Sassari 89,Cosa e dove,Uffici Giudiziari
89/90,Nuoro - Sassari 89,Cosa e dove,Uffici Finanziari
89/90,Nuoro - Sassari 89,Cosa e dove,Camere di Commercio e Uffici Commerciali
89/90,Nuoro - Sassari 89,Cosa e dove,"Culto, Poste e Telecomunicazioni"
89/90,Nuoro - Sassari 89,Cosa e dove,Documenti: dove farli
89/90,Nuoro - Sassari 89,Conosci la tua città?,Notizie storiche
89/90,Nuoro - Sassari 89,Conosci la tua città?,Notizie statistico-geografiche
89/90,Nuoro - Sassari 89,Conosci la tua città?,Informazioni turistiche
89/90,Nuoro - Sassari 89,Conosci la tua città?,Fiere e Manifestazioni
89/90,Nuoro - Sassari 89,Conosci la tua città?,Palazzi e Monumenti
89/90,Nuoro - Sassari 89,Conosci la tua città?,Chiese monumentali
89/90,Nuoro - Sassari 89,Conosci la tua città?,Musei e Gallerie
89/90,Nuoro - Sassari 89,Conosci la tua città?,Archivi e Biblioteche
89/90,Nuoro - Sassari 89,Conosci la tua città?,Spettacoli e Ritrovi
89/90,Nuoro - Sassari 89,Trasporti,Linee urbane A.C.T.P.
89/90,Nuoro - Sassari 89,Trasporti,Linee extraurbane A.C.T.P
89/90,Nuoro - Sassari 89,Trasporti,Ferrovie dello Stato
89/90,Nuoro - Sassari 89,Trasporti,Taxi
89/90,Nuoro - Sassari 89,Trasporti,Autoservizi in partenza da Sassari
89/90,Nuoro - Sassari 89,Sanità,Norme del Servizio Sanitario Nazionale
89/90,Nuoro - Sassari 89,Sanità,Centri U.S.L. della provincia di Sassari
89/90,Nuoro - Sassari 89,Sanità,"Autoambulanze, Ospedali"
89/90,Nuoro - Sassari 89,Sanità,Farmacie
89/90,Nuoro - Sassari 89,Sanità,Prevenzione e Assistenza Sociale
89/90,Nuoro - Sassari 89,Istruzione e Sport,Istruzione: Enti competenti
89/90,Nuoro - Sassari 89,Istruzione e Sport,Scuole
89/90,Nuoro - Sassari 89,Istruzione e Sport,Università e altri Istituti
89/90,Nuoro - Sassari 89,Istruzione e Sport,Sport: Indirizzi utili
89/90,Nuoro - Sassari 89,Istruzione e Sport,Impianti Sportivi Pubblici
89/90,Nuoro - Sassari 89,Cosa e dove,Amministrazione Pubblica
89/90,Nuoro - Sassari 89,Cosa e dove,Uffici Giudiziari
89/90,Nuoro - Sassari 89,Cosa e dove,Uffici Finanziari
89/90,Nuoro - Sassari 89,Cosa e dove,Camere di Commercio e Uffici Commerciali
89/90,Nuoro - Sassari 89,Cosa e dove,Tutela ecologica
89/90,Nuoro - Sassari 89,Cosa e dove,Culto
89/90,Nuoro - Sassari 89,Cosa e dove,Poste e Telecomunicazioni
89/90,Nuoro - Sassari 89,Cosa e dove,Documenti: dove farli
89/90,Nuoro - Sassari 89,Comuni della Provincia di Sassari,Alghero
89/90,Nuoro - Sassari 89,Comuni della Provincia di Sassari,Olbia
89/90,Nuoro - Sassari 89,Comuni della Provincia di Sassari,Porto Torres
89/90,Nuoro - Sassari 89,Comuni della Provincia di Sassari,Tempio Pausania
90/91,Cagliari - Oristano 90/91,Cagliari e provincia,Un grande porto
90/91,Cagliari - Oristano 90/91,Cagliari e provincia,Identikit di una provincia
90/91,Cagliari - Oristano 90/91,Cagliari e provincia,"Primo Sanna, secondo Melis"
90/91,Cagliari - Oristano 90/91,Cagliari e provincia,I segreti del sottosuolo
90/91,Cagliari - Oristano 90/91,Cagliari e provincia,Lapidi e iscrizioni. La storia sui muri
90/91,Cagliari - Oristano 90/91,Cagliari e provincia,Carbonia. Le miniere fantasma
90/91,Cagliari - Oristano 90/91,Cagliari e provincia,"Vent'anni fa, rombo di tuono"
90/91,Cagliari - Oristano 90/91,Cagliari e provincia,La ricetta della nonna
90/91,Cagliari - Oristano 90/91,I trasporti,Linee urbane
90/91,Cagliari - Oristano 90/91,I trasporti,Linee extraurbane
90/91,Cagliari - Oristano 90/91,I trasporti,Ferrovie
90/91,Cagliari - Oristano 90/91,I trasporti,Aeroporto
90/91,Cagliari - Oristano 90/91,I trasporti,Porto
90/91,Cagliari - Oristano 90/91,I trasporti,Autolinee
90/91,Cagliari - Oristano 90/91,Oristano e provincia,Turismo verde
90/91,Cagliari - Oristano 90/91,Oristano e provincia,Identikit di una provincia
90/91,Cagliari - Oristano 90/91,Oristano e provincia,Date storiche
90/91,Cagliari - Oristano 90/91,Oristano e provincia,Il mistero delle origini
90/91,Cagliari - Oristano 90/91,Oristano e provincia,"Le ""launeddas"" di Tadasuni"
90/91,Cagliari - Oristano 90/91,Oristano e provincia,Anno 1900 - Un'istantanea della città
90/91,Cagliari - Oristano 90/91,Oristano e provincia,"Il ""palatu"" di Gramsci"
90/91,Cagliari - Oristano 90/91,Oristano e provincia,Quando la spada insegue una stella
90/91,Cagliari - Oristano 90/91,I trasporti,Linee urbane
90/91,Cagliari - Oristano 90/91,I trasporti,Linee extraurbane
90/91,Cagliari - Oristano 90/91,I trasporti,Ferrovie dello Stato
90/91,Cagliari - Oristano 90/91,I trasporti,Autolinee
90/91,Nuoro - Sassari 90/91,Nuoro e provincia,Sfida ambiente
90/91,Nuoro - Sassari 90/91,Nuoro e provincia,Identikit di una provincia
90/91,Nuoro - Sassari 90/91,Nuoro e provincia,Barbagia. L'industria dei pastori
90/91,Nuoro - Sassari 90/91,Nuoro e provincia,Date storiche
90/91,Nuoro - Sassari 90/91,Nuoro e provincia,Nel mondo di Grazia Deledda
90/91,Nuoro - Sassari 90/91,Nuoro e provincia,Anno 1900 - Un matrimonio campestre
90/91,Nuoro - Sassari 90/91,Nuoro e provincia,La ricetta della nonna
90/91,Nuoro - Sassari 90/91,I trasporti,Linee urbane ed extraurbane
90/91,Nuoro - Sassari 90/91,I trasporti,Ferrovie
90/91,Nuoro - Sassari 90/91,I trasporti,Autolinee
90/91,Nuoro - Sassari 90/91,Sassari e provincia,La Gallura nel futuro
90/91,Nuoro - Sassari 90/91,Sassari e provincia,Identikit di una provincia
90/91,Nuoro - Sassari 90/91,Sassari e provincia,Il liceo dei Presidenti
90/91,Nuoro - Sassari 90/91,Sassari e provincia,L'avventura del Museo Sanna
90/91,Nuoro - Sassari 90/91,Sassari e provincia,Porto Torres. La storia nella basilica
90/91,Nuoro - Sassari 90/91,Sassari e provincia,Alghero. I bastioni sul golfo
90/91,Nuoro - Sassari 90/91,I trasporti,Linee urbane ed extraurbane
90/91,Nuoro - Sassari 90/91,I trasporti,Ferrovie dello Stato
90/91,Nuoro - Sassari 90/91,I trasporti,Autolinee
91/92,Cagliari - Oristano 91,Sommario,Cagliari - Oristano
91/92,Cagliari - Oristano 91,Cagliari e provincia,La grande Cagliari
91/92,Cagliari - Oristano 91,Cagliari e provincia,Il Sulcis emergente chiede di diventare Provincia
91/92,Cagliari - Oristano 91,Cagliari e provincia,Santa Gilla e Molentargius due stagni da salvare
91/92,Cagliari - Oristano 91,Cagliari e provincia,Ai tempi dei Savoia tra riforme e congiure
91/92,Cagliari - Oristano 91,Cagliari e provincia,Brindisi e danze al suono di launeddas
91/92,Cagliari - Oristano 91,Cagliari e provincia,"""L'Unione Sarda"" specchio dell'isola"
91/92,Cagliari - Oristano 91,Cagliari e provincia,Il campus universitario sulle colline di Monserrato
91/92,Cagliari - Oristano 91,Cagliari e provincia,Il Novecento dei maestri sardi
91/92,Cagliari - Oristano 91,Cagliari e provincia,Il Caffè di Quasimodo
91/92,Cagliari - Oristano 91,Cagliari e provincia,Il decollo di Elmas
91/92,Cagliari - Oristano 91,Cagliari e provincia,Gli antichi portali di Quartucciu
91/92,Cagliari - Oristano 91,Cagliari e provincia,"Iglesias, le mura raccontano un secolo di assedi"
91/92,Cagliari - Oristano 91,Cagliari e provincia,Nei progetti di Villasimius un'oasi in fondo al mare
91/92,Cagliari - Oristano 91,Cagliari e provincia,Antica cucina pastorale
91/92,Cagliari - Oristano 91,Cagliari e provincia,Trionfi di zucchero e mandorle
91/92,Cagliari - Oristano 91,I trasporti,Linee urbane
91/92,Cagliari - Oristano 91,I trasporti,Linee extraurbane
91/92,Cagliari - Oristano 91,I trasporti,Ferrovie
91/92,Cagliari - Oristano 91,I trasporti,Aeroporto
91/92,Cagliari - Oristano 91,I trasporti,Porto
91/92,Cagliari - Oristano 91,I trasporti,Autolinee
91/92,Cagliari - Oristano 91,Oristano e provincia,Una città da rilanciare
91/92,Cagliari - Oristano 91,Oristano e provincia,La provincia cresce
91/92,Cagliari - Oristano 91,Oristano e provincia,Oristano il podere di Aristio
91/92,Cagliari - Oristano 91,Oristano e provincia,Eleonora d'Arborea la regina coraggiosa
91/92,Cagliari - Oristano 91,Oristano e provincia,I vessilli degli invasori sconfitti
91/92,Cagliari - Oristano 91,Oristano e provincia,Le terme romane in riva al Tirso
91/92,Cagliari - Oristano 91,Oristano e provincia,Nella chiesa di Santa Giusta le pietre della città perduta
91/92,Cagliari - Oristano 91,Oristano e provincia,Burrida e cassòla e il pesce è servito
91/92,Cagliari - Oristano 91,Oristano e provincia,Il nome della Vernaccia
91/92,Cagliari - Oristano 91,I trasporti,Linee urbane
91/92,Cagliari - Oristano 91,I trasporti,Linee extraurbane
91/92,Cagliari - Oristano 91,I trasporti,Ferrovie dello Stato
91/92,Cagliari - Oristano 91,I trasporti,Autolinee
91/92,Nuoro - Sassari 91,Nuoro e provincia,Turismo a cavallo
91/92,Nuoro - Sassari 91,Nuoro e provincia,Il Nuorese in cifre
91/92,Nuoro - Sassari 91,Nuoro e provincia,Il parco del Gennargentu una carta per lo sviluppo
91/92,Nuoro - Sassari 91,Nuoro e provincia,"Sanna è il primo, Corda è nuorese"
91/92,Nuoro - Sassari 91,Nuoro e provincia,Le battaglie dell'Ortobene
91/92,Nuoro - Sassari 91,Nuoro e provincia,I versi ribelli di Sebastiano Satta
91/92,Nuoro - Sassari 91,Nuoro e provincia,"Sotto i costumi, la storia…"
91/92,Nuoro - Sassari 91,Nuoro e provincia,Una cucina ancestrale
91/92,Nuoro - Sassari 91,Nuoro e provincia,Piccolo mondo zuccherino
91/92,Nuoro - Sassari 91,I trasporti,Linee urbane ed extraurbane
91/92,Nuoro - Sassari 91,I trasporti,Ferrovie
91/92,Nuoro - Sassari 91,I trasporti,Autolinee
91/92,Nuoro - Sassari 91,Sassari e provincia,Sassari e la Gallura
91/92,Nuoro - Sassari 91,Sassari e provincia,Il grande sogno di Angioj maestro di democrazia
91/92,Nuoro - Sassari 91,Sassari e provincia,L'eredità dei genovesi
91/92,Nuoro - Sassari 91,Sassari e provincia,"""La Nuova Sardegna"" compie cent'anni"
91/92,Nuoro - Sassari 91,Sassari e provincia,La cultura isolana nei volumi del Banco
91/92,Nuoro - Sassari 91,Sassari e provincia,"Fertilia, la porta di Alghero"
91/92,Nuoro - Sassari 91,Sassari e provincia,L'antica Olbia fra cartaginesi e romani
91/92,Nuoro - Sassari 91,Sassari e provincia,In tavola trionfa la carne
91/92,Nuoro - Sassari 91,Sassari e provincia,Dolcezze casalinghe
91/92,Nuoro - Sassari 91,I trasporti,Linee urbane ed extraurbane
91/92,Nuoro - Sassari 91,I trasporti,Ferrovie dello Stato
91/92,Nuoro - Sassari 91,I trasporti,Autolinee
92/93,Cagliari - Oristano 92,Sommario,Cagliari - Oristano
92/93,Cagliari - Oristano 92,Cagliari e provincia,Dal centro storico ai parchi naturali
92/93,Cagliari - Oristano 92,Cagliari e provincia,Una nuova città per i giovani
92/93,Cagliari - Oristano 92,Cagliari e provincia,Tornare a scuola a sessant'anni
92/93,Cagliari - Oristano 92,Cagliari e provincia,La Sardegna tradita dal conte Ugolino
92/93,Cagliari - Oristano 92,Cagliari e provincia,Pintor l'imbianchino e Amsicora il ribelle
92/93,Cagliari - Oristano 92,Cagliari e provincia,A teatro nell'antica Nora
92/93,Cagliari - Oristano 92,Cagliari e provincia,"L'amore fatale di re Martino per la ""bella di Sanluri"""
92/93,Cagliari - Oristano 92,Cagliari e provincia,Un sardo nato in Lombardia
92/93,Cagliari - Oristano 92,Cagliari e provincia,Lawrence a Cagliari Gerusalemme in miniatura
92/93,Cagliari - Oristano 92,Cagliari e provincia,Le spiagge all'ombra del Sarrabus
92/93,Cagliari - Oristano 92,Cagliari e provincia,Con pane e pesci miracoli in cucina
92/93,Cagliari - Oristano 92,I trasporti,Linee urbane
92/93,Cagliari - Oristano 92,I trasporti,Linee extraurbane
92/93,Cagliari - Oristano 92,I trasporti,Ferrovie
92/93,Cagliari - Oristano 92,I trasporti,Aeroporto
92/93,Cagliari - Oristano 92,I trasporti,Porto
92/93,Cagliari - Oristano 92,I trasporti,Autolinee
92/93,Cagliari - Oristano 92,Oristano e provincia,"Le sfide di Oristano casa, verde e trasporti"
92/93,Cagliari - Oristano 92,Oristano e provincia,"I ""Quaderni"", specchio della provincia"
92/93,Cagliari - Oristano 92,Oristano e provincia,"Lo stagno, il diavolo e la bella Aristana"
92/93,Cagliari - Oristano 92,Oristano e provincia,Don Margotti e i brogli di Cavour
92/93,Cagliari - Oristano 92,Oristano e provincia,Da Arborea alla valle del Tirso
92/93,Cagliari - Oristano 92,Oristano e provincia,Le antiche ricette amate da Eleonora
92/93,Cagliari - Oristano 92,I trasporti,Linee urbane
92/93,Cagliari - Oristano 92,I trasporti,Linee extraurbane
92/93,Cagliari - Oristano 92,I trasporti,Ferrovie dello Stato
92/93,Cagliari - Oristano 92,I trasporti,Autolinee
92/93,Nuoro - Sassari 92,Nuoro e provincia,Più scuole e giardini
92/93,Nuoro - Sassari 92,Nuoro e provincia,"Il canto del vento nei versi dei ""mutu"""
92/93,Nuoro - Sassari 92,Nuoro e provincia,Le lotte di Orgosolo dipinte sui muri
92/93,Nuoro - Sassari 92,Nuoro e provincia,Sollevatori di pesi la grande tradizioni nel nome di Mannironi
92/93,Nuoro - Sassari 92,Nuoro e provincia,Le ricette dei pastori
92/93,Nuoro - Sassari 92,I trasporti,Linee urbane ed extraurbane
92/93,Nuoro - Sassari 92,I trasporti,Autolinee
92/93,Nuoro - Sassari 92,I trasporti,Ferrovie
92/93,Nuoro - Sassari 92,Sassari e provincia,"Sassari, arriva il metrò"
92/93,Nuoro - Sassari 92,Sassari e provincia,"Piazza d'Italia, il salotto cittadino"
92/93,Nuoro - Sassari 92,Sassari e provincia,Cinque secoli di teatro dalle piazze al Politeama
92/93,Nuoro - Sassari 92,Sassari e provincia,San Pietro il convento del miracolo
92/93,Nuoro - Sassari 92,Sassari e provincia,Ninne-nanne e lamenti funebri. La vicenda umana in musica
92/93,Nuoro - Sassari 92,Sassari e provincia,Il barone di Alghero storico della Sardegna
92/93,Nuoro - Sassari 92,Sassari e provincia,Zuppe contadine e spezzatino di mare
92/93,Nuoro - Sassari 92,I trasporti,Linee urbane ed extraurbane
92/93,Nuoro - Sassari 92,I trasporti,Ferrovie dello Stato
92/93,Nuoro - Sassari 92,I trasporti,Autolinee
93/94,Cagliari - Oristano 93,Sommario,Cagliari - Oristano
93/94,Cagliari - Oristano 93,Cagliari e provincia,"Cagliari, la lotta per il nuovo"
93/94,Cagliari - Oristano 93,Cagliari e provincia,Il giallo dei busti scomparsi promossi oppure trasferiti
93/94,Cagliari - Oristano 93,Cagliari e provincia,Il miracolo della ricostruzione
93/94,Cagliari - Oristano 93,Cagliari e provincia,"I primi cagliaritani, pescatori e guerrieri"
93/94,Cagliari - Oristano 93,Cagliari e provincia,"Franco Medau, il menestrello del Campidanese"
93/94,Cagliari - Oristano 93,Cagliari e provincia,L'unità civile della Sardegn
93/94,Cagliari - Oristano 93,Cagliari e provincia,Dalle strade rotabili alla ferrovia
93/94,Cagliari - Oristano 93,Cagliari e provincia,Marghinotti pittore alla corte dei Savoia
93/94,Cagliari - Oristano 93,Cagliari e provincia,La prima spiaggia di Cagliari
93/94,Cagliari - Oristano 93,Cagliari e provincia,"Da Uta a Tratalias, fra storia e natura"
93/94,Cagliari - Oristano 93,Cagliari e provincia,"Il pane antico dei murales, con pesci e vino"
93/94,Cagliari - Oristano 93,I trasporti,Linee urbane
93/94,Cagliari - Oristano 93,I trasporti,Linee extraurbane
93/94,Cagliari - Oristano 93,I trasporti,Ferrovie
93/94,Cagliari - Oristano 93,I trasporti,Aeroporto
93/94,Cagliari - Oristano 93,I trasporti,Porto
93/94,Cagliari - Oristano 93,I trasporti,Autolinee
93/94,Cagliari - Oristano 93,Oristano e provincia,Oristano capitale del risparmio
93/94,Cagliari - Oristano 93,Oristano e provincia,Arborea i vigneti del Polesine
93/94,Cagliari - Oristano 93,Oristano e provincia,La gita in treno che divertì il barone di Maltzan
93/94,Cagliari - Oristano 93,Oristano e provincia,"Atletica, un modello per tutti"
93/94,Cagliari - Oristano 93,Oristano e provincia,Il culto delle acque e il vino migliore
93/94,Cagliari - Oristano 93,I trasporti,Linee urbane
93/94,Cagliari - Oristano 93,I trasporti,Linee extraurbane
93/94,Cagliari - Oristano 93,I trasporti,Ferrovie dello Stato
93/94,Cagliari - Oristano 93,I trasporti,Autolinee
93/94,Nuoro - Sassari 93,Nuoro e provincia,Il parco del Gennargentu nel futuro di Nuoro
93/94,Nuoro - Sassari 93,Nuoro e provincia,"Deledda, quel giorno a Stoccolma"
93/94,Nuoro - Sassari 93,Nuoro e provincia,"La sagra del Redentore, specchio della Sardegna"
93/94,Nuoro - Sassari 93,Nuoro e provincia,"La rivoluzione di Asproni, l'abate rosso"
93/94,Nuoro - Sassari 93,Nuoro e provincia,"Su Connottu, un sogno represso nel sangue"
93/94,Nuoro - Sassari 93,Nuoro e provincia,L'economista e i colori delle donne
93/94,Nuoro - Sassari 93,Nuoro e provincia,"Nel nuraghe merende e ""abbardente"""
93/94,Nuoro - Sassari 93,I trasporti,Linee urbane ed extraurbane
93/94,Nuoro - Sassari 93,I trasporti,Autolinee
93/94,Nuoro - Sassari 93,I trasporti,Ferrovie
93/94,Nuoro - Sassari 93,Sassari e provincia,A Sassari un'università per gli stranieri
93/94,Nuoro - Sassari 93,Sassari e provincia,"San Nicola, dal romanico al barocco"
93/94,Nuoro - Sassari 93,Sassari e provincia,Un rifugio contro i Saraceni
93/94,Nuoro - Sassari 93,Sassari e provincia,Le dame e i cavalieri in processione per la Pasqua
93/94,Nuoro - Sassari 93,Sassari e provincia,Un po' di Sudamerica nel rifugio di Garibaldi
93/94,Nuoro - Sassari 93,Sassari e provincia,Il villaggio fantasma dell'argento
93/94,Nuoro - Sassari 93,Sassari e provincia,"Le acque di Rinaggiu, tesoro di Tempio"
93/94,Nuoro - Sassari 93,Sassari e provincia,Olbia la tradizione del grande calcio
93/94,Nuoro - Sassari 93,Sassari e provincia,Pane e lumache anche in poesia
93/94,Nuoro - Sassari 93,I trasporti,Linee urbane ed extraurbane
93/94,Nuoro - Sassari 93,I trasporti,Ferrovie dello Stato
93/94,Nuoro - Sassari 93,I trasporti,Autolinee
94/95,Cagliari - Oristano 94,Sommario,Cagliari - Oristano
94/95,Cagliari - Oristano 94,Cagliari e provincia,"Volontari e specialisti nella ""città della salute"""
94/95,Cagliari - Oristano 94,Cagliari e provincia,"Iglesias, i ceramisti e l'""università dell'argento"""
94/95,Cagliari - Oristano 94,Cagliari e provincia,"San Saturnino, antica e dimenticata"
94/95,Cagliari - Oristano 94,Cagliari e provincia,Il prete bisbetico e il furbo pastorello
94/95,Cagliari - Oristano 94,Cagliari e provincia,Cagliari in musica tra folk e pop-rock
94/95,Cagliari - Oristano 94,Cagliari e provincia,Grotte e cascate ai confini di Iglesias
94/95,Cagliari - Oristano 94,Cagliari e provincia,"Il lichene, alga e fungo"
94/95,Cagliari - Oristano 94,Cagliari e provincia,"I ""malloreddus"" capolavoro senza tempo"
94/95,Cagliari - Oristano 94,I trasporti,Linee urbane
94/95,Cagliari - Oristano 94,I trasporti,Linee extraurbane
94/95,Cagliari - Oristano 94,I trasporti,Ferrovie
94/95,Cagliari - Oristano 94,I trasporti,Aeroporto
94/95,Cagliari - Oristano 94,I trasporti,Porto
94/95,Cagliari - Oristano 94,I trasporti,Autolinee
94/95,Cagliari - Oristano 94,Oristano e provincia,"Oristano, la cultura dell'ottimismo"
94/95,Cagliari - Oristano 94,Oristano e provincia,Gli antichi conventi e l'ospedale
94/95,Cagliari - Oristano 94,Oristano e provincia,Gonarioe la città sugli stagni
94/95,Cagliari - Oristano 94,Oristano e provincia,Sonorità etniche per rapper e folk-singer
94/95,Cagliari - Oristano 94,Oristano e provincia,"Turri e' Seu, un'oasi tra dune e scogliere"
94/95,Cagliari - Oristano 94,Oristano e provincia,I mille usi del Lentisco
94/95,Cagliari - Oristano 94,I trasporti,Linee urbane
94/95,Cagliari - Oristano 94,I trasporti,Linee extraurbane
94/95,Cagliari - Oristano 94,I trasporti,Ferrovie dello Stato
94/95,Cagliari - Oristano 94,I trasporti,Autolinee
94/95,Nuoro - Sassari 94,Nuoro e provincia,Le donne di Nuoro tra impresa e cultura
94/95,Nuoro - Sassari 94,Nuoro e provincia,"Università all'avanguardia nell'""Atene dei sardi"""
94/95,Nuoro - Sassari 94,Nuoro e provincia,La balentìa del bandito Stocchino
94/95,Nuoro - Sassari 94,Nuoro e provincia,Nuoro tra jazz ed etno-music
94/95,Nuoro - Sassari 94,I trasporti,Linee urbane ed extraurbane
94/95,Nuoro - Sassari 94,I trasporti,Autolinee
94/95,Nuoro - Sassari 94,I trasporti,Ferrovie
94/95,Nuoro - Sassari 94,Sassari e provincia,Giovani a Sassari di corsa verso il Duemila
94/95,Nuoro - Sassari 94,Sassari e provincia,"L'acqua dei ""carraioli"" alla fontana delle Conce"
94/95,Nuoro - Sassari 94,Sassari e provincia,Come Pietrin Pietré beffò Babborco
94/95,Nuoro - Sassari 94,Sassari e provincia,La città antica di Calvia
94/95,Nuoro - Sassari 94,Sassari e provincia,Sulle rocce di cala Viola
94/95,Nuoro - Sassari 94,Sassari e provincia,Rock e folk vanno in scena
94/95,Nuoro - Sassari 94,I trasporti,Linee urbane ed extraurbane
94/95,Nuoro - Sassari 94,I trasporti,Ferrovie dello Stato
94/95,Nuoro - Sassari 94,I trasporti,Autolinee
95/96,Cagliari - Oristano 95,Sommario,Cagliari - Oristano
95/96,Cagliari - Oristano 95,Cagliari e provincia,Un mondo d'amore per gli adolescenti
95/96,Cagliari - Oristano 95,Cagliari e provincia,"Amedeo Nazzari, il coraggio di un divo"
95/96,Cagliari - Oristano 95,Cagliari e provincia,Efisio soldato e il miracolo della croce
95/96,Cagliari - Oristano 95,Cagliari e provincia,"Marras, dopo la politica il ritorno alle canzoni"
95/96,Cagliari - Oristano 95,Cagliari e provincia,Fra i carrubi dell'orto botanico
95/96,Cagliari - Oristano 95,Cagliari e provincia,Il cetriolo fra salute e bellezza
95/96,Cagliari - Oristano 95,Cagliari e provincia,I libri di Fausta Cialente fra sogno e impegno civile
95/96,Cagliari - Oristano 95,Cagliari e provincia,Turismo e sport in miniera
95/96,Cagliari - Oristano 95,Cagliari e provincia,Cervi in pericolo cercano un parco
95/96,Cagliari - Oristano 95,Cagliari e provincia,"Nora, un mistero sepolto"
95/96,Cagliari - Oristano 95,Cagliari e provincia,"Il pane, test per le spose"
95/96,Cagliari - Oristano 95,Cagliari e provincia,"Da Sanluri a Mandas, la cultura dell'entroterra"
95/96,Cagliari - Oristano 95,I trasporti,Linee urbane
95/96,Cagliari - Oristano 95,I trasporti,Linee extraurbane
95/96,Cagliari - Oristano 95,I trasporti,Ferrovie
95/96,Cagliari - Oristano 95,I trasporti,Aeroporto
95/96,Cagliari - Oristano 95,I trasporti,Porto
95/96,Cagliari - Oristano 95,I trasporti,Autolinee
95/96,Cagliari - Oristano 95,Oristano e provincia,"Oristano, la tranquillità non basta"
95/96,Cagliari - Oristano 95,Oristano e provincia,"Un solo grande ""giardino"""
95/96,Cagliari - Oristano 95,Oristano e provincia,"Carciofo, ortaggio dalle mille virtù"
95/96,Cagliari - Oristano 95,Oristano e provincia,"Canto a tenores, una tradizione al passo con i tempi"
95/96,Cagliari - Oristano 95,Oristano e provincia,"Arabi e crociati nel ""deserto"" di celluloide"
95/96,Cagliari - Oristano 95,I trasporti,Linee urbane
95/96,Cagliari - Oristano 95,I trasporti,Linee extraurbane
95/96,Cagliari - Oristano 95,I trasporti,Ferrovie dello Stato
95/96,Cagliari - Oristano 95,I trasporti,Autolinee
95/96,Nuoro - Sassari 95,Nuoro e provincia,"Nuoro, il sogno del teatro"
95/96,Nuoro - Sassari 95,Nuoro e provincia,La Madonna della Neve e la visione di papa Liberio
95/96,Nuoro - Sassari 95,Nuoro e provincia,Satta il poeta avvocato
95/96,Nuoro - Sassari 95,Nuoro e provincia,La Barbagia bella e dannata
95/96,Nuoro - Sassari 95,Nuoro e provincia,"Sa Oche, la grotta che parla nel cuore del Supramonte"
95/96,Nuoro - Sassari 95,I trasporti,Linee urbane ed extraurbane
95/96,Nuoro - Sassari 95,I trasporti,Autolinee
95/96,Nuoro - Sassari 95,I trasporti,Ferrovie
95/96,Nuoro - Sassari 95,Sassari e provincia,"Sassari, sport per tutti anche per extracomunitari"
95/96,Nuoro - Sassari 95,Sassari e provincia,Monicelli l'isola proibita
95/96,Nuoro - Sassari 95,Sassari e provincia,I Tazenda voci di frontiera
95/96,Nuoro - Sassari 95,Sassari e provincia,"Nathan Never, superpoliziotto del futuro nato ad Alghero"
95/96,Nuoro - Sassari 95,I trasporti,Linee urbane ed extraurbane
95/96,Nuoro - Sassari 95,I trasporti,Ferrovie dello Stato
95/96,Nuoro - Sassari 95,I trasporti,Autolinee
96/97,Cagliari - Oristano 96,Sommario,Cagliari - Oristano
96/97,Cagliari - Oristano 96,Cagliari e provincia,"Cagliari, l'ex mattatoio è diventato un Beaubourg"
96/97,Cagliari - Oristano 96,Cagliari e provincia,"Le ""meri"" del '500, mogli e manager"
96/97,Cagliari - Oristano 96,Cagliari e provincia,"Cocco Ortu, alla Camera per quasi mezzo secolo"
96/97,Cagliari - Oristano 96,Cagliari e provincia,Nuovi imprenditori ecco il vademecum
96/97,Cagliari - Oristano 96,Cagliari e provincia,"Da Bosa a Nule, capitali dell'artigianato"
96/97,Cagliari - Oristano 96,Cagliari e provincia,Un cantore beffato da Orazio
96/97,Cagliari - Oristano 96,Cagliari e provincia,Sul Linas dove vola l'aquila
96/97,Cagliari - Oristano 96,Cagliari e provincia,"Il dolce, ruvido corbezzolo"
96/97,Cagliari - Oristano 96,Cagliari e provincia,"Le miniere di Montevecchio, un tesoro da riscoprire"
96/97,Cagliari - Oristano 96,Cagliari e provincia,Cotteddusu e arresoyas in mostra
96/97,Cagliari - Oristano 96,Cagliari e provincia,Le triglie di capitan Nemo
96/97,Cagliari - Oristano 96,I trasporti,Linee urbane
96/97,Cagliari - Oristano 96,I trasporti,Linee extraurbane
96/97,Cagliari - Oristano 96,I trasporti,Ferrovie
96/97,Cagliari - Oristano 96,I trasporti,Aeroporto
96/97,Cagliari - Oristano 96,I trasporti,Porto
96/97,Cagliari - Oristano 96,I trasporti,Autolinee
96/97,Cagliari - Oristano 96,Oristano e provincia,"Oristano, il piccolo Rinascimento"
96/97,Cagliari - Oristano 96,Oristano e provincia,"Il museo dell'""anima"" lussurgese"
96/97,Cagliari - Oristano 96,Oristano e provincia,"Da Cabras a Samugheo, stagni e nuraghi"
96/97,Cagliari - Oristano 96,Oristano e provincia,"La ""merka"" di muggine che piaceva ai fenici"
96/97,Cagliari - Oristano 96,Oristano e provincia,I cormorani e i fenicotteri nel parco del Sinis-Montiferru
96/97,Cagliari - Oristano 96,I trasporti,Linee urbane
96/97,Cagliari - Oristano 96,I trasporti,Linee extraurbane
96/97,Cagliari - Oristano 96,I trasporti,Ferrovie dello Stato
96/97,Cagliari - Oristano 96,I trasporti,Autolinee
96/97,Nuoro - Sassari 96,Nuoro e provincia,"A Nuoro, aspettando il teatro"
96/97,Nuoro - Sassari 96,Nuoro e provincia,"Deffenu, battaglie per operai e pastori"
96/97,Nuoro - Sassari 96,Nuoro e provincia,"Kenze Neke, rock duro ma ""senza colpa"""
96/97,Nuoro - Sassari 96,Nuoro e provincia,Nel parco dove vola l'astore
96/97,Nuoro - Sassari 96,Nuoro e provincia,"Il ""filindeu"" dei banchetti che piaceva alla Deledda"
96/97,Nuoro - Sassari 96,I trasporti,Linee urbane ed extraurbane
96/97,Nuoro - Sassari 96,I trasporti,Autolinee
96/97,Nuoro - Sassari 96,I trasporti,Ferrovie
96/97,Nuoro - Sassari 96,Sassari e provincia,"Sassari, birra al pub dopo il Politeama"
96/97,Nuoro - Sassari 96,Sassari e provincia,"I prodigi di Proto e Gianuario, maestri di san Gavino"
96/97,Nuoro - Sassari 96,Sassari e provincia,I tre martiri della giudicessa Adelasia
96/97,Nuoro - Sassari 96,Sassari e provincia,"Pamela Prati, con orgoglio da Ozieri al palcoscenico"
96/97,Nuoro - Sassari 96,Sassari e provincia,A spasso tra i viali nei giardini del Principe
96/97,Nuoro - Sassari 96,Sassari e provincia,La ginestra dei carbonai contro il morso della vipera
96/97,Nuoro - Sassari 96,Sassari e provincia,"Mortorio, colori e leggende di un'isola"
96/97,Nuoro - Sassari 96,Sassari e provincia,"Maria Carta, dolce voce del Logudoro"
96/97,Nuoro - Sassari 96,I trasporti,Linee urbane ed extraurbane
96/97,Nuoro - Sassari 96,I trasporti,Ferrovie dello Stato
96/97,Nuoro - Sassari 96,I trasporti,Autolinee
97/98,Cagliari - Oristano 97,Sommario,Cagliari - Oristano
97/98,Cagliari - Oristano 97,Cagliari e provincia,Musica e tanti giochi ore piccole a Cagliari
97/98,Cagliari - Oristano 97,Cagliari e provincia,Internet per i cittadini
97/98,Cagliari - Oristano 97,Cagliari e provincia,"Da Marini a Ciusa, l'arte del '900"
97/98,Cagliari - Oristano 97,Cagliari e provincia,Sugli scaffali un patrimonio di libri rari e antichi
97/98,Cagliari - Oristano 97,Cagliari e provincia,"San Saturno, il lungo restauro e i tesori nascosti"
97/98,Cagliari - Oristano 97,Cagliari e provincia,In viaggio tra le antiche fortezze
97/98,Cagliari - Oristano 97,Cagliari e provincia,A tavola profumo di mirto
97/98,Cagliari - Oristano 97,I trasporti,Linee urbane
97/98,Cagliari - Oristano 97,I trasporti,Linee extraurbane
97/98,Cagliari - Oristano 97,I trasporti,Ferrovie
97/98,Cagliari - Oristano 97,I trasporti,Aeroporto
97/98,Cagliari - Oristano 97,I trasporti,Porto
97/98,Cagliari - Oristano 97,I trasporti,Autolinee
97/98,Cagliari - Oristano 97,Oristano e provincia,Sul monte Arci ossidiane e orchidee
97/98,Cagliari - Oristano 97,Oristano e provincia,Corsi e giochi per i bambini di Oristano
97/98,Cagliari - Oristano 97,Oristano e provincia,Da Tramatza a Zeddiani archeologia e natura
97/98,Cagliari - Oristano 97,Oristano e provincia,I profumi degli orti nelle ricette dei pastori
97/98,Cagliari - Oristano 97,I trasporti,Linee urbane
97/98,Cagliari - Oristano 97,I trasporti,Linee extraurbane
97/98,Cagliari - Oristano 97,I trasporti,Ferrovie dello Stato
97/98,Cagliari - Oristano 97,I trasporti,Autolinee
97/98,Nuoro - Sassari 97,Nuoro e provincia,Teatro e giochi per i bambini di Nuoro
97/98,Nuoro - Sassari 97,Nuoro e provincia,Tutta l'isola tra i libri
97/98,Nuoro - Sassari 97,Nuoro e provincia,"Su Tempiesu, rinasce il nuraghe delle acque"
97/98,Nuoro - Sassari 97,Nuoro e provincia,"Nel Gennargentu, tra lecci e granito"
97/98,Nuoro - Sassari 97,Nuoro e provincia,La cucina dei pastori da gustare sotto le stelle
97/98,Nuoro - Sassari 97,I trasporti,Linee urbane ed extraurbane
97/98,Nuoro - Sassari 97,I trasporti,Autolinee
97/98,Nuoro - Sassari 97,I trasporti,Ferrovie
97/98,Nuoro - Sassari 97,Sassari e provincia,"Sassari, la ""fabbrica"" di scienziati e presidenti"
97/98,Nuoro - Sassari 97,Sassari e provincia,La casa delle streghe e le porte dell'Aldilà
97/98,Nuoro - Sassari 97,Sassari e provincia,"Da Villanova a Pozzomaggiore, nuraghi e pascoli"
97/98,Nuoro - Sassari 97,I trasporti,Linee urbane ed extraurbane
97/98,Nuoro - Sassari 97,I trasporti,Ferrovie dello Stato
97/98,Nuoro - Sassari 97,I trasporti,Autolinee
98/99,Cagliari 98,Sommario,Cagliari
98/99,Cagliari 98,Trasporti e parcheggi,Linee urbane
98/99,Cagliari 98,Trasporti e parcheggi,Linee extraurbane
98/99,Cagliari 98,Trasporti e parcheggi,Ferrovie
98/99,Cagliari 98,Trasporti e parcheggi,Aeroporto
98/99,Cagliari 98,Trasporti e parcheggi,Porto
98/99,Cagliari 98,Trasporti e parcheggi,Autolinee
98/99,Cagliari 98,Trasporti e parcheggi,"Parcheggi, ZTL e area pedonale"
98/99,Cagliari 98,"Cagliari, notte e giorno",Appuntamenti
98/99,Cagliari 98,"Cagliari, notte e giorno",Rassegne
98/99,Cagliari 98,"Cagliari, notte e giorno",Cinema
98/99,Cagliari 98,"Cagliari, notte e giorno",Teatri
98/99,Cagliari 98,In provincia,Appuntamenti
98/99,Cagliari 98,In provincia,Mercatini
99/00,Cagliari 1999/2000,Sommario,Cagliari
99/00,Cagliari 1999/2000,Trasporti e parcheggi,Aree di sosta
99/00,Cagliari 1999/2000,Trasporti e parcheggi,ZTL e area pedonale
99/00,Cagliari 1999/2000,Trasporti e parcheggi,Linee urbane ed extraurbane
99/00,Cagliari 1999/2000,Trasporti e parcheggi,Ferrovie
99/00,Cagliari 1999/2000,Trasporti e parcheggi,Aeroporto
99/00,Cagliari 1999/2000,Trasporti e parcheggi,Porto
99/00,Cagliari 1999/2000,Emergenze,Pubblica sicurezza
99/00,Cagliari 1999/2000,Emergenze,Prevenzione
99/00,Cagliari 1999/2000,Emergenze,Guasti
99/00,Cagliari 1999/2000,Emergenze,Emergenza sanitaria
99/00,Cagliari 1999/2000,Emergenze,Aziende Usl
99/00,Cagliari 1999/2000,Emergenze,Farmacie notturne
99/00,Cagliari 1999/2000,Emergenze,Circoscrizioni
99/00,Cagliari 1999/2000,Notte e giorno,Appuntamenti
00/01,Cagliari 2000/2001,Sommario,Cagliari
00/01,Cagliari 2000/2001,Trasporti e parcheggi,Linee urbane ed extraurbane
00/01,Cagliari 2000/2001,Trasporti e parcheggi,Ferrovie
00/01,Cagliari 2000/2001,Trasporti e parcheggi,Aeroporto
00/01,Cagliari 2000/2001,Trasporti e parcheggi,Porto
00/01,Cagliari 2000/2001,Trasporti e parcheggi,Parcheggi
00/01,Cagliari 2000/2001,Trasporti e parcheggi,ZTL e area pedonale
00/01,Cagliari 2000/2001,Emergenze,Pubblica sicurezza
00/01,Cagliari 2000/2001,Emergenze,Guasti
00/01,Cagliari 2000/2001,Emergenze,Prevenzione
00/01,Cagliari 2000/2001,Emergenze,Emergenza sanitaria
00/01,Cagliari 2000/2001,Emergenze,Aziende Usl
00/01,Cagliari 2000/2001,Emergenze,Farmacie notturne
00/01,Cagliari 2000/2001,Emergenze,Circoscrizioni
00/01,Cagliari 2000/2001,Musei e monumenti,I tesori della città
00/01,Cagliari 2000/2001,Notte e giorno,Appuntamenti
00/01,Cagliari 2000/2001,Notte e giorno,Balletto
00/01,Cagliari 2000/2001,Notte e giorno,Musica leggera e jazz
00/01,Cagliari 2000/2001,Notte e giorno,Musica lirica e sinfonica
00/01,Cagliari 2000/2001,Notte e giorno,Saloni
00/01,Cagliari 2000/2001,Notte e giorno,Cinema
00/01,Cagliari 2000/2001,Notte e giorno,Teatri
00/01,Cagliari 2000/2001,Parchi e giardini,Alla ricerca del fenicottero rosa
01/02,Cagliari 2001/2002,Sommario,Cagliari
01/02,Cagliari 2001/2002,Numeri utili,Pubblica sicurezza
01/02,Cagliari 2001/2002,Numeri utili,Guasti
01/02,Cagliari 2001/2002,Numeri utili,Prevenzione
01/02,Cagliari 2001/2002,Numeri utili,Emergenza sanitaria
01/02,Cagliari 2001/2002,Numeri utili,Aziende Usl
01/02,Cagliari 2001/2002,Numeri utili,Farmacie notturne
01/02,Cagliari 2001/2002,Numeri utili,Circoscrizioni
01/02,Cagliari 2001/2002,Trasporti e parcheggi,Parcheggi
01/02,Cagliari 2001/2002,Trasporti e parcheggi,Linee urbane ed extraurbane
01/02,Cagliari 2001/2002,Trasporti e parcheggi,Ferrovie
01/02,Cagliari 2001/2002,Trasporti e parcheggi,Aeroporto
01/02,Cagliari 2001/2002,Trasporti e parcheggi,Porto
02/03,Cagliari 2002/2003,Sommario,Cagliari
02/03,Cagliari 2002/2003,Numeri utili,Pubblica sicurezza
02/03,Cagliari 2002/2003,Numeri utili,Prevenzione
02/03,Cagliari 2002/2003,Numeri utili,Guasti
02/03,Cagliari 2002/2003,Numeri utili,Emergenza sanitaria
02/03,Cagliari 2002/2003,Numeri utili,Ospedali
02/03,Cagliari 2002/2003,Numeri utili,Aziende Usl
02/03,Cagliari 2002/2003,Numeri utili,Circoscrizioni
02/03,Cagliari 2002/2003,Numeri utili,Carte di credito
02/03,Cagliari 2002/2003,Numeri utili,Trasporti
02/03,Cagliari 2002/2003,Parcheggi,Parcheggi
02/03,Cagliari 2002/2003,Trasporti,Linee urbane ed extraurbane
02/03,Cagliari 2002/2003,Trasporti,Ferrovie
02/03,Cagliari 2002/2003,Trasporti,Aeroporto
02/03,Cagliari 2002/2003,Trasporti,Porto
02/03,Cagliari 2002/2003,Notte e giorno,Appuntamenti
02/03,Cagliari 2002/2003,Notte e giorno,Itinerari in provincia
03/04,Cagliari 2003/2004,Sommario,Cagliari
03/04,Cagliari 2003/2004,Numeri utili,Pubblica sicurezza
03/04,Cagliari 2003/2004,Numeri utili,Prevenzione
03/04,Cagliari 2003/2004,Numeri utili,Guasti
03/04,Cagliari 2003/2004,Numeri utili,Emergenza sanitaria
03/04,Cagliari 2003/2004,Numeri utili,Ospedali
03/04,Cagliari 2003/2004,Numeri utili,Aziende Usl
03/04,Cagliari 2003/2004,Numeri utili,Circoscrizioni
03/04,Cagliari 2003/2004,Numeri utili,Carte di credito
03/04,Cagliari 2003/2004,Numeri utili,Trasporti
03/04,Cagliari 2003/2004,Trasporti,Linee urbane ed extraurbane
03/04,Cagliari 2003/2004,Trasporti,Ferrovie
03/04,Cagliari 2003/2004,Trasporti,Aeroporto
03/04,Cagliari 2003/2004,Trasporti,Porto
03/04,Cagliari 2003/2004,Parcheggi,Aree di sosta
03/04,Cagliari 2003/2004,Manifestazioni,Appuntamenti in città
03/04,Cagliari 2003/2004,Manifestazioni,Appuntamenti in provincia
04/05,Cagliari 2004,Sommario,Cagliari
04/05,Cagliari 2004,Numeri utili,Pubblica sicurezza
04/05,Cagliari 2004,Numeri utili,Prevenzione
04/05,Cagliari 2004,Numeri utili,Guasti
04/05,Cagliari 2004,Numeri utili,Emergenza sanitaria
04/05,Cagliari 2004,Numeri utili,Ospedali
04/05,Cagliari 2004,Numeri utili,Aziende Usl
04/05,Cagliari 2004,Numeri utili,Circoscrizioni
04/05,Cagliari 2004,Numeri utili,Carte di credito
04/05,Cagliari 2004,Numeri utili,Trasporti
04/05,Cagliari 2004,Trasporti,Linee urbane ed extraurbane
04/05,Cagliari 2004,Trasporti,Ferrovie dello Stato
04/05,Cagliari 2004,Trasporti,Aeroporto
04/05,Cagliari 2004,Trasporti,Porto
04/05,Cagliari 2004,Parcheggi,Parcheggi
04/05,Cagliari 2004,Manifestazioni,Appuntamenti in città
04/05,Cagliari 2004,Manifestazioni,Saloni
04/05,Cagliari 2004,Manifestazioni,In provincia
05/06,Cagliari 2005,Sommario,Cagliari
05/06,Cagliari 2005,Numeri utili,Pubblica sicurezza
05/06,Cagliari 2005,Numeri utili,Prevenzione
05/06,Cagliari 2005,Numeri utili,Guasti
05/06,Cagliari 2005,Numeri utili,Emergenza sanitaria
05/06,Cagliari 2005,Numeri utili,Ospedali
05/06,Cagliari 2005,Numeri utili,Aziende Asl
05/06,Cagliari 2005,Numeri utili,Circoscrizioni
05/06,Cagliari 2005,Numeri utili,Carte di credito
05/06,Cagliari 2005,Numeri utili,Trasporti
05/06,Cagliari 2005,Trasporti,Linee urbane ed extraurbane
05/06,Cagliari 2005,Trasporti,Ferrovie dello Stato
05/06,Cagliari 2005,Trasporti,Aeroporto
05/06,Cagliari 2005,Trasporti,Porto
05/06,Cagliari 2005,Parcheggi,Aree di sosta
06/07,Cagliari 2006,Sommario,Cagliari
06/07,Cagliari 2006,Numeri utili,Pubblica sicurezza
06/07,Cagliari 2006,Numeri utili,Prevenzione
06/07,Cagliari 2006,Numeri utili,Guasti
06/07,Cagliari 2006,Numeri utili,Emergenza sanitaria
06/07,Cagliari 2006,Numeri utili,Ospedali
06/07,Cagliari 2006,Numeri utili,Aziende Usl
06/07,Cagliari 2006,Numeri utili,Farmacie notturne
06/07,Cagliari 2006,Numeri utili,Circoscrizioni
06/07,Cagliari 2006,Numeri utili,Carte di credito
06/07,Cagliari 2006,Numeri utili,Trasporti
06/07,Cagliari 2006,Trasporti,Linee urbane ed extraurbane
06/07,Cagliari 2006,Trasporti,Ferrovie
06/07,Cagliari 2006,Trasporti,Aeroporto
06/07,Cagliari 2006,Trasporti,Porto
06/07,Cagliari 2006,Parcheggi,Aree di sosta a pagamento
07/08,Cagliari 2007,Sommario,Cagliari
07/08,Cagliari 2007,Numeri utili,Pubblica sicurezza
07/08,Cagliari 2007,Numeri utili,Prevenzione
07/08,Cagliari 2007,Numeri utili,Guasti
07/08,Cagliari 2007,Numeri utili,Emergenza sanitaria
07/08,Cagliari 2007,Numeri utili,Ospedali
07/08,Cagliari 2007,Numeri utili,Aziende Usl
07/08,Cagliari 2007,Numeri utili,Farmacie notturne
07/08,Cagliari 2007,Numeri utili,Circoscrizioni
07/08,Cagliari 2007,Numeri utili,Carte di credito
07/08,Cagliari 2007,Numeri utili,Trasporti
07/08,Cagliari 2007,Trasporti,Linee urbane ed extraurbane
07/08,Cagliari 2007,Trasporti,Ferrovie
07/08,Cagliari 2007,Trasporti,Aeroporto
07/08,Cagliari 2007,Trasporti,Porto
07/08,Cagliari 2007,Parcheggi,Aree di sosta
08/09,Cagliari 2008/2009,Numeri utili,Pubblica sicurezza
08/09,Cagliari 2008/2009,Numeri utili,Prevenzione
08/09,Cagliari 2008/2009,Numeri utili,Guasti
08/09,Cagliari 2008/2009,Numeri utili,Emergenza sanitaria
08/09,Cagliari 2008/2009,Numeri utili,Ospedali
08/09,Cagliari 2008/2009,Numeri utili,Azienda ASL
08/09,Cagliari 2008/2009,Numeri utili,Farmacie notturne
08/09,Cagliari 2008/2009,Numeri utili,Circoscrizioni
08/09,Cagliari 2008/2009,Numeri utili,Carte di credito
08/09,Cagliari 2008/2009,Numeri utili,Trasporti
08/09,Cagliari 2008/2009,Sommario,Cagliari
09/10,Cagliari - Carbonia Iglesias - Medio Campidano 2009/2010,Sommario,Cagliari
09/10,Cagliari - Carbonia Iglesias - Medio Campidano 2009/2010,Weekend fuori città,"Cucina ""terragna"" in riva al mare"
10/11,Cagliari - Carbonia Iglesias - Medio Campidano 2010/2011,Sommario,Cagliari
10/11,Cagliari - Carbonia Iglesias - Medio Campidano 2010/2011,Numeri utili,Pubblica sicurezza
10/11,Cagliari - Carbonia Iglesias - Medio Campidano 2010/2011,Numeri utili,Prevenzione
10/11,Cagliari - Carbonia Iglesias - Medio Campidano 2010/2011,Numeri utili,Guasti
10/11,Cagliari - Carbonia Iglesias - Medio Campidano 2010/2011,Numeri utili,Soccorso stradale
10/11,Cagliari - Carbonia Iglesias - Medio Campidano 2010/2011,Numeri utili,Emergenza sanitaria
10/11,Cagliari - Carbonia Iglesias - Medio Campidano 2010/2011,Numeri utili,Ospedali
10/11,Cagliari - Carbonia Iglesias - Medio Campidano 2010/2011,Numeri utili,Azienda ASL
10/11,Cagliari - Carbonia Iglesias - Medio Campidano 2010/2011,Numeri utili,Municipalità
10/11,Cagliari - Carbonia Iglesias - Medio Campidano 2010/2011,Numeri utili,Carte di credito
10/11,Cagliari - Carbonia Iglesias - Medio Campidano 2010/2011,Numeri utili,Sercizi per automobilisti
10/11,Cagliari - Carbonia Iglesias - Medio Campidano 2010/2011,Numeri utili,Rimozione auto
10/11,Cagliari - Carbonia Iglesias - Medio Campidano 2010/2011,Numeri utili,Motorizzazione
10/11,Cagliari - Carbonia Iglesias - Medio Campidano 2010/2011,Trasporti,Linee urbane
11/12,Cagliari - Carbonia Iglesias - Medio Campidano 2011/2012,Sommario,Cagliari
12/13,Cagliari - Carbonia Iglesias - Medio Campidano 2012/2013,Sommario,Cagliari
12/13,Cagliari - Carbonia Iglesias - Medio Campidano 2012/2013,Itinerario natura,"A piedi o in bici, nel parco a due passi da casa"
13/14,Cagliari - Carbonia Iglesias - Medio Campidano 2013/2014,Sommario,Cagliari
13/14,Cagliari - Carbonia Iglesias - Medio Campidano 2013/2014,La mappa della memoria,"A piedi o in bici, tra le reti di navigazione on line tracce millenarie nel tessuto urbano di Cagliari"
13/14,Cagliari - Carbonia Iglesias - Medio Campidano 2013/2014,La mappa della memoria,Bike sharing
13/14,Cagliari - Carbonia Iglesias - Medio Campidano 2013/2014,La mappa della memoria,Luoghi di interesse
13/14,Cagliari - Carbonia Iglesias - Medio Campidano 2013/2014,La mappa della memoria,Wi-Fi
13/14,Cagliari - Carbonia Iglesias - Medio Campidano 2013/2014,Numeri utili di Cagliari,Pubblica sicurezza
13/14,Cagliari - Carbonia Iglesias - Medio Campidano 2013/2014,Numeri utili di Cagliari,Prefettura
13/14,Cagliari - Carbonia Iglesias - Medio Campidano 2013/2014,Numeri utili di Cagliari,Questura
13/14,Cagliari - Carbonia Iglesias - Medio Campidano 2013/2014,Numeri utili di Cagliari,Guasti
13/14,Cagliari - Carbonia Iglesias - Medio Campidano 2013/2014,Numeri utili di Cagliari,Prevenzione
13/14,Cagliari - Carbonia Iglesias - Medio Campidano 2013/2014,Numeri utili di Cagliari,ASL
13/14,Cagliari - Carbonia Iglesias - Medio Campidano 2013/2014,Numeri utili di Cagliari,Ospedali
13/14,Cagliari - Carbonia Iglesias - Medio Campidano 2013/2014,Numeri utili di Cagliari,Guardia medica
13/14,Cagliari - Carbonia Iglesias - Medio Campidano 2013/2014,Numeri utili di Cagliari,Comune
13/14,Cagliari - Carbonia Iglesias - Medio Campidano 2013/2014,Itinerario urbano,Storie e architetture del carbone
13/14,Cagliari - Carbonia Iglesias - Medio Campidano 2013/2014,Itinerario urbano,Luoghi di interesse
13/14,Cagliari - Carbonia Iglesias - Medio Campidano 2013/2014,Numeri utili di Carbonia Iglesias,Pubblica sicurezza
13/14,Cagliari - Carbonia Iglesias - Medio Campidano 2013/2014,Numeri utili di Carbonia Iglesias,Prefettura
13/14,Cagliari - Carbonia Iglesias - Medio Campidano 2013/2014,Numeri utili di Carbonia Iglesias,Questura
13/14,Cagliari - Carbonia Iglesias - Medio Campidano 2013/2014,Numeri utili di Carbonia Iglesias,Prevenzione
13/14,Cagliari - Carbonia Iglesias - Medio Campidano 2013/2014,Numeri utili di Carbonia Iglesias,Guasti
13/14,Cagliari - Carbonia Iglesias - Medio Campidano 2013/2014,Numeri utili di Carbonia Iglesias,ASL
13/14,Cagliari - Carbonia Iglesias - Medio Campidano 2013/2014,Numeri utili di Carbonia Iglesias,Ospedali
13/14,Cagliari - Carbonia Iglesias - Medio Campidano 2013/2014,Numeri utili di Carbonia Iglesias,Guardia medica
13/14,Cagliari - Carbonia Iglesias - Medio Campidano 2013/2014,Numeri utili di Carbonia Iglesias,Comune di Carbonia
13/14,Cagliari - Carbonia Iglesias - Medio Campidano 2013/2014,Numeri utili di Carbonia Iglesias,Comune di Iglesias
13/14,Cagliari - Carbonia Iglesias - Medio Campidano 2013/2014,Numeri utili di Carbonia Iglesias,Provincia
13/14,Cagliari - Carbonia Iglesias - Medio Campidano 2013/2014,Numeri utili di Carbonia Iglesias,Regione
13/14,Cagliari - Carbonia Iglesias - Medio Campidano 2013/2014,Numeri utili di Carbonia Iglesias,Motorizzazione
13/14,Cagliari - Carbonia Iglesias - Medio Campidano 2013/2014,Numeri utili di Carbonia Iglesias,Soccorso stradale
13/14,Cagliari - Carbonia Iglesias - Medio Campidano 2013/2014,Numeri utili del Medio Campidano,Pubblica sicurezza
13/14,Cagliari - Carbonia Iglesias - Medio Campidano 2013/2014,Numeri utili del Medio Campidano,Prefettura
13/14,Cagliari - Carbonia Iglesias - Medio Campidano 2013/2014,Numeri utili del Medio Campidano,Questura
13/14,Cagliari - Carbonia Iglesias - Medio Campidano 2013/2014,Numeri utili del Medio Campidano,Guasti
13/14,Cagliari - Carbonia Iglesias - Medio Campidano 2013/2014,Numeri utili del Medio Campidano,ASL
13/14,Cagliari - Carbonia Iglesias - Medio Campidano 2013/2014,Numeri utili del Medio Campidano,Ospedali
13/14,Cagliari - Carbonia Iglesias - Medio Campidano 2013/2014,Numeri utili del Medio Campidano,Guardia medica
13/14,Cagliari - Carbonia Iglesias - Medio Campidano 2013/2014,Numeri utili del Medio Campidano,Comune di Sanluri
13/14,Cagliari - Carbonia Iglesias - Medio Campidano 2013/2014,Numeri utili del Medio Campidano,Comune di Villacidro
13/14,Cagliari - Carbonia Iglesias - Medio Campidano 2013/2014,Numeri utili del Medio Campidano,Provincia
13/14,Cagliari - Carbonia Iglesias - Medio Campidano 2013/2014,Numeri utili del Medio Campidano,Regione
13/14,Cagliari - Carbonia Iglesias - Medio Campidano 2013/2014,Numeri utili del Medio Campidano,Motorizzazione
13/14,Cagliari - Carbonia Iglesias - Medio Campidano 2013/2014,Numeri utili del Medio Campidano,Soccorso stradale
13/14,Cagliari - Carbonia Iglesias - Medio Campidano 2013/2014,Numeri utili del Medio Campidano,Prevenzione
14/15,Cagliari - Carbonia Iglesias - Medio Campidano 2014/2015,Sommario,Cagliari
14/15,Cagliari - Carbonia Iglesias - Medio Campidano 2014/2015,La città che cambia,Cagliari investe sul proprio futuro con centosessanta interventi in vista del 2019
14/15,Cagliari - Carbonia Iglesias - Medio Campidano 2014/2015,La città che cambia,Bike sharing
14/15,Cagliari - Carbonia Iglesias - Medio Campidano 2014/2015,La città che cambia,Wi-Fi
14/15,Cagliari - Carbonia Iglesias - Medio Campidano 2014/2015,La città che cambia,"Carbonia, Villacidro e Sanluri puntano su ambiente, giovani e nuove tecnologie"
